date,category,amount,notes
2023-04-25,Educaton,3888.0,Movie tickets
08/05/2022,rent,649.0,asdfgh
31-12-23,Freelance,13239.0,Books
,Fod,6299.0,Electricity bill
04/11/2024,Foods,4168.0,test
08/16/2022,education,828.0,Uber ride
13-03-24,Utilties,5070.0,Grocery shopping
11/10/2023,Others,59543.0,Gym membership
2021-04-18,Utility,4262.0,Uber ride
02/24/2022,Rentt,23760.0,Electricity bill
08/28/2023,Food,898.0,Restaurant dinner
17-07-24,rent,9567.0,ATM withdrawal
2021-02-27,Others,49683.0,xyz123
21-09-2024,FOOD,222.0,misc
25-02-23,Travel,2553.0,Doctor consultation
2021-02-14,food,7406.0,xyz123
,health,4846.0,Books
2023-02-04,Foods,2206.0,xyz123
2024-04-20,Entertainment,7038.0,Gym membership
2024-12-16,education,8119.0,Books
28-12-21,education,4189.0,Uber ride
2022-10-10,Investment,19947.0,Coffee
2021-05-22,FOOD,,Shopping
05-05-21,Travel,2407.0,Internet bill
09/08/2024,Food,3085.0,Electricity bill
2023-02-22,HEALTH,5252.0,Online course
12/15/2022,rent,,Train ticket
22-09-2021,RENT,7619.0,Movie tickets
23-02-21,Helth,8497.0,Gym membership
04/15/2021,Travel,8241.0,Movie tickets
05/25/2022,Foods,235.0,ATM withdrawal
2023-08-09,HEALTH,2134.0,Books
06/19/2021,Education,2228.0,Movie tickets
2024-01-11,RENT,,ATM withdrawal
26-02-2022,entertainment,371.0,Uber ride
07/10/2021,Food,225.0,!!!
04/15/2023,Rent,23776.0,Doctor consultation
04/10/2021,Utlities,601.0,Medicine
09/05/2024,Others,3219.0,Internet bill
,Rnt,8182.0,test
04/21/2024,savings,8111.0,Grocery shopping
04/18/2022,Utilties,5554.0,EMI payment
2024-08-15,Salary,41573.0,Coffee
12-01-2024,EDU,3110.0,Doctor consultation
25-07-24,Foodd,4277.0,Train ticket
17-01-24,Foods,3047.0,Grocery shopping
04/16/2022,Travel,9888.0,Shopping
07/03/2024,Rentt,7217.0,Internet bill
2021-10-05,Education,9725.0,Restaurant dinner
2023-05-27,entertainment,9648.0,!!!
2023-10-22,Traval,1643.0,Petrol
12/23/2021,Education,,test
2022-12-10,Freelance,70075.0,Gym membership
2021-10-31,Foods,864.0,Shopping
04/10/2024,Educaton,1206.0,Shopping
2023-07-06,Education,8204.0,!!!
06/23/2024,EDU,5756.0,xyz123
12/20/2021,food,5576.0,Medicine
2021-11-05,health,9771.0,Petrol
2022-01-25,Rentt,20509.0,Train ticket
2024-09-13,Bonus,62193.0,Electricity bill
2023-08-22,Utility,3367.0,Monthly rent payment
2024-05-13,health,2721.0,EMI payment
02/13/2023,rent,2962.0,Books
2024-09-16,Utilities,3520.0,test
04/07/2024,Travel,5524.0,Fixed deposit
2021-12-18,Traval,999999.0,Lunch
11/14/2024,Entertainment,1800.0,Internet bill
08/07/2023,Investment,32146.0,ATM withdrawal
2021-07-11,Rnt,2966.0,EMI payment
12/29/2024,travel,9705.0,misc
2022-08-14,Food,2637.0,Fixed deposit
,Foods,425.0,Petrol
2024-01-21,Bonus,34145.0,!!!
06/15/2022,Saving,5195.0,Grocery shopping
2024-10-05,Entrtnmnt,3143.0,Books
08/06/2023,travel,2135.0,Medicine
25-12-24,Foodd,2163.0,Doctor consultation
2024-11-22,HEALTH,3929.0,Shopping
05-10-2024,Freelance,23852.0,Coffee
2024-05-31,Bonus,49639.0,Online course
19-08-2024,education,3150.0,Coffee
2022-06-07,Helth,9408.0,Electricity bill
06/25/2022,Entertain,4114.0,Fixed deposit
2023-03-29,TRAVEL,9681.0,Online course
29-03-22,travel,3011.0,Grocery shopping
05/05/2023,Bonus,32789.0,Lunch
2023-02-10,Utility,6704.0,Doctor consultation
2022-08-27,Travel,4427.0,Gym membership
27-11-21,entertainment,3121.0,Grocery shopping
05/19/2024,FOOD,3802.0,Petrol
03/06/2021,Education,544.0,Lunch
28-01-23,Travel,8305.0,test
03-10-21,Traval,,misc
08/24/2021,RENT,3569.0,Online course
2024-11-05,Rnt,2979.0,Medicine
2024-09-11,Travel,1863.0,Lunch
06/24/2022,Rent,34984.0,Petrol
05/12/2024,Investment,44031.0,Online course
12/11/2021,Salary,24920.0,Online course
25-05-22,health,4201.0,Online course
2022-02-17,Rentt,47473.0,Online course
12/06/2021,Investment,75822.0,Medicine
10/26/2021,food,677.0,Medicine
08/26/2024,Rent,43252.0,test
2021-04-24,Food,2615.0,ATM withdrawal
06-04-24,Foods,2855.0,misc
28-11-21,Bonus,57358.0,!!!
13-07-24,RENT,4583.0,Lunch
10/18/2021,Misc,4952.0,ATM withdrawal
03-11-24,others,3941.0,Lunch
19-06-21,Entertain,1998.0,Internet bill
03/17/2021,food,8124.0,Coffee
01-12-21,Travel,1326.0,asdfgh
09/26/2024,savings,4328.0,Medicine
04-04-2023,Foodd,276.0,Restaurant dinner
2022-04-02,Utlities,4215.0,ATM withdrawal
11/04/2023,Utlities,6316.0,ATM withdrawal
2024-03-10,Rentt,21376.0,test
2021-01-09,Utility,7391.0,Uber ride
05/31/2023,Travel,2990.0,Train ticket
2022-12-24,Utility,2230.0,ATM withdrawal
2021-09-17,Fod,6197.0,xyz123
06-05-2021,food,6502.0,Shopping
05-05-24,Food,,xyz123
12/30/2022,RENT,1518.0,Electricity bill
06-03-2021,Traval,2985.0,Restaurant dinner
27-12-2024,utilities,6671.0,Doctor consultation
2023-07-04,Traval,1409.0,xyz123
07/20/2024,EDU,2497.0,!!!
03/24/2021,Utility,6324.0,Gym membership
02/08/2023,Utlities,7080.0,test
2022-01-14,Utility,7821.0,test
2021-08-14,rent,988.0,Restaurant dinner
12/15/2022,Freelance,23504.0,Electricity bill
10/12/2021,food,2683.0,xyz123
11/30/2023,food,5022.0,Internet bill
2021-04-01,FOOD,7849.0,Petrol
2024-06-10,Bonus,33565.0,Gym membership
11/04/2024,Salary,66678.0,EMI payment
03-05-2024,education,6304.0,Fixed deposit
2023-02-05,Entertainment,7713.0,Monthly rent payment
20-03-24,Helth,2603.0,Monthly rent payment
12/22/2023,Foods,314.0,Train ticket
2024-10-30,Education,9806.0,Petrol
03/15/2021,travel,9891.0,Grocery shopping
08/09/2024,Health,6869.0,asdfgh
04-01-21,Foods,3765.0,Fixed deposit
2023-08-06,Freelance,,Electricity bill
25-07-21,Entertainment,4638.0,!!!
09/23/2021,Freelance,11650.0,!!!
22-02-24,Utilties,5790.0,misc
31-01-22,Investment,31183.0,Shopping
2023-04-13,Food,775.0,Monthly rent payment
11/03/2021,entertainment,8230.0,EMI payment
12/14/2024,Rnt,5582.0,Monthly rent payment
02/05/2024,Investment,73830.0,xyz123
02/21/2021,Rent,23340.0,Doctor consultation
2022-07-19,Rentt,40813.0,Books
2024-12-31,Utlities,3414.0,test
31-03-22,Food,2033.0,EMI payment
11/30/2023,Bonus,44932.0,Lunch
14-08-22,FOOD,999999.0,xyz123
2024-05-03,Education,2274.0,Grocery shopping
2024-12-30,travel,8592.0,Lunch
2023-05-01,rent,6779.0,Monthly rent payment
01-12-22,Investment,29235.0,xyz123
04/02/2023,Health,2143.0,asdfgh
2022-05-17,Foods,4945.0,test
16-10-21,Entertainment,8152.0,Uber ride
12/07/2022,Other,7300.0,!!!
04-06-24,Foods,4603.0,EMI payment
2022-10-13,Entrtnmnt,4719.0,Coffee
12-05-22,Rent,27792.0,Doctor consultation
06-10-2022,TRAVEL,6691.0,Doctor consultation
2022-04-05,RENT,5935.0,Coffee
02/26/2024,TRAVEL,9750.0,ATM withdrawal
2021-10-19,RENT,6484.0,Fixed deposit
18-02-2024,entertainment,2398.0,Medicine
25-08-2021,Food,498.0,Coffee
2022-09-05,Rent,35588.0,Grocery shopping
2021-11-02,Others,13131.0,Fixed deposit
06/08/2024,Health,6321.0,ATM withdrawal
08/30/2023,Rent,28207.0,Fixed deposit
24-06-2023,TRAVEL,,Train ticket
08-06-23,Rentt,10749.0,Uber ride
2023-05-21,Foodd,2232.0,Books
03/30/2022,SAVINGS,8161.0,Restaurant dinner
02-12-2022,Freelance,14180.0,Online course
11-08-2024,utilities,8479.0,Monthly rent payment
2023-11-05,food,5292.0,Gym membership
10/20/2022,TRAVEL,3942.0,!!!
2022-07-22,entertainment,,Doctor consultation
09/01/2023,entertainment,8943.0,Monthly rent payment
22-11-2022,utilities,3159.0,ATM withdrawal
04-06-23,rent,4331.0,Train ticket
2021-08-03,Investment,74243.0,Shopping
2023-10-17,FOOD,8640.0,Coffee
2021-06-25,food,9784.0,Uber ride
26-12-2021,Rentt,45093.0,Electricity bill
04/21/2021,FOOD,2130.0,Restaurant dinner
2023-02-21,Food,4816.0,Lunch
10/05/2023,food,2247.0,Uber ride
2021-03-13,Freelance,46587.0,asdfgh
,Entertainment,6699.0,Internet bill
,Travel,3345.0,xyz123
2022-06-13,Others,6610.0,Restaurant dinner
2024-12-20,travel,4692.0,Fixed deposit
02-03-21,Educaton,5305.0,Restaurant dinner
2021-03-29,Entertain,7845.0,asdfgh
18-05-22,Entertainment,7183.0,Shopping
2024-07-15,HEALTH,5749.0,Internet bill
26-10-2021,Entrtnmnt,5542.0,Petrol
14-09-22,travel,3429.0,Lunch
2021-06-23,Entertain,237.0,Petrol
18-08-22,SAVINGS,8231.0,Lunch
11-05-22,Utlities,9859.0,EMI payment
2022-01-26,Travel,5756.0,ATM withdrawal
16-03-23,Others,41720.0,Doctor consultation
10/07/2024,rent,7335.0,!!!
2024-10-04,RENT,287.0,Restaurant dinner
12/30/2021,Others,57828.0,Shopping
2021-10-28,Education,9601.0,Uber ride
12/08/2021,Entertainment,2186.0,Online course
14-06-21,Entrtnmnt,8093.0,asdfgh
05/03/2023,Travel,2272.0,Gym membership
02/05/2024,Foodd,4549.0,ATM withdrawal
2021-11-26,Rent,21603.0,Petrol
27-12-21,Educaton,7941.0,test
27-06-21,Travl,7135.0,ATM withdrawal
09/09/2023,savings,8634.0,Gym membership
2024-05-21,Entertain,1006.0,Medicine
16-04-2022,Saving,,Train ticket
2022-07-16,TRAVEL,6799.0,Restaurant dinner
2021-09-23,Health,,Movie tickets
2022-03-21,rent,1564.0,Doctor consultation
01/12/2021,Food,4005.0,Monthly rent payment
,Foods,651.0,Coffee
2023-04-28,Travel,4601.0,Medicine
2021-09-10,Rent,46896.0,Lunch
2022-03-21,Salary,78532.0,misc
01/16/2023,Bonus,178518.0,Shopping
2021-01-12,Fod,8687.0,Coffee
2022-12-07,Freelance,57170.0,Movie tickets
2021-08-07,FOOD,7235.0,test
04-07-22,TRAVEL,9675.0,Restaurant dinner
04/21/2022,Food,4895.0,Fixed deposit
2024-01-31,Bonus,21355.0,EMI payment
11-03-24,Others,13183.0,Books
2022-07-12,Traval,9364.0,EMI payment
2021-05-18,FOOD,5042.0,EMI payment
10/07/2023,Rnt,2824.0,Doctor consultation
2023-10-18,HEALTH,9979.0,Internet bill
2024-09-20,Health,8548.0,ATM withdrawal
03/03/2023,Food,700.0,Gym membership
2023-05-15,RENT,5988.0,Movie tickets
2024-08-23,Utlities,6348.0,!!!
2021-05-15,Rnt,5549.0,Fixed deposit
2022-07-15,Rent,44898.0,Coffee
16-07-2023,RENT,3221.0,ATM withdrawal
2021-05-06,food,1810.0,Internet bill
12/07/2024,RENT,9944.0,misc
12-08-21,travel,1037.0,Electricity bill
13-12-23,TRAVEL,2963.0,xyz123
06/15/2021,Utilities,999.0,Fixed deposit
08-11-22,Investment,43737.0,Internet bill
2021-01-30,Rent,45894.0,Petrol
2024-05-29,Travl,7040.0,Uber ride
08/22/2022,entertainment,5011.0,Uber ride
13-07-23,Travl,2082.0,Grocery shopping
2022-08-02,Utilities,6260.0,Electricity bill
09/02/2023,rent,747.0,!!!
31-03-21,travel,3645.0,Internet bill
2023-03-17,Helth,5958.0,misc
12/08/2022,Investment,49098.0,xyz123
19-06-22,Traval,3833.0,EMI payment
2024-06-02,Education,2715.0,asdfgh
2023-04-22,utilities,9245.0,Train ticket
2024-12-07,Rentt,12316.0,Medicine
20-03-24,entertainment,2561.0,misc
2024-04-11,Entertainment,6832.0,Fixed deposit
2021-04-23,Rnt,9714.0,Gym membership
2024-10-20,Bonus,73654.0,asdfgh
12/20/2023,rent,5622.0,ATM withdrawal
29-08-24,Helth,,Fixed deposit
31-07-2022,Traval,7748.0,xyz123
05/13/2022,Foodd,301.0,Grocery shopping
10/05/2024,FOOD,3830.0,Gym membership
18-10-21,Travel,2985.0,Gym membership
01/27/2021,Others,79870.0,Movie tickets
02/12/2023,Foodd,4426.0,Fixed deposit
07/26/2024,Entertainment,3640.0,EMI payment
,travel,1583.0,Train ticket
2023-10-09,Utility,9476.0,Movie tickets
08/01/2023,Travel,7174.0,Uber ride
,Utilities,7296.0,Petrol
24-03-23,health,1606.0,Fixed deposit
2022-08-03,Food,3280.0,xyz123
2022-10-06,Investment,,asdfgh
23-11-22,EDU,886.0,Train ticket
2022-11-20,Rentt,7109.0,asdfgh
12/08/2022,entertainment,4201.0,Electricity bill
23-02-2024,Fod,655.0,ATM withdrawal
10/16/2022,Investment,44066.0,Grocery shopping
2024-12-12,Others,224611.0,Movie tickets
01-02-2024,Bonus,174110.0,Gym membership
2024-09-21,food,2044.0,Online course
2021-07-25,Rent,,EMI payment
2021-05-19,Traval,1115.0,Internet bill
2021-10-09,Foodd,2017.0,Medicine
05/28/2021,education,2053.0,Gym membership
15-01-22,Entrtnmnt,9635.0,Gym membership
13-04-2022,Salary,56581.0,test
2023-07-17,Utility,392.0,Uber ride
,Savings,6027.0,Monthly rent payment
12/10/2024,Rent,26916.0,Petrol
09/27/2022,Foods,994.0,test
02/02/2022,Salary,63125.0,misc
11/11/2022,Foods,175.0,xyz123
2022-08-10,Freelance,24394.0,Monthly rent payment
14-10-2021,Investment,67910.0,Gym membership
20-07-24,EDU,9531.0,Gym membership
2022-11-05,Utilties,7838.0,Electricity bill
09/26/2021,Fod,2511.0,Online course
2023-09-11,Saving,7734.0,Internet bill
16-06-24,RENT,1461.0,Coffee
10/12/2024,EDU,2398.0,Grocery shopping
03/21/2024,Freelance,33170.0,Restaurant dinner
2023-09-24,TRAVEL,7858.0,Grocery shopping
2024-10-30,food,3913.0,Shopping
2022-12-09,Travel,5279.0,Lunch
02/08/2021,Savings,4694.0,Monthly rent payment
20-08-24,Food,2060.0,Fixed deposit
2024-12-01,food,7717.0,ATM withdrawal
02/12/2023,Others,42921.0,misc
23-12-2022,Foodd,3021.0,xyz123
2024-08-03,Fod,1574.0,ATM withdrawal
2024-01-10,TRAVEL,552.0,Medicine
03/02/2024,Utilties,1686.0,asdfgh
2021-05-22,Investment,30473.0,Shopping
,Rentt,46991.0,Lunch
11/25/2023,Travl,5535.0,Train ticket
06/02/2022,Rentt,33228.0,Electricity bill
29-03-21,Rent,999999.0,misc
11-12-23,Freelance,44802.0,Uber ride
01/03/2023,rent,9188.0,Medicine
08-09-21,Educaton,8716.0,Books
23-03-21,Education,9273.0,!!!
2023-06-28,Rent,39845.0,Restaurant dinner
25-02-21,Salary,18231.0,Train ticket
06/05/2022,FOOD,9636.0,Grocery shopping
03/30/2024,education,7121.0,Fixed deposit
09/23/2023,health,5447.0,Shopping
2024-10-26,OTHERS,2163.0,Uber ride
09/05/2022,food,6402.0,Monthly rent payment
2022-02-13,Rentt,19467.0,Gym membership
05/16/2024,Travl,7761.0,Coffee
03/02/2024,Utilties,8138.0,Fixed deposit
2022-11-17,Savings,3084.0,Train ticket
23-07-21,education,887.0,Fixed deposit
2023-12-21,FOOD,7874.0,EMI payment
01/23/2024,Utilties,7174.0,Medicine
2022-09-20,Traval,5391.0,test
07/12/2023,Utilties,4771.0,Medicine
09/28/2023,FOOD,5045.0,Gym membership
2021-01-11,Rent,29287.0,Internet bill
06/23/2022,Travel,9991.0,Grocery shopping
2023-11-09,Educaton,3891.0,misc
02/28/2024,Rentt,37865.0,test
2023-07-30,Rent,,EMI payment
05/29/2022,others,4955.0,Movie tickets
02/15/2022,Traval,3607.0,Medicine
16-05-24,Health,1150.0,Online course
04/28/2024,Foodd,1453.0,Train ticket
24-02-21,Salary,69923.0,!!!
08-10-22,food,9369.0,Grocery shopping
2022-05-31,Foodd,2186.0,Train ticket
06/11/2021,Investment,27454.0,EMI payment
01/30/2023,Investment,10347.0,Monthly rent payment
2023-08-28,Salary,,Shopping
08/31/2022,TRAVEL,388.0,Shopping
2023-10-30,Foods,,Coffee
09-05-2022,FOOD,3756.0,Grocery shopping
08/19/2024,Bonus,36129.0,Books
08-01-21,Travl,384.0,Coffee
07/14/2022,Entertainment,3700.0,Doctor consultation
26-04-2022,Foodd,3901.0,Monthly rent payment
12/23/2023,RENT,3507.0,xyz123
27-06-2024,Entrtnmnt,,asdfgh
06/09/2022,Salary,63348.0,Petrol
12/12/2024,Investment,45361.0,Electricity bill
08/20/2021,food,236.0,Online course
14-12-23,RENT,6168.0,Lunch
2021-03-26,rent,6798.0,Shopping
2021-04-06,Foodd,4051.0,Grocery shopping
30-09-24,Saving,7998.0,EMI payment
10-09-23,Foods,1255.0,Movie tickets
08/09/2021,Travl,,xyz123
,HEALTH,6113.0,Shopping
04-01-2021,Foods,2799.0,Shopping
2022-01-21,Foods,1099.0,Books
2022-11-13,Educaton,5642.0,Gym membership
12-08-23,Traval,9222.0,xyz123
2021-05-26,Entertainment,4241.0,Grocery shopping
17-12-2023,FOOD,1180.0,Medicine
,Foods,1889.0,EMI payment
2023-05-10,Rentt,6358.0,Uber ride
15-08-22,rent,5345.0,EMI payment
04/30/2021,Travl,702.0,Petrol
20-12-2023,entertainment,7292.0,Movie tickets
2022-10-11,Utility,941.0,Fixed deposit
2024-11-17,food,6574.0,Petrol
2024-11-26,TRAVEL,409.0,ATM withdrawal
2022-03-07,Others,,Gym membership
14-10-21,Travl,0.0,Restaurant dinner
2023-12-14,Foods,3903.0,Grocery shopping
05/24/2021,Traval,9694.0,misc
09/05/2022,Utilties,1980.0,Lunch
09-04-21,utilities,7818.0,Internet bill
2022-01-25,Rentt,20509.0,Train ticket
04/03/2022,SAVINGS,6682.0,Movie tickets
08/23/2021,TRAVEL,8859.0,Internet bill
11-06-2023,Freelance,35719.0,Fixed deposit
09/23/2023,Food,2318.0,Gym membership
2023-03-15,Utlities,8158.0,ATM withdrawal
08/16/2021,Foodd,1702.0,Medicine
2023-06-28,rent,6760.0,Uber ride
21-04-2023,Educaton,8201.0,Shopping
2021-03-04,Entertainment,3219.0,Monthly rent payment
,FOOD,4327.0,Fixed deposit
30-05-22,Travel,2954.0,misc
2021-08-28,HEALTH,1008.0,Medicine
2023-02-15,SAVINGS,8382.0,Internet bill
2023-09-23,Traval,1372.0,Train ticket
05/05/2022,Freelance,46281.0,EMI payment
2023-05-10,Helth,984.0,Online course
11-07-23,TRAVEL,1259.0,Monthly rent payment
,Fod,2072.0,Movie tickets
09/24/2024,Bonus,46784.0,Shopping
2024-01-23,Entertain,7393.0,Online course
13-09-23,Salary,56971.0,Coffee
09/09/2023,Educaton,9349.0,Coffee
2023-08-02,travel,1868.0,Grocery shopping
2024-01-06,RENT,2774.0,Internet bill
01/02/2024,Traval,2481.0,xyz123
2021-01-11,Utility,8855.0,asdfgh
11-10-2022,Education,3954.0,xyz123
05-11-21,Food,4941.0,Medicine
04/21/2024,Foods,2043.0,Gym membership
06/26/2024,RENT,6574.0,Coffee
28-07-2022,Foodd,2392.0,Gym membership
2024-12-23,health,6626.0,Monthly rent payment
2024-07-22,Foods,3054.0,test
2022-07-30,Freelance,37631.0,Fixed deposit
21-12-23,Rentt,38973.0,Fixed deposit
2023-04-11,Foodd,3980.0,Petrol
24-05-21,Educaton,8729.0,Train ticket
30-10-2022,Entrtnmnt,7773.0,Petrol
17-12-2023,Foods,2611.0,Gym membership
11/02/2022,Rent,34418.0,Books
24-08-21,Other,4883.0,Shopping
2021-03-17,Saving,8006.0,xyz123
06/10/2022,RENT,6829.0,misc
2021-06-03,utilities,4713.0,Doctor consultation
2024-12-20,Salary,14297.0,Electricity bill
2021-12-13,Foodd,2087.0,!!!
30-04-23,Others,11168.0,Shopping
2023-04-06,food,5997.0,!!!
2023-10-07,Entertainment,,Lunch
16-12-23,Entertainment,8195.0,misc
2023-04-19,Foods,4677.0,EMI payment
15-07-2022,Bonus,59853.0,Electricity bill
2023-04-15,Rent,48330.0,xyz123
11/28/2023,Rnt,,Online course
2023-06-06,Helth,8757.0,asdfgh
2022-07-01,Traval,5855.0,Doctor consultation
10-02-2024,Saving,3444.0,Monthly rent payment
,Entertain,7010.0,test
12/19/2022,Rent,14582.0,Internet bill
,Bonus,14412.0,Lunch
2023-04-15,Salary,18733.0,!!!
2023-11-21,Educaton,6062.0,!!!
2023-08-04,food,9155.0,EMI payment
13-09-23,Salary,56971.0,Coffee
2023-02-18,Entertainment,7288.0,Medicine
07/14/2024,Education,4942.0,Monthly rent payment
2022-03-03,Foodd,1443.0,Shopping
14-09-21,Salary,66905.0,test
10/11/2023,Foods,1731.0,asdfgh
24-07-2024,Entertainment,4462.0,Medicine
20-02-21,health,4343.0,Train ticket
2021-11-04,Food,842.0,Monthly rent payment
22-07-23,Food,1969.0,Gym membership
05-05-24,Food,2811.0,Online course
21-10-24,Rnt,1223.0,Gym membership
2023-01-25,Rentt,9301.0,Coffee
02/28/2023,Others,19382.0,Doctor consultation
2024-01-12,Food,2984.0,Restaurant dinner
2023-01-28,Fod,9399.0,ATM withdrawal
05/23/2021,Rentt,-1000.0,asdfgh
2022-05-07,Fod,845.0,Gym membership
07/10/2022,Utilities,8421.0,Uber ride
2023-04-13,travel,5205.0,Shopping
02/18/2022,Utilities,4206.0,xyz123
,FOOD,5937.0,Lunch
2024-01-21,Travel,744.0,xyz123
05-06-22,Foodd,,Monthly rent payment
24-12-23,Educaton,4103.0,Movie tickets
01/06/2021,Entertain,3389.0,Electricity bill
10/17/2023,SAVINGS,847.0,ATM withdrawal
11-11-2021,Rentt,49400.0,ATM withdrawal
07/18/2023,TRAVEL,5271.0,xyz123
2022-04-05,Travel,4005.0,Fixed deposit
10-08-24,Educaton,9352.0,Doctor consultation
07/19/2023,Salary,12429.0,Online course
2021-02-08,Rentt,,Doctor consultation
05/24/2021,entertainment,2583.0,Doctor consultation
2021-11-21,Entertainment,6829.0,Coffee
11-06-21,travel,9647.0,Gym membership
06/30/2021,Fod,-1000.0,Restaurant dinner
04/24/2022,Travl,7482.0,Internet bill
06/30/2022,Utlities,9698.0,Doctor consultation
02/12/2022,Savings,8773.0,EMI payment
2023-06-20,Utility,4119.0,Online course
27-09-22,Others,50800.0,Monthly rent payment
16-09-23,Rnt,1790.0,Shopping
19-09-2022,food,788.0,Online course
04/15/2024,rent,5717.0,Movie tickets
07/02/2021,Bonus,222939.0,Gym membership
2021-04-22,Travl,3869.0,Coffee
2024-02-12,Salary,76239.0,Internet bill
2021-02-08,FOOD,5375.0,Movie tickets
01-12-21,Traval,4953.0,ATM withdrawal
27-03-21,Fod,619.0,Lunch
2023-06-23,Travl,845.0,Restaurant dinner
2024-01-12,Salary,37665.0,Lunch
30-10-2022,HEALTH,740.0,Shopping
27-03-2024,Foods,2158.0,test
2024-07-08,Foodd,3765.0,Internet bill
2022-12-27,Rnt,4039.0,EMI payment
10-07-23,Utilities,4218.0,xyz123
2022-08-28,rent,1009.0,asdfgh
2022-04-16,Foodd,2220.0,Train ticket
07/02/2023,Food,1969.0,Movie tickets
2022-07-29,Freelance,50581.0,Internet bill
2022-11-19,Salary,65464.0,Uber ride
10-03-22,Food,3207.0,Grocery shopping
2022-05-01,education,8479.0,Uber ride
13-04-24,Food,861.0,Shopping
08/01/2024,Others,34452.0,Internet bill
2023-07-24,Rnt,9804.0,Medicine
2024-01-08,FOOD,6666.0,misc
05/29/2023,utilities,8355.0,asdfgh
02/24/2021,Travel,9644.0,Gym membership
04/02/2022,rent,1690.0,Online course
2023-05-20,Utility,9727.0,Restaurant dinner
15-03-23,Food,4753.0,Monthly rent payment
03-07-2021,Foods,2628.0,Grocery shopping
2023-01-15,education,6020.0,Online course
2023-12-14,Utility,3123.0,Monthly rent payment
,Bonus,16944.0,test
11-12-22,Rentt,25106.0,misc
2023-08-10,Entertainment,1317.0,Medicine
2023-02-16,Foodd,4235.0,test
2024-03-01,education,2966.0,Lunch
03-07-2022,Education,2265.0,Petrol
03/07/2021,Utlities,1346.0,Petrol
2022-01-20,Rent,-500.0,Gym membership
05/16/2023,TRAVEL,702.0,Petrol
2024-03-02,Entertain,1505.0,Uber ride
06/27/2024,RENT,4697.0,Movie tickets
08/16/2023,Rentt,10239.0,test
09-07-21,Entertainment,999999.0,xyz123
2021-09-22,entertainment,7245.0,ATM withdrawal
2024-12-10,Travl,4258.0,Books
21-04-2023,Entrtnmnt,4253.0,Books
2022-01-06,FOOD,6666.0,test
2021-11-11,Travel,4882.0,asdfgh
12-03-23,Foods,4597.0,Restaurant dinner
12-11-23,Freelance,65471.0,Books
2024-04-20,Bonus,28581.0,Online course
2021-10-28,RENT,,ATM withdrawal
2024-12-02,Utilties,7287.0,EMI payment
05/13/2023,FOOD,6868.0,Medicine
11/04/2021,Fod,-1000.0,Medicine
2022-02-22,Travl,7173.0,Shopping
2021-02-23,RENT,2693.0,Shopping
28-09-22,Health,7900.0,Petrol
2021-12-20,Others,749253.0,Electricity bill
08/19/2021,Educaton,5531.0,asdfgh
30-11-22,TRAVEL,5094.0,Grocery shopping
25-01-24,Rentt,36568.0,misc
13-11-24,Travl,5316.0,Restaurant dinner
02-05-21,Food,3429.0,Uber ride
07-06-21,Rentt,41358.0,EMI payment
14-02-24,Entertain,6805.0,Grocery shopping
28-03-21,Rnt,2358.0,!!!
2021-12-01,entertainment,196.0,Coffee
09-11-2021,Entrtnmnt,6159.0,asdfgh
2024-09-17,Health,6954.0,Restaurant dinner
03/21/2022,Bonus,56318.0,Lunch
29-04-24,Education,8050.0,Monthly rent payment
22-11-2022,utilities,3159.0,ATM withdrawal
09-03-2021,Foodd,2524.0,Electricity bill
10/18/2022,travel,6244.0,Lunch
20-05-2023,Misc,3685.0,Petrol
11/09/2024,travel,577.0,Coffee
2021-04-04,Utilties,8458.0,Doctor consultation
2023-05-28,travel,4457.0,test
2023-04-22,Rent,8682.0,Electricity bill
18-09-24,Foodd,1015.0,Online course
2024-12-12,FOOD,859.0,!!!
2024-07-15,Freelance,25294.0,Coffee
02/12/2023,Rnt,6743.0,Doctor consultation
09/03/2023,Foodd,4741.0,Fixed deposit
2023-10-14,FOOD,6098.0,Online course
2021-09-06,Entrtnmnt,7894.0,xyz123
31-05-21,others,4833.0,Electricity bill
03/12/2022,Savings,7676.0,Gym membership
2021-03-18,HEALTH,7316.0,Gym membership
07/27/2024,FOOD,4959.0,Gym membership
03-02-22,Utilities,4716.0,Monthly rent payment
13-03-21,Travl,-500.0,misc
08-05-22,health,7861.0,Electricity bill
2024-11-01,Education,9950.0,EMI payment
07/28/2024,Helth,6813.0,Monthly rent payment
02/05/2024,TRAVEL,8656.0,Fixed deposit
09/12/2023,Entrtnmnt,2491.0,Doctor consultation
2024-09-10,TRAVEL,9698.0,Grocery shopping
2024-01-01,Rentt,12083.0,Restaurant dinner
2023-10-17,travel,4367.0,Internet bill
2024-07-24,Rent,23072.0,!!!
12/06/2024,food,1213.0,Gym membership
29-09-22,Travel,2790.0,test
2021-09-09,Rentt,14145.0,Train ticket
2023-05-15,Traval,4022.0,Shopping
02/20/2023,Bonus,11930.0,Train ticket
08/17/2023,Utilties,1718.0,Online course
11-09-2024,Freelance,73576.0,Gym membership
14-04-24,Rnt,9445.0,test
2023-01-31,Bonus,35129.0,Fixed deposit
2024-05-27,Entertain,9544.0,Lunch
2024-11-14,food,6601.0,Online course
12-02-2024,Foodd,4585.0,Gym membership
,rent,6200.0,Internet bill
03/03/2022,Education,2838.0,Internet bill
2024-04-19,food,9907.0,Train ticket
09/07/2024,rent,4862.0,asdfgh
04-02-23,Foodd,4833.0,Shopping
04/06/2022,Utlities,5528.0,EMI payment
04/19/2022,Entrtnmnt,6629.0,Shopping
2021-08-11,Travel,4914.0,Books
02/01/2021,Rnt,5143.0,Coffee
2021-08-07,Utlities,6284.0,Electricity bill
05/11/2023,Fod,3142.0,Gym membership
2024-01-03,travel,5749.0,Internet bill
,Rnt,8958.0,xyz123
2022-05-11,FOOD,2470.0,EMI payment
05-02-22,Utlities,3559.0,!!!
06-10-2024,Salary,57937.0,Monthly rent payment
11/19/2024,Investment,45500.0,Doctor consultation
2023-03-17,Educaton,4017.0,Doctor consultation
,Freelance,53895.0,Gym membership
10/03/2021,entertainment,2362.0,Restaurant dinner
29-06-2024,EDU,5859.0,Grocery shopping
2021-08-13,Misc,6041.0,!!!
2024-03-12,Foodd,2732.0,Petrol
06/19/2022,Rent,29728.0,Books
05/05/2021,Investment,19404.0,!!!
11/07/2023,Rent,15273.0,Medicine
06/21/2024,Rent,13391.0,Fixed deposit
2021-11-04,Traval,1536.0,Gym membership
12/20/2023,education,6413.0,Internet bill
07/30/2021,Foodd,4046.0,xyz123
01-12-21,utilities,799.0,!!!
11/22/2021,Travl,676.0,test
06-09-2022,Bonus,55142.0,Medicine
20-09-2021,Foods,678.0,Lunch
2023-02-03,Travel,7054.0,asdfgh
2023-07-14,rent,9116.0,Lunch
04-06-23,TRAVEL,5930.0,!!!
02/23/2021,Food,3283.0,ATM withdrawal
,Education,8621.0,Monthly rent payment
,Utility,7224.0,Lunch
15-07-2022,Bonus,59853.0,Electricity bill
31-05-24,Entrtnmnt,9782.0,Movie tickets
28-09-22,RENT,5889.0,test
2022-02-09,Entertainment,4213.0,Online course
12-04-2024,entertainment,474.0,Doctor consultation
10/18/2024,food,2484.0,Coffee
11/23/2024,Rent,10276.0,Electricity bill
2024-01-04,Education,1355.0,Doctor consultation
08/25/2022,FOOD,8939.0,Movie tickets
01/03/2022,Entrtnmnt,7781.0,misc
06/25/2022,education,8199.0,Online course
20-04-24,health,3990.0,Shopping
2022-01-31,Fod,3937.0,Movie tickets
07/16/2024,Entertainment,4172.0,Restaurant dinner
09/02/2021,Food,2978.0,Movie tickets
02/13/2021,Travel,5634.0,Coffee
02/24/2021,food,5735.0,Electricity bill
2021-06-21,Travel,7219.0,Doctor consultation
2023-07-19,Bonus,42662.0,ATM withdrawal
15-06-23,entertainment,5427.0,xyz123
2021-03-01,Food,2560.0,Books
10/22/2024,Utilties,4593.0,Movie tickets
29-07-24,Rent,48145.0,Grocery shopping
27-10-2022,Others,62697.0,!!!
12/14/2021,Rnt,9614.0,misc
06/08/2024,Others,248568.0,Medicine
07-12-24,savings,5059.0,misc
2024-09-16,travel,2345.0,Monthly rent payment
2021-03-26,Entrtnmnt,8677.0,Train ticket
23-04-22,Foods,2160.0,Gym membership
06/27/2024,Bonus,22339.0,!!!
28-08-22,food,9979.0,Electricity bill
2024-10-01,Utlities,6700.0,Doctor consultation
2023-06-15,rent,1852.0,Lunch
12-06-21,Saving,5377.0,Grocery shopping
07/17/2024,Utilties,9741.0,Gym membership
,Travl,1681.0,xyz123
2022-09-17,Food,4041.0,Coffee
01/22/2023,Food,1023.0,misc
,Health,9944.0,Medicine
20-07-24,Entertain,9816.0,Fixed deposit
10/31/2024,Others,8979.0,EMI payment
29-03-21,travel,6579.0,Monthly rent payment
14-12-2022,Fod,-500.0,xyz123
10/27/2021,Health,2407.0,Shopping
06/18/2024,Freelance,71587.0,xyz123
2023-02-06,Bonus,59790.0,Shopping
12/01/2022,Bonus,18816.0,Movie tickets
26-07-24,Foodd,2548.0,Monthly rent payment
02/09/2023,Freelance,63775.0,Internet bill
2023-08-21,HEALTH,325.0,Monthly rent payment
10-05-2024,Others,17694.0,Grocery shopping
15-03-2023,Investment,67233.0,Fixed deposit
14-05-21,Food,922.0,Internet bill
,TRAVEL,3178.0,ATM withdrawal
03/11/2022,RENT,2112.0,Train ticket
12/29/2022,utilities,4635.0,misc
12-11-23,Bonus,76998.0,Lunch
04-09-24,rent,,Petrol
08/01/2024,Foods,4394.0,xyz123
17-01-23,food,3663.0,Fixed deposit
2021-09-06,Others,63251.0,Internet bill
12/24/2023,Helth,179.0,asdfgh
01/17/2022,Fod,3471.0,Internet bill
07-02-21,Bonus,44914.0,EMI payment
09/27/2021,Utilities,9021.0,Internet bill
04-10-22,Foods,4300.0,Petrol
12/21/2023,Traval,2386.0,Books
2024-12-09,Entrtnmnt,6921.0,!!!
2021-11-21,Rentt,17265.0,Lunch
2023-07-29,FOOD,8512.0,asdfgh
17-05-2024,EDU,0.0,Internet bill
09-06-2023,Travel,1416.0,Fixed deposit
10/18/2024,Rent,32952.0,Gym membership
22-08-2024,rent,8736.0,Online course
02-03-2023,Food,235.0,!!!
16-10-24,EDU,3588.0,Petrol
01/31/2021,FOOD,4113.0,Shopping
2022-07-27,Travel,1050.0,Doctor consultation
04/29/2021,Bonus,38205.0,Books
12/21/2023,Entertain,9194.0,Movie tickets
2024-07-31,Health,8483.0,Shopping
2021-07-12,Utilities,2766.0,Electricity bill
08/23/2024,Rnt,9917.0,Online course
,Bonus,56084.0,!!!
12-04-2024,Utilities,5476.0,Restaurant dinner
10-01-21,education,9290.0,Petrol
16-12-21,SAVINGS,578.0,Restaurant dinner
2021-07-31,Travel,6780.0,Movie tickets
2024-09-23,Education,8108.0,Books
2022-05-05,health,5533.0,Gym membership
2024-05-11,Rentt,5276.0,Monthly rent payment
2022-12-13,Rent,39024.0,ATM withdrawal
2023-02-05,Travel,8285.0,Restaurant dinner
03/05/2021,rent,8250.0,Online course
2021-09-06,Others,63251.0,Internet bill
27-04-22,Foodd,3579.0,Electricity bill
2024-07-01,Food,1972.0,Internet bill
2022-12-09,Education,,Internet bill
06/13/2022,Foods,232.0,asdfgh
12-06-23,entertainment,1313.0,Coffee
09-01-22,RENT,387.0,Medicine
07/16/2022,Health,2407.0,Movie tickets
01/24/2023,travel,3999.0,EMI payment
2024-08-22,Freelance,60670.0,Gym membership
2021-08-13,Utilities,2585.0,Restaurant dinner
2023-05-14,education,4227.0,EMI payment
,Rentt,12417.0,misc
2023-12-17,Investment,40858.0,Medicine
04/29/2024,Fod,7932.0,!!!
2021-09-01,Others,25243.0,Shopping
2021-01-29,Fod,479.0,Online course
12/22/2022,others,5063.0,Train ticket
11/02/2024,Other,9734.0,Train ticket
10-05-21,Investment,157969.0,Movie tickets
2024-12-09,Educaton,8335.0,Internet bill
26-07-23,food,7477.0,Grocery shopping
07/06/2021,Bonus,77877.0,!!!
23-03-22,Foodd,230.0,Train ticket
22-02-23,Utilties,4165.0,Coffee
02/22/2023,Food,4469.0,!!!
15-12-21,Salary,33995.0,!!!
2022-11-29,EDU,2816.0,!!!
2021-05-12,Foodd,3502.0,Restaurant dinner
09/14/2022,Food,222.0,Online course
,Saving,6214.0,Uber ride
2022-08-02,rent,8810.0,Electricity bill
22-01-24,Freelance,511549.0,asdfgh
2023-05-28,Fod,6167.0,Uber ride
2022-05-20,Others,74525.0,Movie tickets
08-02-23,utilities,7362.0,misc
14-08-23,Traval,2207.0,Medicine
,savings,5743.0,Movie tickets
2022-08-15,education,2979.0,Train ticket
08/27/2023,entertainment,7995.0,Grocery shopping
02/26/2022,food,7805.0,Monthly rent payment
18-10-24,Saving,999999999.0,Petrol
12/15/2024,rent,3902.0,Restaurant dinner
2022-07-01,Savings,2059.0,Online course
2021-01-19,Food,1768.0,Shopping
06/29/2022,Travel,7470.0,Lunch
05/03/2024,Foodd,2721.0,Online course
01-11-22,RENT,7200.0,Internet bill
2022-06-24,Freelance,45702.0,test
2023-04-25,Rnt,6023.0,Restaurant dinner
10/03/2021,Fod,5085.0,asdfgh
01-05-24,entertainment,2306.0,Uber ride
01/05/2021,Others,18229.0,Movie tickets
03/19/2021,Travel,5034.0,misc
2021-04-19,Rnt,9386.0,Restaurant dinner
2023-08-06,Salary,36713.0,Restaurant dinner
2024-03-13,Traval,9189.0,Gym membership
01-03-2021,Foods,4129.0,Internet bill
27-04-2021,Entertainment,4200.0,Internet bill
04-11-24,Entertain,5519.0,Internet bill
,rent,5990.0,misc
08/02/2021,Rent,32169.0,!!!
27-03-22,Bonus,33482.0,Grocery shopping
02-10-21,Misc,4290.0,Restaurant dinner
06/02/2024,food,938.0,Online course
24-08-21,Rnt,436.0,Electricity bill
08-12-2024,Investment,55932.0,!!!
02/26/2023,TRAVEL,1363.0,Shopping
01/09/2021,Travel,5615.0,Grocery shopping
2022-08-17,Foods,1588.0,Lunch
02/22/2022,Rent,30779.0,Lunch
2021-04-18,Entertainment,8886.0,Gym membership
2022-12-03,Utlities,4890.0,!!!
01/04/2023,Entertain,-500.0,Train ticket
06-05-2022,food,6532.0,Restaurant dinner
2021-04-15,Others,26564.0,Books
2022-03-11,FOOD,7260.0,Fixed deposit
05/17/2024,travel,1167.0,Movie tickets
,Fod,9365.0,Online course
23-10-2022,Freelance,51393.0,Shopping
2024-07-11,TRAVEL,2608.0,!!!
2021-11-13,Rent,23592.0,Train ticket
2021-04-13,Entertain,4097.0,Monthly rent payment
22-07-24,Travel,2206.0,Lunch
05-05-2023,Fod,6064.0,Electricity bill
2024-11-23,Utility,1954.0,Gym membership
19-08-24,Educaton,7621.0,test
09/15/2024,Fod,1156.0,Online course
06/13/2022,TRAVEL,8204.0,Grocery shopping
05/16/2023,Rentt,27034.0,Books
2022-05-06,Salary,17856.0,asdfgh
2023-04-07,Traval,8630.0,Lunch
2022-04-14,Others,46791.0,Train ticket
13-11-23,Others,31321.0,Lunch
25-05-21,EDU,5734.0,asdfgh
04-03-24,Entrtnmnt,2795.0,Grocery shopping
29-04-23,Salary,45040.0,Shopping
03/24/2023,Education,2596.0,Gym membership
12/28/2023,rent,552.0,Monthly rent payment
29-04-2023,FOOD,7344.0,Fixed deposit
2022-11-19,rent,8629.0,asdfgh
18-07-23,Rent,11474.0,Books
11/08/2023,Travl,4398.0,Books
2024-09-01,Travl,3064.0,Medicine
07-03-24,Rent,7733.0,!!!
04/30/2022,RENT,3243.0,Movie tickets
09/15/2022,TRAVEL,5177.0,Movie tickets
2023-08-22,TRAVEL,1661.0,Shopping
2024-07-31,Traval,1701.0,Internet bill
2024-04-21,Rnt,8034.0,Shopping
04-07-22,Foodd,2342.0,Coffee
2023-01-30,Rentt,12318.0,xyz123
10/13/2023,entertainment,6373.0,misc
16-05-24,Foodd,3651.0,Train ticket
2023-12-13,Savings,3478.0,Gym membership
06/06/2022,entertainment,8980.0,Medicine
12/27/2023,RENT,6403.0,Doctor consultation
06/15/2024,RENT,2577.0,!!!
12/25/2021,Educaton,1256.0,Online course
2022-05-29,Fod,1730.0,Uber ride
02/18/2021,food,4813.0,Movie tickets
08/22/2024,health,1339.0,Grocery shopping
2023-05-04,food,4645.0,Internet bill
2024-12-25,Bonus,880897.0,Gym membership
11-08-24,Salary,59168.0,Train ticket
2022-09-24,Utilties,2229.0,!!!
23-04-21,Rent,10372.0,!!!
2021-08-06,Foods,1592.0,EMI payment
24-06-24,Rnt,4507.0,Electricity bill
01/29/2021,Salary,44992.0,Shopping
06/11/2022,Investment,55153.0,Medicine
16-02-23,Rent,13817.0,Electricity bill
07-03-2023,TRAVEL,4848.0,EMI payment
06/15/2021,food,5865.0,Petrol
10/23/2024,RENT,1365.0,Grocery shopping
20-05-24,savings,6151.0,Movie tickets
2024-01-05,Bonus,69872.0,Restaurant dinner
24-06-22,Investment,34091.0,Shopping
2022-03-20,entertainment,-500.0,Restaurant dinner
,Foods,4105.0,Restaurant dinner
2021-04-21,RENT,5990.0,Doctor consultation
2021-06-11,RENT,,Uber ride
08/21/2024,Rent,11745.0,Train ticket
01/21/2023,Entertainment,999999.0,Uber ride
09-01-21,Foods,4333.0,Monthly rent payment
13-07-24,Health,2130.0,Uber ride
2021-02-06,Food,2220.0,!!!
2024-11-25,Foodd,2792.0,Electricity bill
26-04-2022,Foodd,3515.0,Monthly rent payment
11-12-24,Entertain,1266.0,misc
18-08-2021,Utilities,203.0,Fixed deposit
2023-06-27,Salary,35465.0,misc
2023-01-05,HEALTH,2115.0,Internet bill
2022-08-21,travel,3503.0,ATM withdrawal
02/06/2024,RENT,4484.0,!!!
20-04-2022,Salary,54591.0,asdfgh
28-07-2024,Utilities,8299.0,Train ticket
2024-09-29,FOOD,2093.0,Books
03-03-24,Utility,1727.0,xyz123
06/15/2024,Rent,38838.0,Fixed deposit
2023-02-28,travel,5136.0,Coffee
01-08-2024,Investment,61592.0,Movie tickets
,Travel,5373.0,Monthly rent payment
12-04-22,Rnt,9627.0,Uber ride
2021-10-09,Food,4406.0,Train ticket
11-09-24,Foods,2678.0,Lunch
04/22/2024,HEALTH,7137.0,Electricity bill
2022-01-08,Utlities,4785.0,Coffee
,Rent,39190.0,Fixed deposit
05/19/2023,Bonus,45865.0,Books
05/19/2021,travel,583.0,Shopping
2021-12-01,Other,9387.0,Monthly rent payment
02-04-2022,Educaton,5124.0,Lunch
2023-06-04,Foods,324.0,Train ticket
2023-08-16,Entrtnmnt,1629.0,Monthly rent payment
2021-08-01,Utilties,2708.0,ATM withdrawal
05-12-2024,RENT,2092.0,Monthly rent payment
06/06/2023,utilities,1763.0,test
25-06-23,Utlities,5668.0,Petrol
09-04-2024,Salary,34107.0,Doctor consultation
25-01-23,Travl,8540.0,Grocery shopping
12/09/2023,Health,1756.0,Coffee
05-05-2021,Helth,7103.0,!!!
10/02/2022,Foodd,4956.0,Coffee
27-02-2024,Bonus,24567.0,misc
02/08/2021,Rent,6184.0,misc
06-07-23,Misc,3226.0,EMI payment
02-03-2022,Rent,25651.0,misc
2023-10-22,utilities,3499.0,ATM withdrawal
17-01-24,education,9354.0,Movie tickets
06-10-2022,TRAVEL,6691.0,Doctor consultation
2021-12-16,Rnt,6643.0,Petrol
08/03/2021,Rent,39484.0,Lunch
04/11/2022,education,5595.0,Grocery shopping
25-04-2023,rent,1568.0,Online course
2023-07-07,rent,1433.0,!!!
12/20/2024,RENT,5106.0,Grocery shopping
2021-02-07,Fod,7894.0,Medicine
2023-07-29,Travl,6880.0,Grocery shopping
2023-02-10,Rent,18358.0,Shopping
2023-03-06,Investment,10557.0,Train ticket
13-07-2021,Saving,5892.0,Gym membership
2021-02-21,Rnt,8105.0,Online course
01/01/2024,Helth,6347.0,Online course
2023-11-02,Food,3391.0,asdfgh
2021-03-16,Travel,8951.0,ATM withdrawal
08-03-2021,Food,1218.0,Restaurant dinner
2022-10-15,Food,3959.0,Internet bill
03-11-23,Entrtnmnt,5009.0,Fixed deposit
07/16/2021,Utility,5841.0,Fixed deposit
25-09-2023,Rentt,17432.0,Uber ride
20-10-2024,Utlities,390.0,Books
02/07/2023,savings,3413.0,Online course
2021-01-10,Rnt,7583.0,asdfgh
2023-06-12,RENT,6958.0,Shopping
2022-04-21,Bonus,14080.0,Online course
2021-01-02,Rentt,8065.0,Monthly rent payment
26-03-2022,Travel,301.0,Monthly rent payment
09/03/2021,entertainment,7231.0,asdfgh
30-09-2021,Utlities,7080.0,test
2024-04-23,Food,2704.0,EMI payment
2023-11-20,Food,4307.0,xyz123
23-02-24,Others,55060.0,Books
2022-09-10,Rentt,49391.0,ATM withdrawal
,Educaton,9005.0,EMI payment
05-11-21,FOOD,2898.0,Petrol
2023-12-02,Food,3476.0,ATM withdrawal
2021-11-01,FOOD,1391.0,Medicine
28-05-2022,Fod,7331.0,!!!
08/19/2023,FOOD,6022.0,Gym membership
09/14/2024,health,1210.0,EMI payment
07-11-24,Fod,6207.0,Coffee
10/25/2021,FOOD,,EMI payment
23-12-23,Bonus,78671.0,Electricity bill
2024-12-09,Other,4512.0,Grocery shopping
24-06-2024,Fod,8786.0,Coffee
11/07/2024,Others,15169.0,EMI payment
2021-07-07,Travl,7234.0,Internet bill
12/27/2021,Foods,-500.0,Uber ride
11/06/2022,Utility,733.0,Coffee
,FOOD,6312.0,xyz123
2021-03-26,rent,6798.0,Shopping
2024-07-30,Entertain,1503.0,Internet bill
03/06/2022,rent,9706.0,Coffee
03/13/2024,Foods,1145.0,Electricity bill
04-10-24,Salary,70904.0,Coffee
12/08/2024,Utility,4999.0,Restaurant dinner
21-03-22,Traval,2027.0,Petrol
19-11-2021,Entertain,9073.0,Fixed deposit
2023-01-14,Health,2280.0,Petrol
06-11-2022,FOOD,6428.0,Coffee
03/12/2021,Foodd,3053.0,!!!
2021-12-01,Travel,3009.0,ATM withdrawal
12/13/2021,TRAVEL,8766.0,Uber ride
12/15/2021,Entertainment,4021.0,Train ticket
2021-07-18,Others,6889.0,asdfgh
09/04/2023,rent,999999999.0,Lunch
30-05-23,Educaton,2381.0,Books
01-10-23,Fod,4542.0,Doctor consultation
09/30/2024,Educaton,9525.0,xyz123
01-12-2022,Utilities,9964.0,xyz123
06/03/2023,Rentt,35345.0,Train ticket
07/16/2024,TRAVEL,8913.0,Lunch
2023-10-21,Food,3975.0,xyz123
17-01-23,Education,549.0,Movie tickets
2023-10-08,HEALTH,8719.0,EMI payment
2023-04-19,Rnt,4572.0,Gym membership
2021-06-13,Utilties,716.0,Shopping
2021-02-09,EDU,9132.0,Electricity bill
2021-08-14,education,2461.0,Electricity bill
26-07-21,Foodd,3758.0,Online course
12/29/2022,Foodd,3680.0,Internet bill
07/21/2023,Traval,9309.0,Online course
2024-01-20,Foodd,2206.0,Online course
24-07-2024,Rent,36084.0,Movie tickets
2022-10-21,Entrtnmnt,794.0,Online course
2022-08-01,Investment,60328.0,EMI payment
04/30/2023,food,4009.0,Restaurant dinner
03/27/2021,Rentt,12491.0,!!!
2023-10-25,Other,6136.0,Monthly rent payment
06/07/2022,Misc,993.0,Petrol
04-09-21,Entrtnmnt,9768.0,xyz123
11/28/2023,Entertain,7942.0,Movie tickets
24-12-2022,FOOD,8573.0,Online course
2022-07-30,Rent,31361.0,xyz123
02/16/2022,others,8697.0,misc
04/16/2022,Investment,70158.0,Internet bill
07/03/2021,RENT,2861.0,Electricity bill
25-04-22,Investment,57735.0,Shopping
2023-08-07,Rnt,1526.0,misc
26-11-22,RENT,5302.0,test
2021-11-28,Entrtnmnt,1514.0,ATM withdrawal
05/03/2021,Utilties,,asdfgh
08/28/2022,FOOD,9691.0,Books
,Travl,3350.0,Lunch
05/26/2024,food,7843.0,Train ticket
2023-06-10,SAVINGS,7288.0,Shopping
01-06-21,Utility,6741.0,Electricity bill
2022-10-23,Travel,8325.0,Internet bill
10/22/2024,Bonus,19211.0,Medicine
2023-04-08,education,4730.0,ATM withdrawal
22-01-22,Entrtnmnt,9197.0,ATM withdrawal
08/11/2022,Bonus,24714.0,Coffee
20-12-22,Travel,3445.0,Petrol
23-08-23,Utilties,6754.0,xyz123
05/12/2024,Savings,8393.0,Books
07/17/2023,entertainment,0.0,Movie tickets
25-10-22,Entertain,4468.0,test
2024-10-03,Rnt,1586.0,Grocery shopping
05-11-24,Fod,3550.0,test
25-03-23,RENT,4237.0,Electricity bill
2022-03-22,Travl,4125.0,EMI payment
02/05/2022,Rnt,2949.0,test
24-06-22,Entrtnmnt,2962.0,Shopping
21-11-2022,Fod,,Shopping
02-04-24,Travl,,Electricity bill
12/28/2021,Investment,57089.0,Monthly rent payment
2024-06-22,TRAVEL,3416.0,Gym membership
19-03-23,Fod,2799.0,Uber ride
17-04-22,Fod,999999.0,EMI payment
2022-12-16,Helth,2891.0,Grocery shopping
2023-12-18,Freelance,53035.0,misc
2021-04-14,travel,1419.0,Grocery shopping
01/10/2024,Foods,2685.0,Grocery shopping
2023-05-05,Food,3573.0,ATM withdrawal
19-04-23,FOOD,1842.0,Shopping
10/25/2022,FOOD,5806.0,asdfgh
,Fod,3470.0,xyz123
2021-05-29,Saving,5319.0,ATM withdrawal
07/23/2024,rent,8077.0,Grocery shopping
03-04-2021,Traval,2005.0,!!!
27-11-24,Fod,3212.0,Online course
22-05-22,Health,5023.0,Grocery shopping
04/29/2024,Travl,8833.0,Doctor consultation
2024-04-01,Entrtnmnt,4327.0,Medicine
2022-05-09,utilities,396.0,Movie tickets
2021-08-09,Rent,24908.0,Grocery shopping
2022-08-13,FOOD,1687.0,Restaurant dinner
2024-12-13,Utilities,2842.0,!!!
11-07-2024,Rnt,1669.0,EMI payment
02/03/2024,Foods,,Online course
11/06/2021,Rnt,3483.0,Books
06/03/2023,Food,4757.0,Fixed deposit
02/16/2024,Foods,2331.0,Online course
2023-12-27,TRAVEL,,Coffee
21-03-2022,FOOD,2193.0,Uber ride
24-11-21,Fod,2640.0,Shopping
2024-04-08,entertainment,7870.0,Monthly rent payment
12-08-24,utilities,5971.0,xyz123
31-08-22,travel,1881.0,Monthly rent payment
2021-03-27,Foods,2214.0,Electricity bill
2024-02-15,TRAVEL,6734.0,Electricity bill
01/22/2021,Rent,,Lunch
2023-05-28,Rentt,43829.0,EMI payment
2022-02-09,food,4749.0,asdfgh
02/12/2022,Savings,8773.0,EMI payment
13-07-2024,Utilties,5559.0,Internet bill
01/10/2021,Foodd,,Restaurant dinner
06-05-21,Helth,1909.0,Doctor consultation
02/01/2022,Others,14332.0,Books
09/21/2022,Helth,2498.0,Restaurant dinner
18-10-21,Others,10591.0,Electricity bill
08-06-22,Traval,8266.0,EMI payment
2024-04-06,Bonus,63801.0,Books
2024-07-30,FOOD,2839.0,Fixed deposit
06/30/2022,Entertain,4888.0,Movie tickets
2023-08-08,rent,2977.0,Monthly rent payment
2024-05-11,travel,1928.0,!!!
06-11-24,Foods,933.0,Petrol
11/27/2024,Traval,5084.0,Petrol
2024-08-22,Travl,1580.0,asdfgh
01-11-2022,Educaton,4587.0,Gym membership
20-06-23,Salary,14430.0,test
18-09-2022,Helth,6967.0,Uber ride
02/08/2022,travel,5837.0,!!!
2021-04-03,FOOD,9447.0,Petrol
02-07-2022,Others,25793.0,Restaurant dinner
2022-01-25,Entrtnmnt,9225.0,Restaurant dinner
15-11-21,Rnt,420.0,Restaurant dinner
28-12-2022,Foodd,4391.0,Train ticket
07/11/2021,Rent,19439.0,EMI payment
2024-05-20,Entertain,2596.0,Shopping
04/30/2021,RENT,462.0,Fixed deposit
07/03/2021,Rentt,26092.0,Monthly rent payment
10-10-23,utilities,8996.0,Books
2023-02-20,Bonus,11567.0,!!!
30-05-2021,Freelance,21664.0,Internet bill
05/28/2024,Rent,45883.0,xyz123
18-04-2021,TRAVEL,6162.0,Grocery shopping
29-10-2022,Rentt,36849.0,Online course
03/21/2024,Utlities,1444.0,xyz123
2023-05-23,Foods,3230.0,Grocery shopping
2024-10-15,Utilities,3377.0,misc
2023-07-07,TRAVEL,9934.0,EMI payment
28-12-2024,Rentt,10976.0,Movie tickets
2022-09-07,food,8282.0,misc
30-07-23,Education,5861.0,Coffee
01/26/2023,Entrtnmnt,7837.0,Fixed deposit
09-12-2024,Bonus,61600.0,asdfgh
06/30/2023,FOOD,8922.0,ATM withdrawal
2022-06-07,Entertainment,1817.0,!!!
2024-03-08,Food,1575.0,Petrol
05/06/2023,Bonus,79594.0,Shopping
2023-02-27,Rnt,6927.0,Internet bill
2022-12-24,Salary,45134.0,Fixed deposit
2023-10-23,Travl,1389.0,Shopping
08/31/2024,Investment,52125.0,Movie tickets
2024-10-15,EDU,9998.0,Doctor consultation
02-12-2021,FOOD,3535.0,Online course
26-09-21,Educaton,5472.0,Petrol
2021-11-07,rent,8489.0,Fixed deposit
20-07-24,Entertain,9816.0,Fixed deposit
08/06/2023,Fod,2092.0,Internet bill
12/02/2024,Traval,990.0,Doctor consultation
02/12/2023,Rentt,43659.0,Lunch
2024-05-04,Rnt,7889.0,ATM withdrawal
11-11-2021,Rent,30032.0,Books
2022-06-28,Investment,66783.0,Monthly rent payment
03/06/2021,Investment,60496.0,Coffee
27-11-24,Saving,2295.0,asdfgh
27-10-23,Bonus,31943.0,Online course
17-04-23,Utilties,2754.0,Train ticket
04/25/2022,Entrtnmnt,5534.0,Doctor consultation
2021-12-20,Rnt,2366.0,Lunch
09/08/2021,Foodd,,Grocery shopping
06/27/2022,HEALTH,6869.0,Books
2024-06-21,Rentt,18922.0,Books
2021-08-09,Helth,9173.0,EMI payment
03/30/2023,Traval,8982.0,Online course
12-06-2022,Others,30853.0,Grocery shopping
29-08-24,Entertain,,ATM withdrawal
09/25/2021,Entertain,999999.0,test
12/23/2021,entertainment,3141.0,Petrol
2021-02-16,rent,6658.0,Shopping
12/26/2024,entertainment,623.0,Gym membership
2024-03-24,RENT,,Train ticket
2022-06-15,Bonus,40888.0,misc
11-11-2024,utilities,7746.0,Train ticket
10/05/2024,Utility,5135.0,Grocery shopping
14-05-24,Utility,8718.0,Lunch
2021-10-08,Rentt,14576.0,Uber ride
08/18/2021,Utilities,4609.0,Uber ride
17-12-21,Utility,6452.0,Internet bill
12/23/2024,Salary,53920.0,!!!
12-06-24,Freelance,76580.0,Gym membership
13-03-21,Health,1804.0,Uber ride
2024-12-11,rent,386.0,Coffee
10-12-22,education,9231.0,Monthly rent payment
03/17/2024,Travel,1743.0,misc
2021-09-07,Foodd,3025.0,Movie tickets
17-07-2024,Food,472.0,EMI payment
2023-03-08,Fod,8987.0,Electricity bill
06-08-21,Others,61795.0,Coffee
03/20/2024,Rent,38750.0,Lunch
2021-08-01,Rent,38906.0,Restaurant dinner
2022-07-19,food,766.0,Medicine
04-09-2024,Utilities,1906.0,Petrol
05-07-2021,TRAVEL,3472.0,asdfgh
29-07-23,Rnt,145.0,Restaurant dinner
2024-01-03,Utlities,3397.0,Electricity bill
2023-04-10,Foodd,1392.0,Train ticket
05/27/2024,Investment,79367.0,Doctor consultation
2023-06-18,Salary,45035.0,Train ticket
01-03-2023,Entertainment,2390.0,Movie tickets
10-10-2024,Foodd,4752.0,Uber ride
25-04-2024,food,6913.0,Gym membership
2024-10-04,Entertainment,9345.0,Train ticket
02/09/2023,Fod,1207.0,Internet bill
03/04/2024,Other,5126.0,Books
16-11-2022,Food,139.0,Books
11/11/2023,Traval,2810.0,Train ticket
12/25/2021,OTHERS,1799.0,Movie tickets
09/07/2021,Rnt,560.0,Internet bill
06-10-22,Food,2688.0,ATM withdrawal
10/04/2023,Education,3670.0,ATM withdrawal
08/09/2024,Fod,9095.0,asdfgh
2022-04-09,travel,0.0,xyz123
03-01-21,Utlities,8780.0,!!!
25-01-23,RENT,-1000.0,!!!
,Others,68308.0,Shopping
05-01-24,food,-1000.0,Medicine
09-12-21,Helth,9857.0,Movie tickets
06/20/2022,Others,73053.0,xyz123
25-02-2021,EDU,5098.0,Petrol
2021-10-23,HEALTH,2945.0,Fixed deposit
31-12-2022,Freelance,66153.0,!!!
2021-06-29,rent,4016.0,test
25-08-2023,RENT,,Grocery shopping
10-02-2023,Entertainment,6474.0,Books
06/02/2022,savings,5081.0,Grocery shopping
2024-02-10,Bonus,75823.0,Gym membership
2023-09-05,Utlities,7529.0,asdfgh
2024-08-10,Educaton,2771.0,Internet bill
20-05-2023,Travel,9686.0,Restaurant dinner
05/09/2022,rent,3584.0,Restaurant dinner
16-07-21,rent,9042.0,Medicine
28-04-23,Investment,49059.0,Electricity bill
10/23/2023,education,8630.0,Books
06/15/2022,Rnt,6926.0,Coffee
04/04/2024,Rent,18668.0,xyz123
,Educaton,386.0,Online course
2024-01-04,HEALTH,4591.0,Coffee
08-03-24,Rnt,279.0,Monthly rent payment
12/21/2023,Travl,7616.0,Doctor consultation
16-07-2022,Rentt,11372.0,Monthly rent payment
23-07-2022,others,3540.0,Coffee
09-12-23,others,8221.0,ATM withdrawal
06/12/2022,entertainment,8571.0,Medicine
2023-07-03,Utility,2306.0,EMI payment
01/16/2021,Foods,1107.0,!!!
08/27/2024,Travel,9775.0,Gym membership
11/26/2021,Fod,3900.0,Books
2022-09-20,Saving,6906.0,Monthly rent payment
2021-06-20,Foods,340.0,Monthly rent payment
07/04/2023,Entrtnmnt,6224.0,Online course
2023-04-20,EDU,4242.0,Gym membership
2022-09-11,Educaton,639.0,xyz123
12/29/2023,Travel,1547.0,Coffee
2023-08-16,Entrtnmnt,1629.0,Monthly rent payment
05/31/2021,others,155.0,Petrol
27-12-2022,Freelance,37978.0,Gym membership
25-06-2023,Travel,1040.0,Gym membership
25-10-23,Investment,44913.0,EMI payment
16-01-2022,TRAVEL,3621.0,Books
11/11/2023,Fod,7582.0,misc
2021-06-29,TRAVEL,-500.0,Restaurant dinner
2024-10-28,travel,9403.0,Movie tickets
21-04-24,Education,,!!!
2023-10-04,FOOD,122.0,Uber ride
2022-06-21,Others,39248.0,Movie tickets
,Rentt,5649.0,Uber ride
2023-11-29,Rent,10666.0,test
16-07-22,utilities,1316.0,Online course
04-05-23,Foods,4364.0,Online course
2024-04-17,Freelance,78341.0,Movie tickets
10-08-2023,Utilties,2375.0,xyz123
08/16/2024,Utilities,9313.0,Train ticket
2023-05-26,Utilities,5835.0,Online course
2023-11-14,travel,7539.0,Medicine
08/28/2021,Rent,33245.0,!!!
10/30/2021,Food,576.0,Lunch
03/23/2023,Others,50255.0,Petrol
08-06-2023,Rent,46470.0,misc
2024-06-05,Utilties,6402.0,Restaurant dinner
2022-06-28,Education,1671.0,Internet bill
,Bonus,359448.0,test
05/03/2021,RENT,3371.0,Petrol
16-07-22,Investment,360058.0,Petrol
25-05-2021,TRAVEL,4353.0,misc
2022-04-24,Utilities,993.0,EMI payment
2024-08-17,Rentt,18396.0,Monthly rent payment
2023-10-02,Fod,510.0,ATM withdrawal
2024-07-26,FOOD,9358.0,Movie tickets
07-10-24,Entrtnmnt,6435.0,test
2021-01-04,Travl,6659.0,xyz123
05-05-2021,Fod,8074.0,Coffee
08/24/2021,utilities,8309.0,test
10-11-2022,EDU,1993.0,misc
2024-07-02,food,5667.0,ATM withdrawal
2023-06-15,RENT,8290.0,!!!
08/04/2021,Foodd,231.0,Online course
03/20/2022,Fod,1731.0,Uber ride
08/11/2021,Investment,,Electricity bill
01/29/2021,Freelance,41522.0,Electricity bill
2023-12-27,Entrtnmnt,,Coffee
27-10-21,Foods,3755.0,Books
05/23/2024,Freelance,50480.0,Movie tickets
,health,438.0,Petrol
2024-09-26,SAVINGS,5210.0,Uber ride
2023-12-17,Health,6307.0,Doctor consultation
26-10-23,Others,53514.0,Monthly rent payment
2023-07-06,Foods,400.0,Shopping
28-12-23,Foods,587.0,Movie tickets
2022-07-19,Others,61140.0,Shopping
2023-10-10,utilities,9628.0,Grocery shopping
2024-09-22,FOOD,5908.0,Electricity bill
2024-09-02,Foods,0.0,Lunch
01/18/2021,Health,7537.0,asdfgh
,Utility,3377.0,Fixed deposit
2023-01-06,rent,6176.0,Gym membership
2024-11-02,Rentt,32903.0,Train ticket
15-02-22,Rent,48793.0,xyz123
2023-01-22,Rentt,17355.0,Restaurant dinner
01/18/2023,Foodd,2370.0,Doctor consultation
04-11-23,Entrtnmnt,5199.0,test
19-04-2024,Salary,46790.0,Internet bill
15-12-2021,education,5354.0,Coffee
2022-03-07,Entrtnmnt,9282.0,ATM withdrawal
,Freelance,48154.0,Doctor consultation
23-01-24,Educaton,5591.0,Restaurant dinner
,travel,7544.0,Online course
18-09-24,RENT,2077.0,Train ticket
07-07-21,Utilties,4047.0,Lunch
09/27/2024,education,999999999.0,asdfgh
21-12-23,Education,5808.0,!!!
11/03/2024,Traval,9745.0,Electricity bill
2021-09-22,Education,1651.0,Movie tickets
2021-01-21,travel,1902.0,misc
05/31/2023,education,7093.0,Online course
2023-01-14,Freelance,19423.0,Movie tickets
11/02/2021,utilities,8937.0,Monthly rent payment
01/06/2024,FOOD,7041.0,Uber ride
,utilities,9865.0,Internet bill
2024-01-12,Rentt,34284.0,!!!
21-09-24,Utilities,2204.0,Fixed deposit
18-01-23,FOOD,4505.0,Gym membership
2021-03-13,Others,25390.0,test
11/06/2024,Foods,3133.0,EMI payment
2022-07-06,Freelance,142875.0,Movie tickets
18-08-23,food,1377.0,misc
07-11-22,Entertainment,,test
05-09-2023,Entertainment,-1000.0,Uber ride
2021-03-07,food,8842.0,test
2021-07-21,health,6696.0,Grocery shopping
2024-07-26,Savings,-500.0,Petrol
29-05-23,Foods,1892.0,Shopping
,Foods,4174.0,Lunch
2023-11-19,Entertainment,8880.0,Coffee
,Foods,1435.0,test
11/26/2022,Food,937.0,asdfgh
03/27/2023,Freelance,64120.0,Medicine
09/11/2023,Traval,2375.0,Movie tickets
24-03-21,Utilities,7563.0,Uber ride
03/16/2024,education,7481.0,Internet bill
2021-12-27,HEALTH,1107.0,ATM withdrawal
13-03-21,Others,9500.0,xyz123
2024-10-07,Food,518.0,test
31-08-2023,Rent,15504.0,Medicine
02/12/2021,entertainment,925.0,Uber ride
2022-04-22,Fod,8291.0,asdfgh
2024-06-15,Bonus,285939.0,Electricity bill
2024-11-23,EDU,3762.0,Coffee
2023-04-24,Rent,44674.0,Medicine
04/17/2022,food,999999.0,!!!
2023-05-03,Saving,6271.0,Petrol
2023-12-22,Entertain,114.0,Shopping
19-04-22,Others,12226.0,Coffee
30-01-2024,Utlities,4723.0,xyz123
2024-11-29,Foods,1239.0,EMI payment
01/30/2022,Food,1239.0,Medicine
04/25/2021,Travel,,Gym membership
05/12/2024,food,6149.0,Coffee
08/28/2021,TRAVEL,5964.0,Restaurant dinner
05-08-2024,Fod,3758.0,Electricity bill
,Freelance,58958.0,EMI payment
16-07-2021,education,9322.0,Coffee
2022-04-07,Rentt,39620.0,Electricity bill
2022-07-16,Travel,5983.0,ATM withdrawal
2023-11-06,Traval,-500.0,Petrol
27-12-2021,TRAVEL,4678.0,Petrol
2021-11-02,Educaton,2012.0,Internet bill
03/26/2022,Freelance,57026.0,Shopping
07/15/2022,Travel,4725.0,Fixed deposit
28-12-2023,Bonus,57627.0,ATM withdrawal
2023-04-06,RENT,1301.0,Monthly rent payment
25-10-2024,Saving,7036.0,Uber ride
02/19/2023,Rent,45912.0,Restaurant dinner
2023-10-12,Entrtnmnt,2703.0,Shopping
09/16/2023,FOOD,,Restaurant dinner
,Others,4456.0,Books
08-05-21,FOOD,7932.0,Doctor consultation
01/10/2023,Foodd,4670.0,Restaurant dinner
16-10-2024,Rnt,8846.0,Shopping
14-10-2023,Fod,9303.0,Petrol
05-11-22,Rentt,46063.0,Train ticket
2022-04-05,rent,1568.0,Uber ride
2021-01-09,Others,74830.0,Gym membership
26-09-24,entertainment,8903.0,Electricity bill
2021-01-08,Utlities,1663.0,Monthly rent payment
2021-04-30,Entrtnmnt,887.0,Coffee
04/18/2022,Fod,8766.0,Fixed deposit
2021-06-26,Foodd,,test
04/15/2024,entertainment,213.0,!!!
2021-12-01,HEALTH,2593.0,Books
10/16/2022,travel,6895.0,!!!
2022-02-10,Entertainment,5108.0,Grocery shopping
19-01-24,Food,3519.0,Train ticket
2024-07-31,Salary,911154.0,Grocery shopping
13-02-22,Foodd,703.0,!!!
2024-12-08,Fod,2788.0,xyz123
,entertainment,6388.0,Train ticket
30-08-2021,TRAVEL,2002.0,Grocery shopping
2021-11-02,OTHERS,7164.0,!!!
2021-05-04,Travl,4433.0,Monthly rent payment
2021-04-03,Foods,1196.0,Fixed deposit
02/02/2022,others,7238.0,Books
12/01/2022,OTHERS,1275.0,Doctor consultation
2022-08-21,travel,3503.0,ATM withdrawal
2024-01-14,Rentt,7195.0,ATM withdrawal
03/27/2023,FOOD,6690.0,Books
05/16/2023,Utilities,2718.0,ATM withdrawal
09/02/2023,utilities,5069.0,asdfgh
12/06/2021,Utilties,7956.0,Electricity bill
01/07/2022,Travel,4856.0,test
02/25/2021,Rentt,47775.0,Restaurant dinner
23-09-24,Fod,7218.0,Online course
2022-10-14,Rent,30161.0,Medicine
2023-11-19,Rent,28443.0,Monthly rent payment
26-09-22,Food,2846.0,Internet bill
10/05/2023,Others,41149.0,Monthly rent payment
08-06-22,Entertainment,,Coffee
2021-08-13,Utilities,2585.0,Restaurant dinner
27-03-23,Salary,10205.0,Monthly rent payment
12/10/2021,Entertain,836.0,Internet bill
19-10-23,Travl,5955.0,Monthly rent payment
03/05/2024,Salary,581306.0,Train ticket
2021-07-30,Investment,28198.0,test
2021-12-19,rent,9664.0,Lunch
11/05/2023,Traval,1540.0,asdfgh
02-03-24,TRAVEL,2787.0,xyz123
13-08-22,food,4860.0,Lunch
2021-11-09,TRAVEL,3752.0,!!!
01-12-2024,Bonus,57861.0,EMI payment
10-03-21,FOOD,4918.0,Restaurant dinner
06/05/2024,Misc,2372.0,EMI payment
09/03/2023,Rentt,10141.0,Books
2021-03-23,TRAVEL,9612.0,Lunch
03/28/2022,Food,515.0,Online course
2021-10-18,health,9178.0,ATM withdrawal
09/08/2022,Utilities,2168.0,Train ticket
05/31/2022,Entrtnmnt,6136.0,EMI payment
2022-01-03,SAVINGS,6609.0,Restaurant dinner
2024-02-29,Bonus,64602.0,ATM withdrawal
2022-04-26,utilities,1329.0,!!!
23-08-2022,utilities,,Internet bill
2022-09-06,Freelance,48760.0,!!!
,Travl,6717.0,!!!
2023-07-15,Food,4069.0,test
21-11-2022,Educaton,5179.0,Train ticket
05-07-2024,Fod,8286.0,Electricity bill
11-03-22,Others,51604.0,Fixed deposit
07-08-2022,Rnt,5716.0,Electricity bill
2023-08-22,Others,33082.0,Lunch
13-03-21,Rent,21048.0,Grocery shopping
07/05/2023,RENT,0.0,Grocery shopping
2024-09-02,food,9231.0,Petrol
2024-04-16,Foods,2099.0,Medicine
25-02-24,Rnt,5162.0,Internet bill
12-10-21,travel,1616.0,Online course
01/28/2023,Freelance,32104.0,misc
2023-12-07,Rent,8582.0,Monthly rent payment
27-08-24,utilities,4389.0,Online course
2021-05-28,health,6652.0,misc
09/22/2022,Fod,5133.0,Petrol
2022-01-05,Rent,46587.0,Grocery shopping
2022-04-15,Utilities,9867.0,Shopping
10/17/2021,utilities,7175.0,test
2024-04-14,RENT,4212.0,Doctor consultation
09-06-2021,Freelance,78969.0,Movie tickets
2021-08-30,Utility,8704.0,xyz123
2022-07-17,Investment,17401.0,Internet bill
21-10-2021,Entertain,7103.0,xyz123
2021-12-16,TRAVEL,1852.0,Internet bill
2022-08-05,travel,1052.0,misc
2023-04-01,Savings,433.0,EMI payment
10/25/2021,EDU,1312.0,EMI payment
2022-08-05,Foods,1617.0,Grocery shopping
15-01-21,Rnt,7973.0,Monthly rent payment
2024-12-13,Traval,4138.0,ATM withdrawal
2022-01-21,Misc,1087.0,xyz123
01/26/2024,food,4541.0,misc
07-05-23,Bonus,12888.0,xyz123
04/14/2021,food,1736.0,Electricity bill
05/26/2023,Entrtnmnt,8127.0,!!!
,Others,36710.0,Electricity bill
09-05-22,FOOD,2736.0,Online course
07-08-2021,Utilties,5420.0,Train ticket
03-08-2021,Fod,819.0,Petrol
03/31/2022,utilities,5965.0,ATM withdrawal
16-11-24,Traval,6822.0,misc
03/17/2021,Utility,3876.0,!!!
2024-12-26,EDU,6428.0,ATM withdrawal
2023-05-03,Rentt,24628.0,Uber ride
26-07-23,Investment,39501.0,asdfgh
03/12/2024,Entertainment,2120.0,Internet bill
01/05/2024,Utility,5268.0,Coffee
27-08-24,Utility,6888.0,Train ticket
03/15/2021,Entertainment,8208.0,Restaurant dinner
24-10-21,Investment,33185.0,Grocery shopping
2022-06-21,Traval,2074.0,Medicine
06/05/2021,Fod,9634.0,EMI payment
23-04-21,Bonus,76874.0,!!!
16-09-22,FOOD,1063.0,Grocery shopping
2021-04-19,Foods,2817.0,Lunch
2021-01-02,Food,3805.0,Grocery shopping
03/26/2021,Entrtnmnt,3204.0,Books
15-12-21,FOOD,2821.0,Doctor consultation
29-05-22,travel,4658.0,Electricity bill
03-12-22,Rnt,4284.0,misc
2024-07-18,Traval,134.0,Medicine
2024-10-04,Entertainment,9345.0,Train ticket
01/10/2021,Food,3602.0,Electricity bill
09/28/2022,HEALTH,3272.0,Doctor consultation
05/31/2021,food,4102.0,EMI payment
30-07-21,Food,2284.0,Monthly rent payment
2024-07-19,EDU,8270.0,ATM withdrawal
2022-09-21,Utility,2134.0,Electricity bill
09/04/2021,Utilities,-1000.0,test
10/19/2023,utilities,4347.0,EMI payment
05-09-2023,Entertainment,-1000.0,Uber ride
,Food,4097.0,xyz123
08/07/2023,Foodd,,Monthly rent payment
04-06-2023,Freelance,631644.0,Restaurant dinner
21-07-24,RENT,3257.0,Uber ride
2022-03-17,Rnt,7766.0,xyz123
2022-04-11,Helth,9527.0,Doctor consultation
07/15/2024,Travl,7593.0,ATM withdrawal
30-01-2024,Rnt,5394.0,Uber ride
2023-03-08,entertainment,2853.0,Movie tickets
02-01-23,Helth,4366.0,Grocery shopping
07-10-21,food,329.0,Electricity bill
07-10-2024,Traval,9709.0,Petrol
10/01/2022,Foodd,4277.0,Medicine
07/21/2024,Entertainment,5304.0,Movie tickets
10-09-2021,utilities,242.0,Fixed deposit
05-01-24,Others,10833.0,Online course
2021-08-17,rent,9207.0,Doctor consultation
03-05-24,Utilties,4591.0,Internet bill
13-11-21,Savings,530.0,Uber ride
2022-02-21,EDU,2560.0,Train ticket
20-06-2023,Education,3205.0,ATM withdrawal
2023-08-07,Rnt,1996.0,Medicine
02/16/2021,Freelance,59364.0,Uber ride
2021-02-01,Traval,7062.0,Electricity bill
06/15/2021,food,300.0,Lunch
2021-01-25,Savings,3252.0,EMI payment
2023-03-27,food,113.0,Petrol
2024-02-29,Salary,39221.0,Uber ride
2024-10-09,entertainment,5381.0,Grocery shopping
11/02/2023,Utilities,533.0,Internet bill
04/10/2021,Salary,18141.0,xyz123
04/13/2023,Travl,3465.0,Restaurant dinner
2021-06-23,RENT,2392.0,Medicine
12/12/2023,Food,975.0,misc
10/22/2022,TRAVEL,4510.0,Coffee
05/19/2021,Traval,7397.0,Internet bill
07/06/2023,Utility,3269.0,asdfgh
11-11-2021,TRAVEL,,Doctor consultation
30-06-2021,Entrtnmnt,3988.0,asdfgh
08-06-21,Investment,11310.0,Restaurant dinner
2023-09-08,Utlities,8964.0,Grocery shopping
2022-02-25,FOOD,8521.0,Gym membership
18-04-2021,TRAVEL,6162.0,Grocery shopping
,Rentt,9208.0,xyz123
15-01-23,Utilties,,Petrol
07-09-2023,education,839.0,Medicine
12/28/2022,Education,4333.0,Grocery shopping
24-05-22,Health,8486.0,Fixed deposit
24-12-24,education,9805.0,Fixed deposit
2021-02-11,travel,5866.0,Gym membership
08-02-22,TRAVEL,9382.0,Train ticket
04/17/2024,TRAVEL,785.0,Coffee
2023-11-20,FOOD,3896.0,xyz123
2022-06-09,Foodd,4605.0,Restaurant dinner
2021-04-04,Bonus,69376.0,Monthly rent payment
10/31/2022,Utility,9551.0,Fixed deposit
2023-02-15,Utilties,,misc
30-12-23,Traval,,Fixed deposit
2023-10-13,Fod,8311.0,Online course
30-07-24,Traval,9632.0,ATM withdrawal
2023-08-04,EDU,4029.0,Medicine
,Utilties,2169.0,Lunch
2024-01-12,entertainment,7782.0,Movie tickets
2024-10-17,health,610.0,Movie tickets
2024-06-13,food,2594.0,Petrol
2024-09-21,food,,Electricity bill
24-05-2022,rent,2890.0,Petrol
2022-05-19,Rent,32851.0,Online course
2021-06-02,Travl,2424.0,Internet bill
2021-03-31,Utility,7494.0,Electricity bill
2021-07-29,Foodd,2329.0,Uber ride
06/04/2024,Entertain,643.0,Coffee
06/22/2023,travel,3041.0,Movie tickets
10/30/2024,RENT,9692.0,misc
2024-12-24,travel,4421.0,ATM withdrawal
16-02-22,entertainment,3301.0,Online course
06-02-21,Entrtnmnt,8580.0,Uber ride
05/12/2021,Traval,5308.0,Coffee
2024-02-21,Salary,10082.0,xyz123
2023-12-24,Foods,4299.0,Petrol
25-05-24,Others,7618.0,Gym membership
03/24/2023,Freelance,42808.0,Train ticket
2024-04-11,Rent,6377.0,Coffee
03/09/2023,Food,2949.0,Gym membership
29-07-2021,Rentt,34952.0,Books
08/09/2023,Health,8108.0,Online course
2023-11-03,Salary,36037.0,Coffee
02/02/2023,Entertain,4691.0,Lunch
05/19/2023,Fod,8143.0,test
2024-11-09,Investment,68676.0,!!!
2023-05-02,rent,2008.0,Uber ride
2023-05-04,Others,61829.0,Movie tickets
,utilities,208.0,Train ticket
22-11-23,utilities,8689.0,Electricity bill
2024-04-04,Fod,2221.0,EMI payment
20-05-2024,Foodd,1113.0,ATM withdrawal
2022-03-24,Utilties,1880.0,Fixed deposit
2024-08-23,Foods,2396.0,Medicine
2022-12-10,Rent,37626.0,test
2021-11-15,EDU,,test
2024-11-24,Education,999999.0,Electricity bill
26-07-24,TRAVEL,9328.0,Online course
2024-07-12,Fod,8525.0,Medicine
12/05/2024,Entertain,6148.0,Monthly rent payment
02/09/2023,Others,3012.0,xyz123
11/09/2023,Entertainment,9671.0,Doctor consultation
11-02-24,rent,7856.0,Internet bill
2022-03-22,Travel,1488.0,asdfgh
11/16/2023,Entrtnmnt,3093.0,Petrol
2021-08-09,Foods,3616.0,misc
2023-04-12,utilities,2074.0,Lunch
2024-05-15,Travel,5087.0,Petrol
03/29/2021,Rnt,722.0,ATM withdrawal
05-03-21,Fod,391.0,Lunch
12/22/2022,Food,335.0,Shopping
01/22/2023,Foodd,3554.0,ATM withdrawal
07-08-23,Entrtnmnt,2278.0,misc
2022-02-18,FOOD,1575.0,Fixed deposit
11/21/2021,Rent,18845.0,Gym membership
,Educaton,7484.0,Movie tickets
2022-02-04,TRAVEL,895.0,test
2021-02-28,Helth,2303.0,Monthly rent payment
25-06-2021,HEALTH,6404.0,Monthly rent payment
2023-04-16,Traval,4099.0,Movie tickets
05/10/2021,Travel,6946.0,Monthly rent payment
2023-08-18,rent,8035.0,xyz123
08/08/2024,TRAVEL,7971.0,Lunch
08/21/2021,Utilities,9760.0,!!!
03/02/2021,travel,8850.0,Petrol
2024-01-02,Educaton,7181.0,EMI payment
2022-01-01,Utilities,361.0,ATM withdrawal
07/29/2021,FOOD,9047.0,Internet bill
08/15/2024,Freelance,60879.0,Electricity bill
05/16/2021,others,9963.0,Electricity bill
14-01-24,Travel,9140.0,Monthly rent payment
15-05-22,food,8549.0,Fixed deposit
2022-01-05,Rent,39738.0,Train ticket
2023-08-11,TRAVEL,9618.0,Electricity bill
2022-12-02,EDU,,Online course
01/23/2023,Investment,12814.0,Online course
06/29/2024,Foodd,2797.0,Train ticket
05/09/2022,Rnt,835.0,Medicine
2023-07-18,Fod,9756.0,Movie tickets
2022-12-18,FOOD,8248.0,Petrol
22-11-21,Rnt,4659.0,Restaurant dinner
2024-04-23,Utility,5230.0,ATM withdrawal
16-08-21,FOOD,7681.0,Medicine
2024-03-22,Rent,39335.0,Coffee
26-10-2021,Salary,72736.0,Medicine
21-03-2024,Helth,2035.0,Online course
2023-06-16,food,3576.0,Electricity bill
02/19/2023,Rent,45912.0,Restaurant dinner
11/01/2023,Salary,681983.0,Medicine
08/08/2023,Salary,15344.0,Petrol
10/07/2024,Traval,5008.0,Lunch
2021-04-04,rent,1456.0,xyz123
2022-12-07,Travl,8786.0,Doctor consultation
2024-06-30,TRAVEL,2092.0,xyz123
31-05-23,Educaton,4602.0,ATM withdrawal
11/28/2021,Rentt,10901.0,Gym membership
05/22/2024,Travel,9518.0,Medicine
2024-06-02,Educaton,1003.0,Monthly rent payment
04/30/2022,Entrtnmnt,865.0,Doctor consultation
2021-07-31,Food,2496.0,EMI payment
2023-01-03,Entrtnmnt,5531.0,Medicine
05/14/2022,Food,2906.0,Movie tickets
05-11-22,Utilities,999999.0,Books
2023-07-24,Travel,3215.0,!!!
30-07-2021,Entertain,-500.0,Shopping
03/14/2021,Rent,43584.0,asdfgh
09-05-2023,Salary,26163.0,!!!
03/19/2023,Foods,3914.0,!!!
2022-11-18,Education,5257.0,Grocery shopping
03/16/2021,entertainment,8226.0,test
2022-08-24,Educaton,3958.0,Movie tickets
04/06/2024,Savings,594.0,Monthly rent payment
2024-12-22,Foodd,970.0,Fixed deposit
02-02-2021,Traval,1378.0,Shopping
08/05/2024,entertainment,5493.0,Gym membership
17-03-21,Rnt,1474.0,Lunch
2022-01-19,Entrtnmnt,4009.0,Uber ride
02/14/2024,Investment,65886.0,Monthly rent payment
08-01-2024,Traval,7728.0,Movie tickets
03/07/2021,Utlities,1346.0,Petrol
2021-01-24,EDU,7472.0,Doctor consultation
26-09-24,Educaton,4293.0,ATM withdrawal
2023-09-27,education,4956.0,Online course
2024-09-13,Fod,540.0,Shopping
09/27/2021,Utilities,9021.0,Internet bill
2023-02-07,Entertain,5721.0,ATM withdrawal
23-10-21,Travl,5345.0,Gym membership
15-11-24,Bonus,63063.0,Uber ride
03/31/2024,Rnt,7678.0,asdfgh
27-06-2021,utilities,4923.0,Petrol
10/04/2024,RENT,-1000.0,Coffee
2021-09-29,Foods,3819.0,Internet bill
2024-06-08,food,,Uber ride
2021-06-10,Entertainment,999999.0,Coffee
07-05-22,Entrtnmnt,7835.0,Grocery shopping
02-04-2024,Traval,4478.0,Coffee
2024-08-15,FOOD,7933.0,Internet bill
10-05-23,Investment,55222.0,misc
2023-03-31,RENT,9201.0,Electricity bill
05/14/2023,education,2842.0,Gym membership
03-12-2021,RENT,6317.0,Petrol
07/05/2022,Foods,2761.0,Lunch
21-02-2023,Utilities,8200.0,Petrol
11-08-24,TRAVEL,8406.0,Grocery shopping
24-03-23,Helth,8067.0,Shopping
2023-04-23,Utilties,1517.0,Doctor consultation
06/16/2022,SAVINGS,6042.0,ATM withdrawal
,Entertain,4340.0,Restaurant dinner
,Utility,3631.0,Doctor consultation
10/20/2024,food,2669.0,Books
04/09/2022,Rentt,49196.0,!!!
2022-11-24,Utility,7454.0,Coffee
26-02-23,rent,,Shopping
2023-01-12,Utilities,3686.0,Medicine
05/01/2024,RENT,4235.0,EMI payment
08/10/2023,travel,3721.0,Gym membership
2021-11-03,education,3205.0,EMI payment
2024-08-21,Travl,6871.0,Grocery shopping
04/10/2023,Foodd,1829.0,Petrol
2021-01-04,Rnt,9915.0,Uber ride
2022-10-04,TRAVEL,3076.0,asdfgh
01/22/2021,Rent,,Lunch
2021-09-10,Rent,46896.0,Lunch
2022-11-19,Others,999999.0,Coffee
01/21/2024,FOOD,7844.0,Monthly rent payment
2021-12-19,RENT,6171.0,misc
2023-04-15,health,3265.0,Movie tickets
2022-01-20,Travel,3625.0,ATM withdrawal
2021-04-19,Bonus,66794.0,ATM withdrawal
06/03/2023,TRAVEL,4280.0,Train ticket
11/14/2021,TRAVEL,7632.0,Books
25-12-21,Fod,,Medicine
10/12/2021,Entertainment,8587.0,Grocery shopping
2023-02-02,savings,6766.0,Grocery shopping
2024-11-13,rent,403.0,Online course
2022-11-14,Utilties,659.0,Lunch
30-06-24,Investment,35392.0,ATM withdrawal
21-08-2023,Rnt,2986.0,EMI payment
04/25/2021,rent,478.0,Train ticket
04/26/2021,Bonus,70383.0,EMI payment
09-12-21,Food,2625.0,Doctor consultation
2021-12-22,Foodd,1806.0,Restaurant dinner
2022-06-03,Traval,7230.0,asdfgh
08-02-23,utilities,7362.0,misc
03/04/2021,Foodd,4641.0,Restaurant dinner
2024-05-18,Others,68733.0,Movie tickets
2023-02-03,Rent,35289.0,Doctor consultation
09-10-2024,Rentt,43283.0,Movie tickets
07/14/2024,Investment,24516.0,Medicine
28-03-23,Fod,4387.0,Grocery shopping
06/01/2024,Foodd,4313.0,ATM withdrawal
24-04-22,Food,-500.0,Coffee
2024-07-07,Foodd,348.0,ATM withdrawal
08-01-2023,Foodd,4199.0,Online course
03/08/2021,food,917.0,Coffee
2022-05-24,Food,1872.0,test
06/25/2024,travel,5247.0,Electricity bill
12/11/2022,Food,828.0,Petrol
2023-07-04,RENT,532.0,Train ticket
30-09-2021,Food,957.0,misc
2022-11-15,SAVINGS,2323.0,asdfgh
2021-05-28,rent,9056.0,Monthly rent payment
12/16/2021,Savings,7769.0,Online course
11/12/2024,Helth,2624.0,EMI payment
02-03-24,utilities,2455.0,test
01-11-2023,entertainment,779.0,Fixed deposit
2023-06-16,Education,2827.0,Electricity bill
03-08-21,food,10000.0,Internet bill
10-04-21,Foods,2105.0,Shopping
,utilities,999999999.0,!!!
06-10-2023,FOOD,1689.0,Restaurant dinner
2022-07-10,Others,,Train ticket
06/01/2023,Salary,25111.0,Petrol
08/08/2022,travel,9049.0,Coffee
2021-02-23,Fod,189.0,Internet bill
2021-04-18,EDU,6719.0,Online course
05-05-21,RENT,5108.0,Books
03/24/2023,Rnt,4109.0,Electricity bill
,Misc,1242.0,Fixed deposit
2021-08-14,Educaton,5002.0,Fixed deposit
01/16/2023,Health,9092.0,asdfgh
27-02-22,EDU,7122.0,Petrol
2021-08-04,others,4606.0,Electricity bill
01/26/2021,Others,65556.0,Restaurant dinner
19-06-23,Travel,3864.0,Fixed deposit
08/08/2024,rent,2779.0,!!!
10/27/2022,Travl,5958.0,asdfgh
06-12-22,Rent,21486.0,Fixed deposit
28-11-23,Utility,868.0,!!!
2022-12-22,Traval,7727.0,Fixed deposit
06/12/2023,FOOD,2775.0,Lunch
2022-09-11,Educaton,639.0,xyz123
19-07-21,Travel,3038.0,Monthly rent payment
08-12-23,Savings,3948.0,Gym membership
22-09-22,Utlities,2186.0,Lunch
25-03-23,Food,4719.0,Uber ride
09-05-21,Entertainment,9678.0,Movie tickets
2024-09-11,rent,4127.0,misc
04/19/2021,Foodd,2102.0,Movie tickets
2022-10-04,Rentt,47161.0,Monthly rent payment
2022-11-03,Rentt,35442.0,Petrol
2024-04-19,Utility,3227.0,Electricity bill
2024-09-09,food,5243.0,ATM withdrawal
2023-08-16,travel,9124.0,Lunch
06/22/2024,RENT,3197.0,Lunch
26-06-2023,Others,51504.0,Movie tickets
03/04/2021,Bonus,70676.0,Online course
08/06/2023,Savings,1032.0,Monthly rent payment
24-04-22,Rent,7250.0,Petrol
2021-07-29,Bonus,78729.0,Doctor consultation
2021-08-12,TRAVEL,3380.0,Petrol
05/11/2024,RENT,2709.0,EMI payment
08-01-22,Rentt,37578.0,Restaurant dinner
2022-06-03,rent,4234.0,Gym membership
09/30/2021,Rent,20078.0,Coffee
02-03-2023,TRAVEL,,Grocery shopping
09/17/2022,Helth,5277.0,Coffee
2022-08-05,entertainment,4736.0,Internet bill
07/27/2022,travel,2898.0,Coffee
24-03-2021,Rentt,26136.0,Monthly rent payment
2021-02-22,Salary,,Books
04/24/2021,education,1185.0,Coffee
2023-08-15,Fod,9606.0,Monthly rent payment
,Others,63265.0,Movie tickets
2024-12-31,Fod,3103.0,EMI payment
04-03-2022,Rnt,7902.0,Petrol
2022-03-16,food,4577.0,Electricity bill
2022-01-26,entertainment,4415.0,Internet bill
2024-12-26,Utility,1152.0,Monthly rent payment
11/24/2022,utilities,3148.0,xyz123
19-12-2022,rent,5900.0,xyz123
,Bonus,50692.0,EMI payment
21-07-2024,travel,7292.0,asdfgh
05/29/2022,others,4955.0,Movie tickets
07/27/2023,Foodd,505.0,Doctor consultation
2021-04-16,Rnt,8041.0,!!!
01/04/2022,SAVINGS,8962.0,Electricity bill
11/17/2024,Education,6401.0,ATM withdrawal
29-11-2022,Utilities,9946.0,Fixed deposit
26-05-2024,Others,77459.0,Shopping
05/25/2021,Fod,1494.0,Uber ride
2024-12-05,Rnt,4852.0,Lunch
10/23/2024,FOOD,2352.0,!!!
2021-02-28,Investment,42752.0,Movie tickets
11/22/2022,Others,28060.0,ATM withdrawal
2024-05-29,food,3309.0,Petrol
03-02-24,health,5801.0,!!!
2023-05-24,rent,3517.0,Gym membership
24-05-2021,Utility,9263.0,xyz123
09-04-24,Entertain,7853.0,Gym membership
07/21/2021,entertainment,8991.0,Monthly rent payment
08-05-2024,Rentt,40794.0,Doctor consultation
15-12-2023,Foodd,1741.0,Uber ride
10/12/2021,Entertainment,2892.0,Fixed deposit
03/05/2021,Education,7636.0,Train ticket
2021-05-17,FOOD,9422.0,Monthly rent payment
01/24/2024,FOOD,6863.0,Petrol
2022-08-29,Rentt,7471.0,Gym membership
2021-05-22,Traval,4747.0,test
06/19/2021,Investment,48442.0,Movie tickets
2024-12-24,Foodd,4060.0,Petrol
02-01-24,Foodd,1049.0,!!!
2021-03-15,Fod,493.0,EMI payment
28-06-22,Educaton,7462.0,Grocery shopping
17-02-23,Education,1443.0,Online course
,Investment,53678.0,Internet bill
01/13/2021,Fod,3785.0,!!!
04/29/2022,SAVINGS,0.0,Fixed deposit
05/22/2023,Foodd,2595.0,Fixed deposit
2022-08-02,Freelance,34663.0,Monthly rent payment
2022-12-21,Freelance,184818.0,Fixed deposit
28-06-2022,utilities,9710.0,Gym membership
16-01-24,RENT,8847.0,Electricity bill
01/27/2021,entertainment,9783.0,Restaurant dinner
13-06-23,Foods,2172.0,ATM withdrawal
16-02-23,Entrtnmnt,2644.0,Monthly rent payment
08/23/2024,Utilties,1529.0,Shopping
30-07-22,Utlities,7006.0,Medicine
,Freelance,73474.0,ATM withdrawal
2023-09-21,travel,5708.0,!!!
12-06-24,RENT,8827.0,Books
2023-05-15,Investment,39046.0,misc
03/18/2021,Utilities,8845.0,Fixed deposit
2024-09-27,Utilities,5617.0,Internet bill
2024-09-21,FOOD,2460.0,Lunch
22-06-23,Entertain,3729.0,Fixed deposit
2023-10-12,Entertain,8846.0,Shopping
08/10/2021,TRAVEL,1269.0,Online course
2021-05-28,Foods,1785.0,asdfgh
2024-01-18,travel,8372.0,Shopping
2021-10-06,Utilties,5400.0,Medicine
2022-04-30,Others,18437.0,Monthly rent payment
2024-10-01,Travel,999999999.0,Monthly rent payment
25-07-24,Entrtnmnt,691.0,Restaurant dinner
2023-01-23,Bonus,39977.0,Electricity bill
2024-12-01,education,3983.0,xyz123
11/04/2021,Helth,5100.0,Online course
2023-01-24,HEALTH,9718.0,ATM withdrawal
07/10/2023,Rent,9477.0,Online course
04-01-2023,Food,945.0,Uber ride
06/29/2023,Investment,816014.0,Coffee
07/22/2024,Health,7961.0,Shopping
08-02-21,Others,14888.0,Gym membership
15-02-23,Fod,3834.0,Internet bill
10/31/2021,Investment,21531.0,Online course
09/06/2024,Education,128.0,Grocery shopping
2022-06-10,Traval,4935.0,Restaurant dinner
10/04/2023,education,,Lunch
01-12-24,Traval,1374.0,test
12/09/2024,OTHERS,8431.0,Lunch
2024-01-31,Educaton,5425.0,Books
01-02-2022,Utilties,6261.0,!!!
05/03/2022,Freelance,50354.0,xyz123
2023-09-19,Fod,2911.0,Train ticket
03/11/2023,Utilities,5869.0,Petrol
08/29/2021,food,4579.0,Fixed deposit
08/05/2021,Investment,37428.0,test
2023-07-22,education,8855.0,Restaurant dinner
10-03-21,Entrtnmnt,-1000.0,Coffee
09/19/2021,Traval,7085.0,Books
09-06-22,Rent,24131.0,Books
07/18/2023,Food,1505.0,Uber ride
,HEALTH,6327.0,Movie tickets
2023-12-24,Freelance,46163.0,Restaurant dinner
12/04/2022,Utility,,Electricity bill
05-04-24,Bonus,75893.0,Coffee
11/26/2024,FOOD,999999.0,Medicine
2024-09-14,entertainment,5593.0,Internet bill
07/02/2021,FOOD,653.0,Gym membership
23-01-2021,food,-1000.0,Train ticket
2024-03-01,Fod,,Online course
12/10/2022,Bonus,436526.0,Monthly rent payment
02/05/2021,Foodd,3654.0,EMI payment
2024-09-23,FOOD,1515.0,Coffee
2021-03-14,Salary,62348.0,Uber ride
11-03-21,Rentt,31703.0,misc
31-10-2023,Food,1354.0,Medicine
06-12-2022,HEALTH,5547.0,Shopping
07/26/2022,Others,34969.0,Coffee
27-01-21,Education,9258.0,Internet bill
2021-06-29,Utilities,3183.0,Medicine
03/14/2022,Fod,7194.0,test
2021-06-22,Utilties,6695.0,asdfgh
28-07-2021,TRAVEL,5111.0,Doctor consultation
03-06-22,Travel,3562.0,!!!
01-11-2021,utilities,5111.0,Movie tickets
2024-07-31,Education,,Books
,Traval,762.0,Books
21-12-23,Rentt,38973.0,Fixed deposit
2022-03-19,Rentt,33767.0,test
2021-01-20,food,8808.0,Medicine
,Investment,61727.0,Doctor consultation
01-12-2023,travel,1581.0,Gym membership
18-09-2023,rent,4038.0,xyz123
2024-04-06,Foodd,,Restaurant dinner
2021-03-01,Education,5726.0,Restaurant dinner
11/27/2024,Education,4664.0,Books
2024-05-12,Foods,3315.0,Fixed deposit
2024-11-28,Fod,3381.0,Grocery shopping
2023-09-16,Freelance,20825.0,Restaurant dinner
2022-06-23,Health,,misc
03/27/2022,Traval,4730.0,Books
,Entrtnmnt,1799.0,Gym membership
09-05-24,TRAVEL,614.0,ATM withdrawal
21-03-23,Food,-500.0,Lunch
2021-12-04,OTHERS,,Lunch
2023-01-20,food,1986.0,Internet bill
09/10/2021,Utility,1664.0,Uber ride
,health,5440.0,xyz123
2022-09-01,Freelance,39709.0,!!!
03/13/2024,Investment,47834.0,test
2024-04-22,Rentt,16728.0,asdfgh
2024-12-18,Bonus,28632.0,Fixed deposit
09-01-2021,Rnt,5959.0,Train ticket
2023-01-08,food,1673.0,Medicine
2022-09-24,Entrtnmnt,3440.0,Fixed deposit
2021-04-14,Food,3418.0,Electricity bill
2023-08-19,TRAVEL,1211.0,ATM withdrawal
23-06-2024,Health,7057.0,xyz123
2022-01-12,Rnt,5581.0,!!!
08/21/2024,TRAVEL,9988.0,Shopping
11/18/2024,EDU,4778.0,Doctor consultation
2024-01-11,Fod,838.0,!!!
13-09-22,rent,983.0,Gym membership
07/13/2022,food,8422.0,Grocery shopping
2024-04-01,Utlities,7181.0,Online course
,Educaton,7557.0,xyz123
2022-03-05,Entertain,5609.0,Movie tickets
2023-11-16,FOOD,8801.0,Gym membership
23-04-24,Others,63482.0,Shopping
11/13/2023,Travel,4892.0,ATM withdrawal
2022-11-02,Investment,30247.0,Gym membership
2024-12-04,Utility,7493.0,Fixed deposit
01/13/2024,Others,68997.0,Petrol
06/28/2024,Utilties,661.0,asdfgh
2021-05-05,Bonus,65615.0,Medicine
08/14/2023,Rent,14532.0,Petrol
10-09-21,Foods,4099.0,Shopping
10/19/2022,Investment,24380.0,!!!
2023-05-28,Fod,6167.0,Uber ride
2024-09-24,Investment,70327.0,xyz123
05/07/2022,Educaton,117.0,Grocery shopping
2023-04-13,travel,5205.0,Shopping
01/10/2021,Food,4331.0,Fixed deposit
2022-09-06,utilities,7756.0,Petrol
2021-11-01,RENT,5282.0,Shopping
2024-04-22,RENT,4983.0,Grocery shopping
2021-09-12,RENT,1558.0,Doctor consultation
08-06-21,Utilities,6326.0,Uber ride
11/24/2022,RENT,1046.0,Petrol
,Utlities,3258.0,Medicine
03/09/2022,food,-500.0,Books
2021-02-22,EDU,7996.0,EMI payment
01-10-22,Salary,35426.0,xyz123
11-01-2022,Investment,49543.0,xyz123
08-10-21,Investment,40241.0,Monthly rent payment
05/17/2022,Investment,75740.0,Train ticket
2022-07-04,Travel,2747.0,!!!
10/16/2021,others,6009.0,Movie tickets
04/11/2023,entertainment,5114.0,Coffee
05/31/2021,Entrtnmnt,8098.0,Doctor consultation
2022-06-09,Rent,999999999.0,xyz123
2024-04-14,Bonus,71894.0,Shopping
2022-05-10,Food,2142.0,Uber ride
29-07-23,Bonus,71916.0,Doctor consultation
03/30/2023,Investment,58050.0,Electricity bill
2022-10-21,Entrtnmnt,794.0,Online course
,Others,36543.0,Coffee
2023-01-12,entertainment,4205.0,Coffee
15-11-2024,Rent,30227.0,Electricity bill
09/30/2024,Investment,27598.0,Shopping
2024-11-08,travel,222.0,Lunch
2021-05-16,Investment,70142.0,misc
2021-08-23,Freelance,75155.0,!!!
04-06-24,Utilities,4705.0,Monthly rent payment
05/18/2023,rent,9048.0,Doctor consultation
10/17/2022,FOOD,9554.0,Books
2022-02-13,Salary,28546.0,xyz123
13-05-24,Entertainment,7376.0,Books
2024-06-30,Health,,EMI payment
05-11-2024,food,1648.0,Books
25-11-23,rent,6391.0,asdfgh
20-03-21,Education,3151.0,xyz123
,Freelance,,Restaurant dinner
10-11-22,Traval,4043.0,Doctor consultation
2021-02-24,FOOD,1417.0,Grocery shopping
09/18/2023,Foods,3178.0,Lunch
2024-11-12,Rent,44120.0,Restaurant dinner
2023-11-06,Foodd,4990.0,Doctor consultation
2024-09-08,Foods,4220.0,test
2024-04-22,Rnt,122.0,Restaurant dinner
2024-05-27,Freelance,41869.0,test
10/05/2024,EDU,5306.0,Fixed deposit
09/13/2021,Investment,36470.0,Uber ride
03/14/2021,Investment,717851.0,Medicine
2022-02-28,Entrtnmnt,6506.0,Monthly rent payment
30-01-2024,Food,1776.0,EMI payment
2024-10-08,food,6437.0,Books
12/18/2023,Others,999999.0,Books
2024-02-23,Traval,8870.0,EMI payment
2022-10-12,utilities,1464.0,misc
30-05-23,Educaton,2114.0,Coffee
,health,4642.0,Petrol
25-08-22,Foodd,1087.0,EMI payment
2022-07-21,savings,3541.0,Internet bill
02-12-2023,EDU,4567.0,Internet bill
12/15/2023,Investment,61446.0,Internet bill
02/26/2021,Travel,498.0,Coffee
14-08-24,EDU,4183.0,test
2022-04-14,Investment,43138.0,Books
2024-03-19,Bonus,69498.0,Uber ride
2023-10-12,Others,8147.0,asdfgh
05/22/2022,TRAVEL,9290.0,asdfgh
05-01-24,Rentt,21764.0,Internet bill
09-06-23,Bonus,10561.0,Restaurant dinner
2024-09-20,Salary,30590.0,Monthly rent payment
01/21/2023,travel,1180.0,Shopping
11-03-2022,Bonus,74511.0,Restaurant dinner
09-08-2024,Helth,8711.0,Monthly rent payment
01/13/2023,travel,1844.0,Internet bill
2024-05-17,Salary,345332.0,Train ticket
2024-08-08,RENT,5384.0,!!!
2024-07-06,Entertainment,4876.0,Internet bill
2023-05-22,travel,6900.0,EMI payment
2023-04-27,Investment,,Lunch
2021-09-20,Bonus,23156.0,asdfgh
25-05-23,Entertain,5900.0,Restaurant dinner
13-02-24,Utlities,1296.0,Gym membership
09/06/2022,Bonus,73294.0,Train ticket
12/22/2023,Traval,3515.0,Gym membership
10-08-24,travel,8963.0,Online course
04/02/2022,Food,3567.0,xyz123
09/16/2021,Traval,2587.0,xyz123
2023-01-03,Travel,,Coffee
21-03-22,Salary,62732.0,Movie tickets
04-05-2024,food,1474.0,Books
29-06-22,TRAVEL,5089.0,Grocery shopping
2023-08-19,Utilties,3359.0,Online course
02/22/2023,TRAVEL,9373.0,Doctor consultation
16-02-22,TRAVEL,6805.0,misc
04-05-2022,savings,,!!!
13-07-2023,Salary,33513.0,ATM withdrawal
07/25/2023,Entertain,6430.0,asdfgh
2024-12-31,HEALTH,9811.0,Fixed deposit
07-05-23,food,257.0,Monthly rent payment
13-09-23,FOOD,3672.0,Lunch
2024-08-04,Saving,3234.0,test
05-05-21,Investment,37274.0,Online course
2021-12-30,rent,6422.0,Petrol
,others,,Monthly rent payment
03/08/2022,RENT,8344.0,Movie tickets
17-02-2022,utilities,7558.0,Monthly rent payment
17-08-24,Education,228.0,test
27-12-22,Investment,67477.0,Uber ride
09/26/2024,Freelance,18049.0,ATM withdrawal
01/08/2024,Bonus,77669.0,Grocery shopping
2024-01-07,rent,4455.0,Doctor consultation
12-07-21,Utilities,1143.0,!!!
05-01-22,rent,3861.0,asdfgh
2024-04-20,Freelance,31189.0,Shopping
2022-07-06,Entertainment,3609.0,Monthly rent payment
2022-12-06,food,9075.0,test
2021-02-13,Food,3400.0,EMI payment
07/28/2023,Entertainment,8622.0,Monthly rent payment
,FOOD,,Gym membership
2021-12-22,Rent,28550.0,Doctor consultation
08/15/2022,Utilities,1866.0,!!!
09-12-24,food,7489.0,xyz123
2021-07-04,Travel,4334.0,Uber ride
2021-05-26,HEALTH,3677.0,Gym membership
2022-03-25,FOOD,2828.0,Monthly rent payment
2023-09-30,Entrtnmnt,9482.0,EMI payment
2021-01-14,Investment,68275.0,Monthly rent payment
2023-11-13,Rentt,34793.0,Online course
2022-04-06,others,4410.0,misc
09/13/2023,Travl,1324.0,Petrol
08-11-23,Rent,48137.0,Petrol
2023-08-27,Rentt,5906.0,Medicine
2021-12-22,entertainment,5385.0,Online course
01/23/2024,Educaton,1532.0,Electricity bill
03-02-24,Traval,6693.0,misc
2024-02-20,Entertain,6798.0,xyz123
2024-04-11,Food,3907.0,ATM withdrawal
07/30/2024,travel,3877.0,Internet bill
10/17/2022,FOOD,9554.0,Books
2022-10-03,Travl,780.0,test
04-10-2021,Entrtnmnt,5005.0,EMI payment
03/09/2022,rent,7199.0,Petrol
04/19/2023,FOOD,6472.0,misc
11/17/2022,Entertain,7889.0,Grocery shopping
11/18/2024,Investment,64790.0,Monthly rent payment
19-10-24,Others,38626.0,test
11/24/2022,rent,9444.0,Monthly rent payment
14-02-22,rent,8747.0,Uber ride
2023-11-06,Salary,64972.0,Lunch
28-01-24,Investment,76688.0,Restaurant dinner
17-02-2023,Foodd,2077.0,Uber ride
24-01-23,Salary,73017.0,Uber ride
2024-11-26,Entertainment,3454.0,Books
10-05-22,Entertain,9187.0,Train ticket
18-09-23,Entertain,3619.0,Coffee
14-07-21,Bonus,30989.0,Electricity bill
2022-04-20,Travl,3460.0,Coffee
2022-12-01,Rent,,Petrol
2022-07-11,Salary,63429.0,Online course
2021-11-09,FOOD,9635.0,Gym membership
2022-06-17,Travel,4897.0,Internet bill
2022-11-14,utilities,,Electricity bill
2023-07-19,Entertain,6978.0,Movie tickets
2021-06-26,SAVINGS,4895.0,Internet bill
03/11/2021,Entertain,7089.0,Petrol
08/28/2021,Rnt,1977.0,Monthly rent payment
2022-12-18,Fod,4901.0,Electricity bill
14-12-2023,travel,5514.0,Electricity bill
07/01/2021,Rent,20104.0,Internet bill
2024-02-27,TRAVEL,1272.0,Electricity bill
2022-11-28,Fod,3837.0,Internet bill
2022-06-17,Rnt,999999.0,Train ticket
2022-06-15,Bonus,60619.0,asdfgh
14-02-22,Others,24450.0,Train ticket
2021-08-25,entertainment,5217.0,Petrol
02/19/2024,utilities,9479.0,ATM withdrawal
14-10-21,Travl,5187.0,Restaurant dinner
08/09/2022,Utilities,5077.0,EMI payment
09/08/2022,RENT,,Electricity bill
02/09/2021,Utility,2259.0,test
2022-10-15,travel,6096.0,Electricity bill
2024-01-08,Food,3726.0,Internet bill
2024-09-13,travel,5935.0,Books
07-07-22,FOOD,2380.0,Coffee
19-11-2022,Traval,835.0,Fixed deposit
2024-11-25,rent,7511.0,!!!
17-12-23,Utlities,9386.0,!!!
14-10-23,food,,asdfgh
,Entertainment,5734.0,Lunch
06/12/2024,HEALTH,7110.0,Doctor consultation
2021-07-15,Savings,1945.0,misc
13-08-22,TRAVEL,2538.0,Electricity bill
11/19/2022,FOOD,561.0,Restaurant dinner
19-12-24,utilities,2083.0,Doctor consultation
2024-12-14,Foodd,3301.0,test
11-01-2024,Traval,7414.0,Uber ride
10/08/2023,Travel,9734.0,Movie tickets
23-09-2022,Freelance,15825.0,Uber ride
20-12-2022,Rent,22072.0,Fixed deposit
22-07-2021,Others,,Fixed deposit
11/09/2021,OTHERS,3474.0,Coffee
11/24/2024,Others,20533.0,Train ticket
21-01-24,Foods,3117.0,Coffee
2021-08-25,Others,27796.0,Coffee
2024-03-31,Rent,42691.0,Lunch
2022-07-08,RENT,9994.0,Train ticket
24-12-22,Health,2416.0,Books
01/18/2021,Traval,2784.0,Online course
18-03-2022,Rnt,292.0,Uber ride
02/24/2024,Foodd,1823.0,Lunch
10/13/2024,Investment,63220.0,Online course
04-02-23,Others,64657.0,Lunch
2024-08-08,Foodd,999999.0,Petrol
19-03-23,Misc,5451.0,Coffee
23-04-24,food,486.0,Fixed deposit
05/09/2024,travel,6871.0,Monthly rent payment
10/14/2024,entertainment,7219.0,Train ticket
2022-04-28,Food,1456.0,Shopping
15-07-2024,travel,1803.0,Uber ride
2024-12-05,Others,892217.0,Movie tickets
08/03/2023,Rent,38431.0,Lunch
2022-04-08,Travl,887.0,Restaurant dinner
03/23/2024,Entrtnmnt,7034.0,Electricity bill
22-05-2022,TRAVEL,9371.0,Lunch
2024-05-31,travel,6726.0,Electricity bill
08/04/2021,Foodd,231.0,Online course
03/10/2022,EDU,3506.0,Restaurant dinner
2021-06-04,rent,3987.0,Doctor consultation
2024-05-22,Rent,26131.0,Fixed deposit
09/16/2021,Utility,4083.0,EMI payment
2023-11-06,rent,9527.0,Gym membership
2021-02-19,Utilties,999999999.0,Medicine
31-05-2023,Entrtnmnt,6229.0,misc
22-01-22,Bonus,49633.0,Books
12/22/2022,Savings,1022.0,Doctor consultation
2024-02-26,Utilties,6055.0,asdfgh
,Entertainment,9489.0,Fixed deposit
13-12-21,FOOD,2826.0,Lunch
2022-08-15,Educaton,7554.0,Uber ride
07/18/2024,rent,2297.0,!!!
30-08-2023,food,4517.0,EMI payment
2023-02-26,Rentt,29126.0,Doctor consultation
2023-07-01,Fod,,test
2022-06-28,Helth,8671.0,Movie tickets
2024-04-19,travel,312.0,Doctor consultation
17-11-23,Entertainment,5047.0,!!!
04/30/2023,travel,,Monthly rent payment
07-07-24,Travl,4091.0,asdfgh
03/20/2024,HEALTH,4645.0,Restaurant dinner
30-03-2023,EDU,5714.0,Lunch
06/19/2022,Education,5466.0,Petrol
2022-08-31,education,4689.0,Internet bill
,Rnt,1515.0,!!!
17-09-21,food,1237.0,Books
03/17/2022,entertainment,8831.0,Medicine
07-09-21,TRAVEL,4994.0,asdfgh
04/17/2021,rent,5328.0,EMI payment
29-08-21,utilities,4303.0,Doctor consultation
21-12-22,Utilties,,Train ticket
27-11-22,Freelance,49289.0,Shopping
,Bonus,30713.0,Electricity bill
2021-03-18,education,1707.0,Internet bill
08/02/2022,Travel,,Petrol
14-06-24,education,6961.0,Uber ride
01/15/2022,Foods,1563.0,!!!
12/04/2023,Freelance,47990.0,Electricity bill
10-02-2022,Health,4865.0,Internet bill
2022-11-17,Education,9892.0,Online course
2021-03-08,Rent,35977.0,!!!
2022-04-16,Foodd,2575.0,test
2021-04-04,Other,474.0,Shopping
2024-03-26,food,7215.0,Electricity bill
12/16/2024,utilities,6921.0,Restaurant dinner
13-08-22,Entertainment,999999999.0,Coffee
2023-09-02,rent,5682.0,ATM withdrawal
03/19/2021,Travl,,Petrol
09-03-22,Investment,59014.0,Restaurant dinner
14-06-21,utilities,4418.0,Doctor consultation
2023-05-27,Rentt,37019.0,Grocery shopping
05/30/2021,food,3541.0,Shopping
2023-12-25,Utilities,1048.0,Movie tickets
2024-05-09,food,838.0,Movie tickets
02/24/2021,Entrtnmnt,1652.0,test
17-07-2021,EDU,999999999.0,Movie tickets
20-12-21,Rnt,9794.0,Movie tickets
2021-04-28,Rentt,17155.0,Lunch
09/19/2023,Freelance,71775.0,test
10/07/2024,Traval,5008.0,Lunch
01/03/2023,Fod,3527.0,Online course
06-07-23,Entertain,-1000.0,Books
08/27/2024,Traval,4214.0,Train ticket
10/25/2023,Utilties,1268.0,Medicine
05/29/2023,Entrtnmnt,1415.0,Medicine
2023-03-03,FOOD,709.0,misc
04/26/2023,Travl,6538.0,asdfgh
2021-08-20,Rentt,32159.0,Shopping
28-07-22,SAVINGS,4952.0,Lunch
2021-01-06,Investment,32323.0,Lunch
21-12-2023,Others,48455.0,Doctor consultation
2023-10-31,Entertain,8528.0,Grocery shopping
10/28/2023,Others,15408.0,Books
08/24/2022,Health,0.0,Fixed deposit
10/13/2022,Health,6652.0,Train ticket
2022-06-01,Food,2348.0,Fixed deposit
11/22/2024,Fod,782.0,Fixed deposit
2022-10-05,Utlities,2847.0,Movie tickets
12/20/2023,education,6707.0,Lunch
21-08-23,Bonus,74423.0,Coffee
2022-12-24,RENT,7169.0,Monthly rent payment
10/06/2022,Rnt,8482.0,test
23-10-24,Freelance,51092.0,Internet bill
12/19/2022,Rent,14582.0,Internet bill
05-04-23,Freelance,57098.0,ATM withdrawal
19-04-24,Rentt,20018.0,test
2022-01-25,Food,1663.0,Gym membership
10/21/2023,Others,45535.0,Petrol
03/25/2024,Food,614.0,!!!
03/28/2022,RENT,5719.0,Fixed deposit
03/02/2021,Fod,9407.0,misc
2022-03-11,travel,3913.0,Train ticket
12-11-24,Salary,12644.0,Lunch
06-11-24,Investment,10731.0,Fixed deposit
2022-03-02,Entrtnmnt,9061.0,Internet bill
05-01-22,Utility,9695.0,!!!
18-10-2023,Utilties,3716.0,Coffee
03/24/2023,Rnt,4109.0,Electricity bill
12-11-24,Education,8805.0,misc
2024-03-30,Rnt,883.0,Electricity bill
09-11-2024,rent,730.0,test
2021-10-21,Education,8842.0,Internet bill
04/27/2023,Educaton,3236.0,Electricity bill
11/04/2022,RENT,9828.0,Gym membership
,Freelance,27416.0,Medicine
2023-08-27,travel,7979.0,Doctor consultation
17-11-21,Food,3891.0,xyz123
2022-08-06,FOOD,2718.0,Online course
2022-09-14,Entertainment,9896.0,Monthly rent payment
16-05-2023,Foods,4341.0,ATM withdrawal
01/16/2023,EDU,323.0,Electricity bill
2022-07-02,Entrtnmnt,8568.0,Medicine
14-02-22,rent,9945.0,Shopping
2023-06-04,Freelance,75229.0,Restaurant dinner
03/14/2024,Utilties,9683.0,Lunch
22-08-21,Freelance,22976.0,ATM withdrawal
01/04/2022,Salary,69750.0,Fixed deposit
12/01/2021,Freelance,49094.0,Monthly rent payment
03/24/2022,Foods,1786.0,test
05-05-2024,entertainment,4977.0,Internet bill
2022-01-19,Salary,78908.0,Gym membership
06-12-24,entertainment,7361.0,Electricity bill
09/04/2024,Rent,,EMI payment
15-09-21,Health,297.0,Fixed deposit
2022-07-01,Utility,9048.0,Internet bill
26-01-22,Food,2803.0,misc
2021-10-29,Bonus,15446.0,!!!
07/04/2022,Education,8582.0,Grocery shopping
2022-09-12,Travel,1617.0,EMI payment
2023-06-13,food,8883.0,misc
06/23/2022,Bonus,31030.0,Restaurant dinner
12-12-21,Investment,21112.0,Medicine
10/12/2023,others,9568.0,Lunch
01/26/2022,Entertain,5821.0,Fixed deposit
30-09-2023,TRAVEL,131.0,Train ticket
07-08-22,Investment,55171.0,asdfgh
07-12-2023,Utlities,5868.0,xyz123
24-07-22,Fod,,Movie tickets
06/10/2021,Food,937.0,Gym membership
20-11-21,Foods,940.0,Movie tickets
09/21/2022,Saving,1896.0,Grocery shopping
11/02/2021,Rent,16927.0,Petrol
24-03-23,Foods,1391.0,test
06/15/2023,food,,xyz123
2023-07-01,rent,4489.0,!!!
01/17/2024,utilities,3348.0,Electricity bill
2023-04-07,Entertain,5115.0,Fixed deposit
04/02/2022,Travel,9488.0,Movie tickets
2023-11-21,travel,6347.0,Coffee
2022-07-09,FOOD,5196.0,Coffee
24-10-2024,Entertainment,6250.0,xyz123
,Rent,21549.0,Electricity bill
2021-05-14,entertainment,7738.0,asdfgh
24-11-2023,Entertainment,3326.0,EMI payment
2024-06-05,Foods,923.0,test
,Bonus,28482.0,Lunch
06/13/2022,rent,7397.0,Lunch
09/25/2022,Education,4288.0,Grocery shopping
07/05/2021,Rentt,29253.0,Internet bill
26-03-2022,Rnt,752.0,misc
02/04/2021,Entrtnmnt,9649.0,Shopping
05/24/2022,Rentt,23786.0,Internet bill
05-11-2024,Utility,4705.0,Electricity bill
07/24/2023,Rentt,,Fixed deposit
04-02-22,Traval,6453.0,Movie tickets
02/04/2021,Entrtnmnt,4157.0,Lunch
10/24/2024,Rentt,21586.0,Shopping
01-09-22,Rent,40480.0,Fixed deposit
2024-09-27,Education,1571.0,test
06/07/2024,Freelance,71773.0,!!!
2024-02-14,Fod,7702.0,xyz123
07/16/2021,Investment,21910.0,!!!
08/21/2023,FOOD,2929.0,Movie tickets
2023-01-23,RENT,5506.0,xyz123
2022-02-03,Freelance,,Gym membership
23-11-24,Entrtnmnt,6764.0,ATM withdrawal
2024-09-28,Health,6823.0,Lunch
2024-04-20,Travel,840.0,Doctor consultation
10/06/2023,Salary,56450.0,ATM withdrawal
2021-05-26,RENT,7037.0,Gym membership
,travel,7168.0,xyz123
08/18/2021,Others,63341.0,Gym membership
2023-02-09,RENT,6076.0,Electricity bill
06/24/2022,Foods,3805.0,Doctor consultation
2021-08-22,FOOD,8142.0,xyz123
12/04/2021,health,9529.0,Grocery shopping
17-08-23,Investment,54407.0,Lunch
2023-12-30,Rent,16289.0,Lunch
17-09-23,FOOD,6002.0,Online course
21-10-2021,Entertainment,7163.0,Shopping
04-02-22,Traval,6453.0,Movie tickets
11/21/2023,utilities,4848.0,Restaurant dinner
05/15/2022,Investment,73065.0,Movie tickets
2022-10-04,food,8623.0,Restaurant dinner
01-08-24,Rnt,454.0,test
24-05-22,Investment,70958.0,Doctor consultation
12/19/2022,FOOD,7539.0,Monthly rent payment
13-05-2024,Foodd,0.0,Coffee
2022-12-22,Utility,3213.0,Lunch
05/27/2021,Rentt,25214.0,Fixed deposit
12-06-2024,Traval,6226.0,Medicine
10/14/2024,Others,27874.0,EMI payment
2023-10-29,Rent,36626.0,xyz123
07/10/2021,Utility,1845.0,Electricity bill
2022-07-17,Helth,6400.0,Lunch
2024-06-13,EDU,1531.0,Uber ride
31-08-2022,Traval,3904.0,Books
2021-10-01,Rentt,40706.0,Movie tickets
,Others,19150.0,ATM withdrawal
31-07-23,Traval,231.0,Books
2022-02-07,travel,5736.0,Books
2024-07-01,OTHERS,8670.0,test
2023-10-04,FOOD,122.0,Uber ride
,Utilities,,Electricity bill
12/10/2021,Health,4678.0,Gym membership
07/21/2024,RENT,5855.0,Movie tickets
2024-12-09,Utility,8836.0,Internet bill
2022-06-04,Foods,3566.0,Monthly rent payment
15-04-24,Investment,18633.0,Movie tickets
09/19/2022,Utilties,1555.0,misc
2021-12-03,rent,4616.0,!!!
2022-11-20,Fod,8115.0,Online course
07/20/2022,Food,1931.0,Grocery shopping
17-08-2021,rent,5889.0,Electricity bill
09-02-23,Food,2407.0,test
01-10-21,Traval,5720.0,Grocery shopping
2023-07-19,Education,7182.0,Gym membership
22-04-24,HEALTH,3090.0,Books
11-05-2021,HEALTH,1463.0,asdfgh
2024-10-01,Traval,1062.0,asdfgh
08-12-22,Rnt,8936.0,test
2023-06-23,RENT,5172.0,Uber ride
2023-08-15,Food,2217.0,Petrol
2024-10-29,entertainment,6283.0,Lunch
07-04-2022,Salary,72499.0,xyz123
23-01-23,Rnt,8182.0,Gym membership
2021-06-06,Fod,5713.0,Movie tickets
05/31/2024,Rentt,35686.0,Train ticket
08/04/2022,Utilties,4347.0,Coffee
2022-10-03,Saving,4054.0,Petrol
2024-09-23,Salary,28847.0,Gym membership
02/25/2022,Food,842.0,Books
2021-08-29,TRAVEL,3959.0,!!!
05/24/2021,Traval,9694.0,misc
2021-10-22,Other,8478.0,Uber ride
29-03-24,EDU,7521.0,Grocery shopping
15-09-23,Utilities,1199.0,Doctor consultation
28-01-2024,food,817.0,Gym membership
02-08-22,Foods,4779.0,Medicine
02/14/2021,Travel,8953.0,Internet bill
01/26/2024,Investment,53734.0,Fixed deposit
03/02/2021,Freelance,17559.0,Restaurant dinner
28-07-21,food,7112.0,Restaurant dinner
16-06-22,Fod,6540.0,test
,utilities,6454.0,Train ticket
08/11/2023,rent,9773.0,EMI payment
27-04-23,Bonus,54802.0,misc
2021-07-21,education,6508.0,Movie tickets
2023-08-01,SAVINGS,7924.0,Coffee
04-09-24,food,5687.0,Petrol
01-09-24,Utilities,7389.0,Train ticket
01-11-23,Rentt,6134.0,test
2023-10-26,education,9850.0,Internet bill
2023-03-12,Utilties,9078.0,Fixed deposit
2021-06-16,food,3246.0,test
02-04-22,Foodd,4793.0,test
28-10-2024,Salary,49315.0,Medicine
2022-07-07,Food,1603.0,Gym membership
2021-05-26,Utilities,5944.0,Petrol
2023-10-21,Travel,6073.0,Train ticket
11/22/2024,Fod,8164.0,Medicine
2023-05-16,food,2000.0,Electricity bill
17-12-24,food,1713.0,Grocery shopping
12/26/2024,Freelance,34921.0,Petrol
07/17/2022,Traval,3248.0,Grocery shopping
2022-10-25,Others,11374.0,Grocery shopping
2024-04-13,RENT,4958.0,EMI payment
06/10/2022,Utilities,,Online course
2024-02-07,Utilities,999999.0,Fixed deposit
2021-10-04,Fod,7033.0,Train ticket
06/05/2022,FOOD,4469.0,Train ticket
10-11-2022,FOOD,7282.0,Coffee
29-08-23,TRAVEL,1516.0,Medicine
23-11-22,Health,1211.0,Monthly rent payment
10-12-21,Traval,219.0,Shopping
30-03-24,rent,3268.0,Books
08/15/2023,utilities,4044.0,ATM withdrawal
08/23/2024,Utlities,5501.0,Online course
2021-05-08,Health,975.0,Online course
2024-03-19,Entrtnmnt,728.0,Lunch
09-04-23,Traval,7752.0,Shopping
14-04-22,Travel,2380.0,Monthly rent payment
2023-01-19,Foodd,3838.0,Medicine
12/01/2024,Health,3998.0,Monthly rent payment
01/12/2022,rent,360.0,Movie tickets
06/21/2023,Entertainment,5491.0,Medicine
2021-08-28,Food,217.0,Fixed deposit
04/08/2021,entertainment,299.0,misc
2022-12-25,FOOD,,Lunch
2022-09-23,Foodd,1870.0,Gym membership
2022-02-17,rent,2994.0,Fixed deposit
2023-05-03,Travel,1055.0,Petrol
29-11-22,Utility,5081.0,Petrol
2024-09-06,Utlities,3591.0,Movie tickets
2021-04-29,entertainment,334.0,Fixed deposit
2023-01-10,FOOD,4864.0,Movie tickets
,Utility,275.0,Train ticket
24-07-2022,savings,1668.0,misc
26-12-24,Food,2903.0,Train ticket
12-12-2022,Fod,7491.0,Fixed deposit
03/21/2024,Rent,42642.0,Medicine
2022-07-29,Fod,1195.0,Petrol
07/04/2023,FOOD,6393.0,asdfgh
05/23/2022,Food,3741.0,Movie tickets
14-01-24,Entertainment,1094.0,Medicine
01/24/2022,RENT,2203.0,misc
09/30/2021,Traval,2101.0,Monthly rent payment
09/02/2024,Fod,5130.0,ATM withdrawal
2021-09-07,Foodd,3025.0,Movie tickets
,Food,4227.0,Grocery shopping
20-06-2023,Foodd,205.0,Doctor consultation
08/04/2023,Utilities,1113.0,Doctor consultation
11/07/2021,Bonus,23559.0,misc
03/05/2023,Freelance,49255.0,xyz123
25-03-21,Fod,667.0,Electricity bill
2021-06-24,Traval,9971.0,test
2021-12-31,TRAVEL,4038.0,Train ticket
04-06-24,Rent,47633.0,asdfgh
02/03/2023,FOOD,4529.0,test
28-09-2023,Salary,73117.0,Electricity bill
2022-07-04,Others,,Gym membership
10/19/2022,Foodd,2642.0,Petrol
18-07-22,utilities,623.0,xyz123
10/16/2024,Others,55084.0,Restaurant dinner
03/07/2024,Foodd,2585.0,Petrol
03/04/2022,TRAVEL,1572.0,Movie tickets
2024-08-09,EDU,2049.0,Movie tickets
2023-03-25,utilities,3960.0,Movie tickets
12-10-2022,Others,13097.0,Petrol
13-05-24,Rnt,,Fixed deposit
16-08-22,Utilties,3628.0,Restaurant dinner
25-06-24,Travel,8879.0,!!!
2021-01-03,Foods,4398.0,Fixed deposit
08-06-23,Food,1910.0,Lunch
21-03-24,food,2407.0,Coffee
27-02-2024,FOOD,3434.0,Books
2023-09-11,Rentt,5774.0,Coffee
11-06-22,Food,3997.0,asdfgh
2021-03-14,travel,7989.0,ATM withdrawal
12-10-22,Utility,2044.0,Uber ride
02/27/2022,Saving,5078.0,Movie tickets
2021-01-10,rent,4008.0,Doctor consultation
02/14/2023,Rent,47179.0,Coffee
2021-12-31,Utilties,3364.0,misc
2021-01-06,Foods,2938.0,Movie tickets
12-10-24,Health,5930.0,Coffee
28-05-22,Educaton,5036.0,Movie tickets
20-09-2021,Foods,678.0,Lunch
03-06-21,Fod,4875.0,asdfgh
03/26/2023,entertainment,1636.0,Fixed deposit
16-02-22,EDU,6368.0,Monthly rent payment
11-08-23,travel,5128.0,EMI payment
2024-06-25,Rent,41736.0,Gym membership
30-11-2023,Salary,74119.0,xyz123
02-04-22,EDU,8256.0,!!!
10/25/2022,health,5599.0,Gym membership
2023-06-11,Utilties,255.0,Online course
2024-10-08,Utility,4778.0,Medicine
11-11-2024,OTHERS,7781.0,Online course
07/02/2024,Travl,8947.0,Internet bill
01/02/2024,RENT,9444.0,Shopping
01/01/2022,Utilties,1870.0,Grocery shopping
05/14/2023,Foods,565.0,EMI payment
03-02-2022,Freelance,21587.0,misc
03/06/2021,Educaton,837.0,asdfgh
05-03-2022,travel,1986.0,misc
04/20/2023,savings,3121.0,Grocery shopping
01-05-2022,education,8259.0,Movie tickets
05-09-23,Food,,!!!
10-09-2024,FOOD,3019.0,EMI payment
27-05-21,Rnt,5873.0,Lunch
2022-03-22,RENT,5996.0,Internet bill
2021-06-09,utilities,7540.0,Movie tickets
11/17/2022,FOOD,5454.0,test
2024-10-22,health,6076.0,xyz123
25-05-23,travel,9121.0,Books
23-01-2023,Rentt,28774.0,Movie tickets
2021-10-18,Foodd,2479.0,Online course
2023-04-30,entertainment,8833.0,!!!
2024-04-18,Fod,7445.0,Books
2024-03-21,RENT,7649.0,Movie tickets
01/31/2023,Foodd,-1000.0,ATM withdrawal
02-06-21,Foods,3898.0,test
2024-12-08,Foodd,4723.0,!!!
2021-03-12,Rent,45096.0,Movie tickets
11/26/2024,savings,7903.0,Shopping
11/28/2021,Foods,,Train ticket
2022-12-17,Utility,650.0,Gym membership
11/17/2024,Education,6401.0,ATM withdrawal
02/02/2024,FOOD,186.0,misc
2022-09-03,Traval,7581.0,Monthly rent payment
2023-05-03,Travel,1055.0,Petrol
15-02-21,FOOD,1773.0,Monthly rent payment
2022-04-14,travel,1783.0,!!!
2023-01-17,Foods,92.0,xyz123
2021-05-27,Travel,2799.0,Restaurant dinner
2021-03-19,food,8624.0,Monthly rent payment
22-03-23,Foods,3872.0,Lunch
2021-11-07,Traval,,Monthly rent payment
2022-06-05,Helth,1621.0,Coffee
2021-02-22,Foods,995.0,Internet bill
04/25/2023,entertainment,2653.0,misc
03-11-22,Freelance,33528.0,Doctor consultation
2021-02-28,Freelance,69344.0,Medicine
03/14/2022,FOOD,,Lunch
02-11-21,Investment,29479.0,misc
11/24/2024,Utility,9866.0,Restaurant dinner
2023-07-17,Travl,2375.0,misc
11-11-21,Entertain,4372.0,xyz123
29-04-2024,Foods,758.0,Uber ride
31-12-2021,Utility,2519.0,Doctor consultation
12-08-2023,food,3976.0,Gym membership
2021-07-17,food,2639.0,Train ticket
11/28/2022,Fod,6568.0,misc
03/09/2023,Bonus,61069.0,Internet bill
02/06/2023,Utilties,5651.0,Lunch
2023-11-16,Bonus,65768.0,Books
05-02-2022,travel,4502.0,Uber ride
25-10-23,Travel,4831.0,Monthly rent payment
04-04-21,Rent,14036.0,!!!
2023-09-18,education,2993.0,Fixed deposit
03/21/2024,Fod,3136.0,!!!
,Education,4150.0,misc
05/03/2021,Helth,168.0,Movie tickets
2021-01-20,Foodd,201.0,Grocery shopping
,travel,5411.0,Internet bill
08/22/2022,Foods,3940.0,Train ticket
05-03-2021,Rnt,4115.0,misc
02/28/2022,rent,6367.0,ATM withdrawal
05/12/2021,Foodd,3816.0,Uber ride
10/02/2022,Entertain,1481.0,Monthly rent payment
2023-01-15,Rent,35570.0,Fixed deposit
2021-09-29,Rentt,13459.0,Coffee
2021-10-19,Foodd,937.0,Monthly rent payment
09/09/2021,RENT,652.0,Lunch
08/31/2022,Foodd,2290.0,Fixed deposit
2021-08-26,Entrtnmnt,7976.0,Shopping
03-03-22,Educaton,2724.0,Books
2024-06-13,Freelance,14969.0,Fixed deposit
2021-05-04,Rnt,9287.0,Grocery shopping
03/10/2021,Rnt,3517.0,Gym membership
01/13/2022,Entrtnmnt,6922.0,asdfgh
2022-04-22,Bonus,48000.0,EMI payment
06/29/2023,Entertain,7890.0,Restaurant dinner
2022-06-11,Education,7055.0,xyz123
05-05-2021,RENT,7157.0,Monthly rent payment
,Foods,,Online course
2024-06-28,Freelance,32722.0,Gym membership
2022-05-18,Rent,38642.0,Fixed deposit
2023-06-19,Rent,-1000.0,xyz123
2022-11-27,RENT,9384.0,Internet bill
2022-10-07,RENT,4980.0,Restaurant dinner
2021-06-30,Education,7612.0,Restaurant dinner
2021-05-25,Freelance,25157.0,ATM withdrawal
03/16/2022,SAVINGS,6031.0,Books
18-07-24,Others,20023.0,Uber ride
07/28/2024,FOOD,715.0,Medicine
2023-08-16,Rnt,1680.0,Train ticket
2024-09-05,Traval,7543.0,misc
2024-06-03,Rentt,25844.0,Petrol
28-06-23,Food,4097.0,Internet bill
2022-10-14,Entertainment,3742.0,Lunch
31-01-24,education,2325.0,misc
21-11-23,Foods,4050.0,misc
04-01-21,Foods,3765.0,Fixed deposit
01-03-23,rent,6246.0,Petrol
2022-01-02,Salary,36887.0,Doctor consultation
30-04-22,Rentt,7481.0,Lunch
05/30/2022,Food,3745.0,EMI payment
09/19/2021,Bonus,41698.0,Online course
2022-09-05,FOOD,6945.0,Gym membership
2022-11-15,Rnt,4758.0,Coffee
,Helth,1145.0,test
2024-08-09,Foodd,,Coffee
25-09-2022,travel,9829.0,Grocery shopping
03/31/2021,RENT,2334.0,Monthly rent payment
07/19/2021,Educaton,4962.0,Uber ride
06-01-24,TRAVEL,1441.0,Medicine
11/27/2024,rent,1113.0,Petrol
07/27/2023,Educaton,9769.0,xyz123
20-05-22,Travel,5754.0,Books
06/25/2024,Entertainment,2634.0,Monthly rent payment
09-06-24,food,5911.0,test
06/28/2022,Utilties,4975.0,Books
,Savings,3767.0,!!!
11/03/2022,rent,8690.0,Uber ride
2024-03-31,Entrtnmnt,8255.0,Coffee
21-06-2022,Foods,999999999.0,Restaurant dinner
2023-01-27,Salary,29115.0,Petrol
2024-11-25,Freelance,63736.0,Lunch
2023-05-12,Bonus,365282.0,EMI payment
12/06/2022,food,3020.0,asdfgh
09/06/2024,Education,128.0,Grocery shopping
,utilities,7520.0,Restaurant dinner
08-07-24,Rent,37972.0,Doctor consultation
2024-09-14,FOOD,8956.0,Movie tickets
2022-10-05,Utility,,Internet bill
20-03-23,TRAVEL,8520.0,asdfgh
06/21/2022,Travl,8025.0,misc
02/22/2023,Travl,3148.0,ATM withdrawal
2022-08-05,Entertain,3054.0,Shopping
2021-09-01,EDU,4117.0,Electricity bill
2024-08-18,utilities,,Train ticket
17-12-22,Entertain,7277.0,Lunch
15-12-2023,Travl,8920.0,xyz123
2022-03-05,FOOD,2303.0,Shopping
06-05-22,Fod,3780.0,Doctor consultation
2021-10-28,Utlities,4708.0,Doctor consultation
03/14/2024,education,3707.0,Uber ride
21-02-2022,Educaton,9174.0,Gym membership
2024-06-22,food,5108.0,Internet bill
2021-11-11,education,3615.0,Lunch
01/22/2021,Educaton,5264.0,Gym membership
2021-09-14,Health,5968.0,Fixed deposit
,savings,,Petrol
16-07-22,Saving,7364.0,EMI payment
11/22/2022,Rnt,5930.0,Restaurant dinner
2024-10-05,Utilities,4435.0,Monthly rent payment
23-05-21,rent,7979.0,Shopping
23-07-23,Investment,79771.0,misc
06/16/2022,SAVINGS,6042.0,ATM withdrawal
03/30/2022,savings,8824.0,Books
,Helth,6862.0,Fixed deposit
17-02-2023,education,6111.0,asdfgh
11/19/2022,Rnt,4489.0,Movie tickets
2024-03-02,Health,6536.0,Shopping
25-04-23,Entertainment,1733.0,Restaurant dinner
10/10/2024,Fod,9374.0,Electricity bill
23-07-24,food,5006.0,Petrol
11/28/2024,Fod,2463.0,Restaurant dinner
11-10-21,FOOD,5594.0,!!!
05/04/2021,food,4697.0,Medicine
08/09/2022,TRAVEL,485.0,Coffee
2021-04-06,FOOD,6661.0,Fixed deposit
19-05-2024,Investment,23760.0,Fixed deposit
10/29/2023,Salary,63400.0,Internet bill
14-02-2021,utilities,1245.0,Grocery shopping
13-07-2024,Foods,1022.0,Fixed deposit
06/19/2021,rent,4893.0,Movie tickets
02/14/2021,Freelance,10833.0,EMI payment
2023-03-25,Helth,5749.0,Lunch
10-01-2021,Utilties,2990.0,asdfgh
11/12/2022,utilities,2442.0,Fixed deposit
2024-04-03,Utilities,2965.0,Petrol
20-05-24,Utlities,8947.0,Medicine
31-01-22,Bonus,51115.0,Monthly rent payment
09/03/2022,Food,4224.0,Online course
14-02-24,EDU,9390.0,test
,Bonus,52057.0,Fixed deposit
22-12-24,Others,3554.0,Petrol
2021-03-19,travel,7457.0,Books
,Fod,7688.0,Gym membership
2021-12-05,health,9357.0,EMI payment
2021-02-19,Freelance,47673.0,Medicine
21-07-2021,entertainment,6763.0,Uber ride
2024-08-04,Fod,9974.0,Online course
2023-05-21,Investment,44561.0,Restaurant dinner
14-04-21,Foods,3661.0,!!!
2023-09-08,Utility,6911.0,Petrol
2021-10-19,RENT,6484.0,Fixed deposit
23-05-24,Entrtnmnt,1516.0,Grocery shopping
2024-01-01,TRAVEL,6332.0,Internet bill
2023-10-23,Fod,846.0,Medicine
2024-05-03,Entertain,6812.0,asdfgh
23-10-22,Foodd,4750.0,Train ticket
05/25/2023,Foodd,4677.0,Grocery shopping
26-01-23,Investment,40368.0,Internet bill
11-02-24,Others,9909.0,Books
07/15/2021,TRAVEL,8692.0,!!!
2022-07-30,Foods,247.0,Lunch
2022-05-19,Saving,0.0,Grocery shopping
2022-07-18,Education,161.0,!!!
12/26/2024,Helth,9384.0,Grocery shopping
04-03-21,Education,1994.0,Internet bill
10/30/2021,Freelance,26214.0,Shopping
2024-04-13,Savings,319.0,Lunch
2021-10-18,rent,8777.0,Lunch
2024-04-10,Food,1793.0,Coffee
29-07-2023,Foodd,,Shopping
09-11-22,Others,927.0,Fixed deposit
2022-05-13,FOOD,2639.0,Electricity bill
2021-03-25,savings,-500.0,ATM withdrawal
15-03-2023,RENT,3257.0,asdfgh
08/14/2024,entertainment,3659.0,Books
01-08-2022,Rnt,3249.0,Grocery shopping
2024-01-03,entertainment,1183.0,Medicine
2021-04-25,Utlities,9735.0,Medicine
02/12/2024,Utilities,2182.0,Gym membership
10/07/2022,SAVINGS,4615.0,EMI payment
2024-05-25,Fod,1969.0,xyz123
08/23/2023,Utilties,4276.0,Uber ride
2024-05-03,Traval,452.0,ATM withdrawal
14-04-22,Investment,32710.0,Movie tickets
13-11-22,rent,2249.0,Petrol
2021-07-04,Others,39950.0,Movie tickets
12/10/2022,Foods,805.0,Petrol
2023-03-11,food,3744.0,asdfgh
12/24/2022,RENT,5272.0,Lunch
2023-01-23,Health,5947.0,Restaurant dinner
12/31/2023,Helth,4635.0,Doctor consultation
19-01-21,Others,3440.0,Fixed deposit
23-06-2021,food,2422.0,Online course
04-07-2022,Freelance,41380.0,!!!
2024-12-15,Foods,707.0,Doctor consultation
2023-04-23,RENT,9790.0,Grocery shopping
2022-05-27,FOOD,6979.0,Gym membership
2022-01-07,Others,12487.0,Movie tickets
09/19/2024,Rnt,5461.0,Fixed deposit
24-12-23,Educaton,939.0,Grocery shopping
2021-07-22,Utility,7737.0,Uber ride
10/27/2021,Foods,2228.0,Grocery shopping
12-03-21,food,8434.0,Medicine
06-12-23,rent,1853.0,Train ticket
23-05-23,Foodd,123.0,test
2022-01-08,travel,5337.0,asdfgh
2022-09-16,Utlities,2887.0,!!!
2022-09-01,Foods,2417.0,Internet bill
2021-12-26,Travel,4060.0,Books
2021-10-16,Foodd,4303.0,Electricity bill
2024-03-24,Salary,22040.0,Lunch
10/19/2023,Others,55732.0,Fixed deposit
04-09-24,RENT,8336.0,Online course
2024-02-18,Traval,-1000.0,Shopping
,Entertain,8041.0,Grocery shopping
2021-08-02,utilities,2104.0,Books
12/30/2022,Education,4228.0,Doctor consultation
2024-04-19,Utilities,6488.0,EMI payment
20-08-2023,Others,38336.0,misc
01-08-22,Food,2075.0,Uber ride
08/29/2024,Foodd,4027.0,Lunch
07/16/2022,education,-500.0,Monthly rent payment
2022-06-05,Foodd,3297.0,misc
2022-09-29,Fod,6082.0,Petrol
2021-10-24,Salary,58626.0,Grocery shopping
10-07-2024,Investment,,Movie tickets
2022-05-19,Food,3387.0,Doctor consultation
2021-12-29,Others,7781.0,Doctor consultation
2023-11-08,Salary,50508.0,Fixed deposit
2024-11-29,HEALTH,2420.0,Restaurant dinner
21-01-21,entertainment,2871.0,Online course
20-03-23,Entrtnmnt,4713.0,Uber ride
21-12-2024,Rentt,34917.0,misc
2024-08-18,utilities,,Train ticket
2024-10-14,Investment,61673.0,Train ticket
11/26/2022,Utlities,3749.0,Lunch
19-08-23,Entrtnmnt,4708.0,Grocery shopping
2022-09-04,health,4643.0,Lunch
2024-02-26,Helth,6070.0,Electricity bill
17-10-23,Bonus,31267.0,Electricity bill
08/11/2024,Food,4418.0,Movie tickets
2021-11-15,education,1660.0,Shopping
2024-07-30,RENT,1846.0,Lunch
2022-12-07,Rent,15334.0,Gym membership
07-11-23,Rnt,7326.0,Online course
,Utilties,,asdfgh
04/10/2023,Utilties,3388.0,misc
26-09-24,Food,4225.0,Internet bill
07-06-23,Travel,5192.0,!!!
01/22/2022,Rnt,4635.0,Monthly rent payment
07-12-22,Utility,6521.0,Coffee
2023-02-27,Rentt,18868.0,Doctor consultation
22-02-24,Freelance,38115.0,test
08/08/2023,TRAVEL,559.0,Books
09/09/2023,Utlities,9778.0,!!!
09/08/2023,EDU,,test
08/13/2024,travel,7543.0,Lunch
25-08-24,Rnt,9462.0,test
31-03-24,rent,6386.0,xyz123
2023-07-20,FOOD,7230.0,Restaurant dinner
2024-10-09,Utility,8349.0,Restaurant dinner
2022-03-02,Utilties,5681.0,Restaurant dinner
20-11-21,Investment,13016.0,Train ticket
2022-05-16,Rent,9691.0,Internet bill
08/20/2024,Rnt,9688.0,Uber ride
2024-02-13,Rent,25526.0,Gym membership
09/13/2024,Traval,7684.0,Medicine
16-11-2021,Foodd,2231.0,Grocery shopping
11-08-2022,Travl,1963.0,Monthly rent payment
2021-12-18,Entertainment,3596.0,Internet bill
22-08-22,food,,Electricity bill
15-10-2021,Foods,269.0,Books
31-10-21,rent,1643.0,ATM withdrawal
01-01-21,Travl,6381.0,Gym membership
04/16/2022,Travel,9888.0,Shopping
02/22/2021,Rnt,4801.0,Coffee
09-10-2023,Rent,42113.0,Medicine
07-10-22,savings,5741.0,Electricity bill
08/26/2021,education,7656.0,Electricity bill
04-06-23,Educaton,999999999.0,Online course
2021-01-29,Freelance,59567.0,Shopping
2023-06-03,Food,2067.0,Medicine
05-03-2021,Rnt,1161.0,test
16-07-21,Travl,7752.0,misc
07-02-24,Travl,6014.0,Train ticket
2021-10-21,RENT,3764.0,Lunch
2023-01-11,TRAVEL,575.0,Restaurant dinner
12/16/2021,Traval,9736.0,Uber ride
15-10-22,Rent,40986.0,ATM withdrawal
01/14/2023,Rent,15227.0,Petrol
2021-12-03,education,7215.0,asdfgh
08/19/2021,Rentt,20747.0,Restaurant dinner
20-07-22,Food,124.0,Fixed deposit
10/04/2021,Fod,2624.0,Uber ride
08-01-22,Food,3737.0,test
04-09-23,travel,132.0,Shopping
06-11-24,Freelance,73343.0,Petrol
2023-01-02,Entrtnmnt,7824.0,EMI payment
2021-08-09,TRAVEL,-500.0,Doctor consultation
2024-06-05,Investment,17178.0,Electricity bill
03/19/2023,Travl,8557.0,xyz123
2022-03-14,SAVINGS,3176.0,Monthly rent payment
05/28/2023,Traval,9072.0,Monthly rent payment
2021-07-09,Rentt,14746.0,Shopping
27-04-23,health,3412.0,Shopping
2022-06-15,Rentt,34196.0,asdfgh
2022-09-09,Rnt,,test
06/21/2021,entertainment,7848.0,Coffee
08/03/2023,Entrtnmnt,6997.0,Petrol
15-09-2022,RENT,6462.0,xyz123
2022-12-23,Rent,40564.0,Uber ride
09/14/2021,Fod,7147.0,Movie tickets
2022-10-13,Rentt,36242.0,Books
25-02-2023,Rent,43992.0,ATM withdrawal
12-02-24,Bonus,79859.0,Movie tickets
21-12-2024,Foods,1694.0,Train ticket
2024-03-17,travel,975.0,xyz123
27-10-23,Foodd,3323.0,test
07/31/2021,FOOD,9440.0,Monthly rent payment
2023-09-06,TRAVEL,6539.0,Train ticket
31-07-21,TRAVEL,6763.0,Electricity bill
05/07/2022,Travel,1440.0,Coffee
2021-12-19,RENT,6171.0,misc
25-12-21,Traval,6098.0,Online course
16-09-21,FOOD,1785.0,Gym membership
22-04-2024,Utilities,1140.0,Train ticket
2022-03-24,Traval,4115.0,ATM withdrawal
2023-04-12,food,5139.0,test
11/03/2023,Foods,2719.0,Monthly rent payment
2023-03-04,Travel,6515.0,Internet bill
,Rent,40759.0,EMI payment
07-05-2024,Salary,11581.0,Coffee
2022-10-04,Utilities,,Online course
12/21/2023,education,583.0,xyz123
20-11-23,Rent,11529.0,xyz123
06/23/2024,Fod,7307.0,Books
07/09/2022,Rentt,45399.0,Fixed deposit
01/22/2023,Education,5911.0,Uber ride
10/15/2021,Salary,47584.0,Online course
2024-12-13,RENT,4678.0,Train ticket
16-06-23,Foods,323.0,Monthly rent payment
2021-10-27,Freelance,56659.0,Movie tickets
20-12-22,Education,4644.0,Movie tickets
2022-02-23,Rentt,999999.0,Coffee
24-11-21,rent,,Restaurant dinner
04-05-2023,Utility,805.0,Coffee
28-07-22,food,3002.0,Train ticket
02/20/2023,Traval,6569.0,xyz123
16-09-2022,education,5980.0,Monthly rent payment
2023-07-08,Rent,48918.0,Grocery shopping
03/29/2022,education,1410.0,Lunch
2023-12-17,Bonus,74980.0,Fixed deposit
25-04-23,HEALTH,357.0,Fixed deposit
26-02-23,HEALTH,4382.0,Gym membership
2021-01-13,entertainment,2668.0,ATM withdrawal
2022-02-02,Travel,6148.0,misc
2024-06-10,travel,9112.0,Coffee
2021-09-20,RENT,6348.0,xyz123
07/19/2022,Foods,1091.0,Electricity bill
11/13/2024,food,7922.0,Doctor consultation
08/06/2023,rent,7991.0,Lunch
11-05-2022,Freelance,40785.0,Monthly rent payment
2021-11-27,Investment,47184.0,Grocery shopping
03/10/2023,Food,3873.0,Lunch
31-07-24,Fod,3445.0,EMI payment
21-01-23,Entertainment,8545.0,Online course
06/20/2024,Rnt,9502.0,xyz123
04/05/2022,Utilties,4386.0,Electricity bill
2023-07-20,utilities,2635.0,xyz123
2022-09-11,Investment,31695.0,Grocery shopping
23-06-23,HEALTH,5718.0,Uber ride
2024-01-21,Utilties,1012.0,Books
2022-07-31,Rnt,2376.0,!!!
2024-02-11,rent,3838.0,Lunch
2022-08-01,Travel,1402.0,Movie tickets
27-12-23,Utilities,9784.0,xyz123
2024-12-11,Entrtnmnt,6216.0,Monthly rent payment
2021-01-14,Rentt,27805.0,Shopping
2023-12-06,health,6854.0,!!!
25-01-2021,Bonus,32645.0,Coffee
2021-08-15,Entertain,4286.0,Internet bill
10/12/2023,rent,1920.0,Restaurant dinner
23-02-2023,Education,8725.0,Fixed deposit
12/02/2021,TRAVEL,8955.0,Grocery shopping
08-05-22,FOOD,1810.0,Lunch
2022-04-10,Travl,2269.0,Gym membership
23-01-22,Entrtnmnt,2365.0,ATM withdrawal
12/20/2024,Utilities,3170.0,asdfgh
2022-07-10,FOOD,3926.0,Coffee
2024-09-24,Utilities,3624.0,test
09/06/2024,rent,3143.0,Shopping
2022-12-01,Rentt,39313.0,Movie tickets
02/07/2024,Rentt,28033.0,Monthly rent payment
06-04-24,Rent,18307.0,misc
11/05/2022,Foods,3966.0,Movie tickets
22-08-23,Travel,6869.0,Online course
2023-02-27,Utilities,8122.0,ATM withdrawal
2021-10-07,Rnt,2101.0,Electricity bill
04-06-23,rent,4331.0,Train ticket
,Educaton,6904.0,!!!
15-11-22,Rent,41970.0,Fixed deposit
2022-08-07,Educaton,793.0,Doctor consultation
03-03-2022,EDU,8719.0,ATM withdrawal
09/24/2022,Others,38304.0,ATM withdrawal
2023-07-11,food,6534.0,Electricity bill
04-01-2022,Utlities,2263.0,Gym membership
2023-03-09,utilities,0.0,test
06/05/2022,Food,3122.0,ATM withdrawal
01-03-22,Travel,6516.0,Lunch
04/03/2022,Educaton,1669.0,Movie tickets
24-11-24,TRAVEL,8872.0,!!!
04/15/2021,entertainment,6963.0,test
03/18/2021,Entertainment,9377.0,Lunch
11-09-2023,food,1066.0,Shopping
2023-07-20,Rent,5900.0,Grocery shopping
14-08-24,Savings,5183.0,Online course
25-05-2022,Utlities,9760.0,Monthly rent payment
2022-04-10,Health,4283.0,test
03/29/2023,rent,743.0,Fixed deposit
06-07-23,Foods,2154.0,Shopping
2021-09-13,Others,26949.0,Fixed deposit
2024-05-01,SAVINGS,162.0,Lunch
18-04-2024,Salary,44083.0,Gym membership
2024-02-24,Rnt,3980.0,Uber ride
2021-11-02,Food,,Medicine
01/24/2024,FOOD,6863.0,Petrol
17-03-24,Foodd,2254.0,Grocery shopping
09/11/2024,Travel,3098.0,Gym membership
04/02/2024,rent,2880.0,EMI payment
18-01-2021,Bonus,79079.0,Lunch
2024-04-10,Travel,3208.0,Fixed deposit
2024-08-13,Fod,8378.0,misc
2021-07-15,Salary,28527.0,Online course
2021-11-10,Traval,4068.0,EMI payment
2021-02-21,Salary,18885.0,ATM withdrawal
2022-01-18,Rentt,22214.0,Coffee
04/09/2023,Misc,715.0,Doctor consultation
12/12/2024,HEALTH,8707.0,Gym membership
17-11-23,Entertainment,5047.0,!!!
2023-09-30,Others,41429.0,Fixed deposit
2021-07-14,Foods,3173.0,test
07/03/2022,Freelance,59068.0,Restaurant dinner
06/08/2023,FOOD,5750.0,Train ticket
12/17/2022,Rentt,33148.0,Medicine
03/24/2023,Freelance,42808.0,Train ticket
02/23/2021,Rnt,,Lunch
2022-11-06,Rnt,100.0,Doctor consultation
19-11-2024,Rent,47904.0,Fixed deposit
2021-10-17,TRAVEL,5453.0,Shopping
03/04/2022,Travel,7822.0,Electricity bill
03-04-21,savings,2841.0,Coffee
,Utlities,2404.0,Lunch
20-06-22,Freelance,36776.0,!!!
21-09-2023,Rentt,11763.0,Books
2024-01-18,Fod,6245.0,Petrol
02-10-2024,Fod,8818.0,Movie tickets
2022-09-11,others,597.0,Lunch
2022-09-22,Travl,1909.0,Train ticket
04/09/2022,Entertainment,0.0,ATM withdrawal
2021-08-06,Rent,17150.0,misc
2022-05-06,Investment,40009.0,Train ticket
04/02/2021,Food,2670.0,misc
08/24/2023,education,9417.0,Internet bill
05/24/2022,Fod,3463.0,ATM withdrawal
10-08-23,Rentt,46116.0,!!!
,Foods,1990.0,Grocery shopping
01/02/2022,RENT,,Monthly rent payment
2023-01-22,Utilities,1453.0,misc
21-08-23,RENT,8903.0,ATM withdrawal
2021-10-29,Education,5556.0,Grocery shopping
09-08-2023,entertainment,7151.0,Restaurant dinner
25-11-21,Rentt,30204.0,ATM withdrawal
2021-04-16,Traval,3078.0,asdfgh
06-12-24,savings,9136.0,misc
13-07-22,food,6818.0,Books
04/10/2022,Education,395.0,ATM withdrawal
20-08-24,Others,,Shopping
2021-05-18,Other,3605.0,EMI payment
15-07-2022,Bonus,59853.0,Electricity bill
07/05/2023,Travel,9659.0,Grocery shopping
2023-09-04,savings,,EMI payment
2022-12-19,rent,4460.0,!!!
2023-09-22,Travel,0.0,Online course
2021-01-16,savings,8747.0,Fixed deposit
12/25/2023,Entertain,4069.0,Electricity bill
2023-03-20,Utlities,757.0,Restaurant dinner
04/07/2023,Rnt,2582.0,Lunch
08/10/2024,Utility,1173.0,Electricity bill
05/31/2021,Utilities,1820.0,misc
08-02-22,savings,2055.0,Restaurant dinner
2022-02-27,Helth,8947.0,Monthly rent payment
,utilities,6454.0,Train ticket
2024-05-13,Others,45070.0,Books
2022-10-29,Entertain,6690.0,Internet bill
2023-02-09,HEALTH,5485.0,ATM withdrawal
2021-10-28,Others,10340.0,Monthly rent payment
21-04-24,FOOD,2507.0,Restaurant dinner
10/23/2021,RENT,,xyz123
2022-09-04,Traval,7087.0,Doctor consultation
2022-08-27,Educaton,9335.0,Monthly rent payment
2022-01-09,Foods,490.0,Internet bill
16-08-22,RENT,5669.0,Books
2024-02-08,Freelance,74617.0,test
2022-06-02,Health,5242.0,Medicine
02/05/2024,food,7233.0,xyz123
09/20/2023,Saving,9039.0,Medicine
15-11-22,SAVINGS,7107.0,Shopping
2021-01-01,Rnt,1575.0,Doctor consultation
2021-05-16,rent,9655.0,!!!
03/19/2024,Food,4214.0,Grocery shopping
13-01-22,EDU,8466.0,Gym membership
2024-07-05,Others,13374.0,Coffee
2021-10-04,Rnt,8947.0,Medicine
23-12-2023,Food,2569.0,Fixed deposit
26-12-2022,Others,36459.0,Coffee
24-05-24,FOOD,2372.0,Uber ride
2024-04-07,education,2511.0,Grocery shopping
06/26/2021,Travl,7794.0,test
2021-01-04,Others,15033.0,EMI payment
05/14/2024,Bonus,76472.0,asdfgh
01/17/2022,health,3707.0,xyz123
26-08-23,Traval,9947.0,asdfgh
2022-09-04,entertainment,4759.0,Uber ride
03/26/2021,utilities,5240.0,Fixed deposit
11-09-24,food,6839.0,Train ticket
06/10/2021,Fod,8001.0,Lunch
10-12-21,Fod,-500.0,Train ticket
06/01/2022,Traval,7206.0,EMI payment
16-03-2024,Travel,5495.0,EMI payment
12-12-2024,Rnt,1857.0,Grocery shopping
2022-03-20,Utilties,8759.0,test
05-05-24,Entertainment,3543.0,Books
2022-06-01,Travl,5718.0,xyz123
30-12-21,rent,2023.0,ATM withdrawal
13-05-22,Food,2952.0,Movie tickets
2023-12-09,RENT,7945.0,!!!
2024-06-13,education,5749.0,ATM withdrawal
12/12/2023,rent,2792.0,asdfgh
2024-10-22,Utility,2188.0,Petrol
08/04/2021,Entrtnmnt,5631.0,asdfgh
,Fod,4754.0,Train ticket
2022-06-10,Entertain,4897.0,Lunch
2021-10-14,rent,3449.0,Internet bill
2024-03-20,food,2932.0,Books
15-12-2024,Saving,7585.0,Monthly rent payment
2022-02-03,FOOD,644.0,!!!
2023-08-14,Rent,999999999.0,Online course
2021-03-29,Entertain,6127.0,Electricity bill
2021-07-21,savings,5515.0,Electricity bill
2024-04-05,Bonus,76378.0,Uber ride
2023-10-12,Health,6619.0,Movie tickets
08-09-22,Utilities,4838.0,Restaurant dinner
2024-10-10,health,5542.0,Coffee
04/05/2024,Food,1609.0,misc
2024-06-24,utilities,982.0,xyz123
21-08-23,Utilities,7812.0,Petrol
2023-12-14,Fod,8081.0,Gym membership
2022-02-19,Traval,9159.0,xyz123
2021-04-04,Fod,2770.0,Coffee
03/11/2022,Entertainment,8821.0,Coffee
13-07-2024,entertainment,1020.0,Electricity bill
2023-10-01,Food,698.0,Grocery shopping
20-06-2022,Entertain,8011.0,Internet bill
01/08/2023,EDU,9705.0,Train ticket
09/15/2023,Rent,14844.0,Petrol
2022-07-12,Entertainment,3794.0,!!!
05/28/2022,education,3270.0,Grocery shopping
09/15/2023,Salary,14832.0,misc
18-01-2024,Utlities,6716.0,test
19-12-23,RENT,5838.0,Lunch
2021-09-07,entertainment,1691.0,Electricity bill
30-10-22,Rent,23284.0,Electricity bill
04-01-2022,Utlities,2064.0,Restaurant dinner
2022-06-02,Rent,46496.0,test
,Foods,4776.0,Internet bill
10/09/2023,utilities,7469.0,Electricity bill
2022-07-29,RENT,6833.0,EMI payment
2023-04-21,Investment,49033.0,asdfgh
27-03-23,rent,999999999.0,Grocery shopping
11/04/2023,SAVINGS,6984.0,test
24-03-2023,Utilities,5973.0,Internet bill
2023-01-03,Travl,3785.0,Grocery shopping
06-06-21,Rnt,5593.0,Restaurant dinner
2022-02-14,Others,34683.0,Train ticket
14-01-23,TRAVEL,230.0,Movie tickets
2021-06-02,rent,8810.0,Restaurant dinner
2021-01-08,Fod,8702.0,Internet bill
2024-10-14,Traval,1635.0,ATM withdrawal
2022-10-25,Foodd,1131.0,Train ticket
2023-03-11,Utilties,709.0,Train ticket
2022-06-08,Entrtnmnt,999999999.0,asdfgh
01/08/2021,Utilties,5458.0,Gym membership
10/10/2021,FOOD,921.0,Books
2021-04-30,food,427.0,Coffee
03/10/2024,Entertain,,Movie tickets
2021-12-05,Entertainment,999999999.0,Train ticket
05/30/2021,Rnt,1012.0,Restaurant dinner
01/03/2024,Entrtnmnt,5363.0,Fixed deposit
24-08-22,health,850.0,misc
22-01-23,Investment,37262.0,Books
2023-11-08,Utilities,8528.0,Train ticket
01-04-23,Entertainment,788.0,Books
2023-12-10,Entrtnmnt,7226.0,Petrol
01-06-2024,RENT,7519.0,Books
2022-07-29,FOOD,9521.0,Grocery shopping
08/08/2023,Rent,43044.0,Movie tickets
17-12-21,Utlities,4915.0,misc
04/13/2024,Salary,79454.0,Lunch
2023-09-13,food,2545.0,Uber ride
,Freelance,20604.0,!!!
20-06-22,food,4500.0,Fixed deposit
2023-07-01,Utlities,6730.0,Grocery shopping
08-12-2022,Entertain,1418.0,Train ticket
2024-02-22,Health,6427.0,Restaurant dinner
14-08-22,food,3358.0,!!!
05-04-2024,Rnt,5725.0,Coffee
,Entertain,7580.0,Fixed deposit
04-04-21,education,2326.0,misc
2024-11-04,Helth,402.0,xyz123
14-02-22,food,5993.0,Doctor consultation
2022-12-26,food,4931.0,Coffee
09-08-22,Foodd,4832.0,misc
09-01-2021,Fod,1091.0,Petrol
01-03-2024,Travl,6955.0,Petrol
12-06-23,Foods,999999.0,Gym membership
2023-11-18,Foods,1199.0,Internet bill
15-06-2021,Helth,5092.0,test
07-04-22,Utilties,1246.0,ATM withdrawal
2022-02-26,TRAVEL,5167.0,Coffee
18-03-24,Freelance,29973.0,misc
19-03-21,FOOD,3124.0,Uber ride
08/22/2023,savings,9530.0,test
2021-10-11,Bonus,31487.0,Grocery shopping
2023-06-26,Freelance,49188.0,Internet bill
06-04-22,utilities,6870.0,Medicine
02-04-21,RENT,3896.0,Movie tickets
09-08-2023,TRAVEL,7285.0,Monthly rent payment
02/17/2023,Rentt,6026.0,!!!
04/02/2022,rent,1690.0,Online course
2022-11-03,TRAVEL,8001.0,Gym membership
02/27/2023,Foodd,3228.0,Fixed deposit
2024-06-12,Food,3531.0,Doctor consultation
12-07-24,entertainment,8711.0,Gym membership
2023-05-11,Entrtnmnt,8024.0,Books
12/15/2022,food,5877.0,Electricity bill
2021-06-23,utilities,2253.0,Movie tickets
08/16/2024,Fod,8697.0,Online course
09-04-23,RENT,7957.0,Internet bill
2021-05-16,RENT,2108.0,!!!
2022-04-08,Utilties,1850.0,ATM withdrawal
2021-04-03,Rent,45370.0,Books
20-02-2021,utilities,5814.0,Online course
09-10-2021,utilities,8030.0,ATM withdrawal
10/18/2021,HEALTH,5335.0,Gym membership
09/27/2021,Utilities,9021.0,Internet bill
04-11-22,Investment,73956.0,Gym membership
11/01/2022,travel,1570.0,Electricity bill
2023-05-13,Travl,3019.0,Electricity bill
2021-05-31,Foods,1226.0,asdfgh
07/23/2023,Travl,4311.0,Doctor consultation
08/19/2024,TRAVEL,7771.0,Internet bill
29-04-2023,Education,9076.0,Fixed deposit
07/13/2022,Entrtnmnt,6332.0,Grocery shopping
20-05-24,SAVINGS,7660.0,Medicine
07-05-2024,Rnt,1475.0,Books
2021-02-27,TRAVEL,5885.0,xyz123
2021-03-01,Entertainment,8794.0,Grocery shopping
2023-11-27,Utility,4838.0,Monthly rent payment
17-03-24,Foodd,798.0,EMI payment
05/20/2021,Health,9628.0,Monthly rent payment
2024-08-12,Others,41460.0,Electricity bill
12-03-21,Travl,9903.0,xyz123
07-02-2021,TRAVEL,956.0,Coffee
18-03-2024,utilities,9781.0,Doctor consultation
08/25/2023,Utility,9767.0,Online course
24-02-21,Entertain,3693.0,Fixed deposit
10/15/2024,Utilities,6291.0,Electricity bill
03/30/2024,Bonus,77481.0,Lunch
11/13/2022,FOOD,2883.0,Movie tickets
03/06/2021,Entertainment,5125.0,Electricity bill
2021-10-05,food,9451.0,Movie tickets
2023-06-18,Travel,8182.0,Train ticket
11-02-2024,Helth,9075.0,Medicine
08/23/2024,food,7719.0,xyz123
11/16/2021,Utilties,9109.0,test
2021-02-20,Travel,780.0,Online course
2024-03-31,Entrtnmnt,1980.0,Online course
02/10/2023,TRAVEL,4300.0,Movie tickets
2023-10-26,Salary,11610.0,Lunch
2021-02-10,Food,2464.0,Online course
2022-09-09,Entrtnmnt,-500.0,asdfgh
07-07-23,Utilities,0.0,Restaurant dinner
2021-02-27,HEALTH,,Fixed deposit
04-12-23,Misc,2633.0,Medicine
10/31/2021,rent,0.0,EMI payment
08/24/2023,RENT,9805.0,Grocery shopping
11-07-24,TRAVEL,,test
2022-08-12,travel,6381.0,Grocery shopping
01/09/2024,Food,4184.0,ATM withdrawal
2024-04-29,Freelance,22105.0,asdfgh
2021-06-27,EDU,,Lunch
06/26/2024,Rnt,999999999.0,Online course
2021-03-09,SAVINGS,6004.0,xyz123
2024-08-09,Rentt,5275.0,misc
2022-09-21,Rent,19462.0,misc
2022-02-27,Utilties,3824.0,Restaurant dinner
2024-01-16,Rentt,38553.0,misc
23-08-21,Rent,10050.0,Grocery shopping
2021-04-16,Utlities,5786.0,Coffee
08/12/2022,Travl,3096.0,EMI payment
2023-12-13,Rnt,3820.0,Online course
2024-02-13,education,7698.0,Coffee
2021-06-27,Salary,27406.0,Lunch
02-09-23,Others,20102.0,misc
06/17/2023,RENT,1590.0,Internet bill
26-08-24,Utlities,3972.0,Movie tickets
07/28/2022,travel,9254.0,EMI payment
31-01-2021,Utilties,8629.0,Internet bill
01/12/2023,Health,2897.0,Lunch
2024-12-12,Travl,1836.0,Online course
30-07-22,Utlities,7006.0,Medicine
26-10-23,Freelance,29233.0,Grocery shopping
04/02/2024,Entertainment,3832.0,Uber ride
2024-06-08,Others,57203.0,misc
2024-08-29,Utilities,3017.0,EMI payment
18-09-24,Foodd,,!!!
08/21/2022,Food,1245.0,test
11/11/2024,Foods,2435.0,ATM withdrawal
04/05/2024,Foodd,2555.0,test
2023-12-23,Foodd,1822.0,Monthly rent payment
09/30/2022,Utilities,8431.0,test
05-02-2023,utilities,9942.0,Uber ride
07/20/2022,Foods,2325.0,Electricity bill
,RENT,3744.0,Internet bill
2021-02-06,Rnt,6737.0,misc
2021-11-04,Food,842.0,Monthly rent payment
10/02/2023,RENT,7975.0,test
2023-07-20,Health,3428.0,Gym membership
2023-05-26,Entertain,8529.0,Books
2023-05-01,Utilities,7800.0,Medicine
2021-06-03,travel,3417.0,misc
2024-10-14,Others,74866.0,Grocery shopping
2024-11-07,SAVINGS,212.0,EMI payment
,Entertain,9172.0,Fixed deposit
2021-12-05,Entrtnmnt,2103.0,asdfgh
02/27/2022,Rnt,1897.0,Books
01/28/2021,travel,,Electricity bill
04/27/2022,Travl,2694.0,Grocery shopping
12-06-2024,food,1435.0,Coffee
26-04-2021,Investment,28864.0,Fixed deposit
2024-02-23,RENT,8555.0,Uber ride
2023-12-23,Entrtnmnt,6232.0,test
07/04/2023,rent,5668.0,ATM withdrawal
07-11-21,FOOD,5967.0,Coffee
12/01/2021,Rnt,9788.0,Lunch
07-09-2021,Travl,9882.0,Monthly rent payment
2024-10-22,Foodd,3229.0,Medicine
2024-06-18,Foods,2932.0,EMI payment
2024-02-02,Entertain,7262.0,!!!
10/02/2024,Foods,88.0,Movie tickets
,RENT,5952.0,!!!
2024-09-03,Savings,7116.0,Gym membership
2024-03-20,RENT,8394.0,Coffee
11/25/2021,SAVINGS,,Electricity bill
2022-07-10,Others,999999999.0,test
2024-08-08,RENT,5384.0,!!!
03/10/2022,rent,8370.0,Train ticket
03/10/2021,Utility,9425.0,asdfgh
08-11-21,Entertainment,8896.0,!!!
10/07/2023,Saving,,misc
20-01-23,rent,0.0,misc
2024-01-23,utilities,134.0,Coffee
04-11-21,Rent,10249.0,Internet bill
02/23/2023,Entertain,5947.0,Petrol
2024-07-31,Travl,8012.0,Internet bill
2023-05-18,Investment,13052.0,EMI payment
04/01/2021,Utility,8306.0,Fixed deposit
2024-11-19,Utility,2657.0,misc
12/23/2021,Rent,47976.0,Shopping
24-03-21,RENT,5786.0,Electricity bill
16-07-2024,Foodd,3894.0,Grocery shopping
2021-01-05,SAVINGS,9248.0,Restaurant dinner
2021-09-07,travel,9506.0,Movie tickets
2024-03-11,Fod,5713.0,Fixed deposit
2021-11-20,RENT,5021.0,misc
,Bonus,23117.0,test
2024-06-14,Salary,72760.0,Gym membership
04-01-22,Entrtnmnt,7513.0,misc
08/19/2021,Utility,5725.0,Monthly rent payment
01/27/2022,Education,8687.0,Internet bill
2022-05-25,Travel,459.0,Movie tickets
06/25/2024,food,836.0,Petrol
2022-06-02,Health,5242.0,Medicine
,FOOD,999999.0,!!!
03/17/2023,Investment,52187.0,Fixed deposit
2024-12-27,Freelance,27050.0,asdfgh
13-04-21,Rentt,15540.0,Fixed deposit
2023-05-28,Fod,5205.0,Electricity bill
03/19/2022,Helth,,Lunch
25-12-21,education,9090.0,Electricity bill
11/28/2023,entertainment,5284.0,Books
02/20/2023,Helth,3577.0,!!!
01/23/2024,Fod,3368.0,Gym membership
2024-05-14,education,2104.0,Gym membership
2024-03-22,Fod,,!!!
02/06/2024,others,1141.0,!!!
08-02-22,food,3808.0,asdfgh
2024-05-15,EDU,5254.0,Doctor consultation
2022-10-01,Foods,4409.0,Petrol
03-01-24,Utilties,4331.0,Restaurant dinner
19-06-2023,Rent,8228.0,xyz123
07/15/2021,Rnt,,Uber ride
16-12-2023,Foods,480.0,misc
23-11-24,Rent,12152.0,Electricity bill
27-08-22,travel,7115.0,Fixed deposit
2024-02-07,utilities,7251.0,Petrol
2023-09-05,Rentt,14034.0,xyz123
06/09/2022,SAVINGS,5218.0,Books
2021-11-29,Salary,54235.0,Online course
05/16/2024,Freelance,44683.0,Internet bill
2021-03-05,Food,1530.0,Uber ride
01/25/2023,food,7860.0,Gym membership
11/25/2021,Salary,52808.0,test
,Foods,4237.0,Restaurant dinner
2022-01-23,Travl,5090.0,Shopping
23-10-23,Rentt,49692.0,Doctor consultation
04-12-23,Education,-500.0,ATM withdrawal
12/24/2021,utilities,8833.0,Movie tickets
2023-01-27,Utlities,7548.0,Coffee
01/02/2022,TRAVEL,3211.0,Uber ride
2022-06-20,Education,2654.0,Lunch
2021-09-17,Fod,6197.0,xyz123
31-01-22,Investment,31183.0,Shopping
11/24/2022,Fod,,xyz123
2022-11-12,Bonus,,Online course
16-06-2024,rent,682.0,misc
04/05/2024,Others,24961.0,Uber ride
11-11-21,Entertain,4372.0,xyz123
2022-02-10,Travel,9434.0,asdfgh
2021-03-28,Rnt,9917.0,misc
10/15/2023,travel,9035.0,Train ticket
2022-02-06,Investment,11162.0,xyz123
10-01-22,RENT,1774.0,asdfgh
15-05-2021,Educaton,6479.0,xyz123
2021-11-02,Others,68265.0,Train ticket
03/25/2024,travel,5852.0,Books
09-05-2024,Investment,,!!!
2023-03-29,Education,4723.0,EMI payment
04/01/2022,Entertain,1929.0,Lunch
12/25/2021,Educaton,1256.0,Online course
2023-02-16,travel,9939.0,Gym membership
09/08/2022,Foods,3918.0,Internet bill
04/24/2024,travel,7685.0,Train ticket
12/06/2021,Savings,999999999.0,Doctor consultation
05/31/2022,Utilties,332.0,Monthly rent payment
,Rnt,8378.0,test
08/12/2024,rent,8307.0,Monthly rent payment
08-01-2022,savings,3600.0,Gym membership
18-08-21,travel,9576.0,test
2022-06-21,Others,39248.0,Movie tickets
2022-09-23,rent,4629.0,Movie tickets
2024-04-26,Bonus,55767.0,Monthly rent payment
29-02-2024,Food,119.0,Fixed deposit
21-07-21,Rent,6334.0,Medicine
2024-12-21,Utilities,4100.0,misc
08/22/2021,Rnt,664.0,Shopping
21-12-2021,Food,3443.0,Books
10/15/2023,TRAVEL,5211.0,!!!
2023-07-30,Utilties,,Electricity bill
2022-01-03,TRAVEL,5655.0,Monthly rent payment
09-04-2021,FOOD,1826.0,Train ticket
06/24/2024,rent,3914.0,Grocery shopping
04/05/2024,Investment,32741.0,Uber ride
12-07-23,FOOD,3277.0,Electricity bill
2023-10-13,Bonus,26660.0,Shopping
2023-04-18,RENT,3125.0,!!!
2023-05-28,Foods,4506.0,Petrol
20-01-24,food,2114.0,xyz123
2022-10-06,Others,77493.0,Restaurant dinner
11/26/2021,Investment,27277.0,Petrol
2022-10-19,Salary,25714.0,Gym membership
03-08-2024,Rent,999999.0,xyz123
11/02/2021,FOOD,264.0,Coffee
2023-09-15,travel,8474.0,xyz123
2024-06-11,Bonus,38714.0,Restaurant dinner
2023-07-02,utilities,4043.0,EMI payment
2023-11-29,food,2072.0,Movie tickets
2022-01-21,travel,3154.0,Grocery shopping
03-04-2021,Foodd,4982.0,Restaurant dinner
11-12-21,FOOD,3263.0,misc
12/19/2021,Utilties,4056.0,Lunch
28-02-22,Fod,4409.0,Petrol
19-08-2021,Others,65687.0,Fixed deposit
09-03-22,RENT,5487.0,Electricity bill
03/14/2024,Food,,Petrol
,Food,2977.0,Grocery shopping
02-06-2022,Entertain,,test
24-12-24,travel,3070.0,test
2021-07-16,Salary,63910.0,Grocery shopping
2024-03-29,Utility,6985.0,Internet bill
04/09/2022,FOOD,7722.0,ATM withdrawal
06/02/2024,FOOD,8648.0,EMI payment
2021-12-10,Traval,9311.0,Medicine
07/11/2021,FOOD,8213.0,Doctor consultation
10/26/2024,Travel,6332.0,Movie tickets
2021-10-29,Utility,8571.0,Shopping
21-11-21,Fod,7161.0,Petrol
14-11-21,Others,47114.0,Online course
28-01-21,Entertain,8608.0,Internet bill
16-05-21,utilities,3761.0,EMI payment
23-05-22,Rentt,48922.0,Monthly rent payment
03/28/2021,rent,8630.0,EMI payment
,Foods,2380.0,Petrol
,health,2474.0,EMI payment
31-03-22,food,870.0,Movie tickets
2022-04-29,food,3156.0,EMI payment
2022-11-14,Foodd,536.0,Internet bill
2021-09-17,FOOD,1044.0,Online course
2023-06-22,Travel,999999999.0,Fixed deposit
2024-03-31,Entertain,1364.0,Electricity bill
2024-09-26,Rnt,6106.0,Grocery shopping
2023-10-07,OTHERS,5476.0,misc
,Food,1561.0,Online course
2024-09-08,Utlities,5919.0,Train ticket
22-05-22,Health,5023.0,Grocery shopping
01/02/2023,travel,5831.0,Train ticket
19-01-2021,travel,1214.0,Grocery shopping
2023-01-03,Entertainment,2747.0,Restaurant dinner
08/30/2023,Travel,4811.0,Medicine
2021-08-25,entertainment,5217.0,Petrol
2021-05-15,Travl,9636.0,Monthly rent payment
11-12-22,Fod,4465.0,Monthly rent payment
04/06/2021,Foodd,172.0,!!!
06-08-2022,RENT,2502.0,Gym membership
07/06/2023,Foodd,4406.0,Uber ride
2022-04-15,Investment,53538.0,Fixed deposit
28-05-2024,Utilities,4305.0,Doctor consultation
2024-08-21,Rentt,23463.0,Coffee
2024-03-10,TRAVEL,1295.0,EMI payment
23-09-2022,Traval,4913.0,test
2023-10-01,Travel,5157.0,!!!
09/21/2022,Educaton,7491.0,Shopping
,Travel,2047.0,Coffee
2023-04-10,Utilities,1675.0,Monthly rent payment
2023-05-12,Freelance,78210.0,Uber ride
2023-10-19,Foodd,3696.0,Medicine
2024-02-15,food,460.0,Internet bill
06/14/2023,Health,179.0,Shopping
05-12-23,RENT,2791.0,Fixed deposit
13-11-21,Rentt,40308.0,Restaurant dinner
22-02-2022,rent,5799.0,Train ticket
14-06-2022,Bonus,41823.0,!!!
2024-09-23,Utlities,521.0,Internet bill
12-01-2023,Food,4399.0,EMI payment
2022-11-13,food,3527.0,Internet bill
06/07/2021,Rnt,3685.0,Movie tickets
2021-11-08,food,8936.0,Uber ride
08/10/2024,Travel,8952.0,xyz123
02/27/2023,Fod,,Online course
2022-10-23,RENT,0.0,Medicine
2024-01-11,Utility,1915.0,Coffee
01/12/2021,Helth,1861.0,Shopping
14-05-24,food,8692.0,Grocery shopping
2024-06-16,Foodd,3629.0,misc
2022-09-03,Utility,4698.0,Monthly rent payment
19-10-2022,Travl,9922.0,!!!
02-08-2021,Salary,24125.0,asdfgh
17-04-2021,TRAVEL,3222.0,Medicine
11-09-24,Food,350.0,EMI payment
2023-02-06,Freelance,117318.0,Movie tickets
05/21/2022,FOOD,1517.0,Gym membership
26-09-22,Utilties,8019.0,Restaurant dinner
2024-12-08,Freelance,69214.0,!!!
2023-08-10,food,9919.0,ATM withdrawal
2021-12-27,Rnt,109.0,Fixed deposit
30-01-23,Food,4500.0,xyz123
2022-09-01,Freelance,60720.0,Doctor consultation
2024-09-05,rent,9247.0,Online course
24-11-2022,Traval,0.0,Books
,Rent,30936.0,Restaurant dinner
15-09-22,Travl,3301.0,Gym membership
25-07-2021,Food,3440.0,Gym membership
29-04-2023,Education,9076.0,Fixed deposit
2021-10-27,Entrtnmnt,1630.0,Monthly rent payment
2022-08-30,food,1225.0,Doctor consultation
02/23/2021,Rent,47664.0,Lunch
10/08/2023,Salary,74585.0,ATM withdrawal
10/05/2023,RENT,237.0,ATM withdrawal
11/21/2023,food,,Medicine
2021-03-30,Educaton,1134.0,ATM withdrawal
09-05-2023,Foods,1597.0,Gym membership
2024-11-10,Food,356.0,Monthly rent payment
02/25/2022,FOOD,2940.0,Restaurant dinner
2023-09-09,Bonus,46498.0,Fixed deposit
03/18/2021,Food,4477.0,Movie tickets
03/30/2024,food,1869.0,Monthly rent payment
05/31/2023,Rnt,3683.0,Doctor consultation
04/12/2023,Fod,7608.0,Petrol
2022-04-21,Bonus,20238.0,Monthly rent payment
2021-08-29,SAVINGS,8652.0,Shopping
03/22/2022,Entertain,1969.0,Grocery shopping
2021-01-16,Salary,72704.0,Coffee
11-04-2022,Bonus,584835.0,Coffee
25-01-2021,food,6365.0,!!!
2021-05-11,Utility,2539.0,misc
10-05-22,FOOD,181.0,Lunch
,Rnt,6610.0,Petrol
2023-05-01,Rent,22203.0,!!!
11/28/2024,FOOD,2346.0,Coffee
07/24/2024,Food,3745.0,Monthly rent payment
11/04/2022,Rnt,1204.0,!!!
2022-08-11,Entrtnmnt,5061.0,Gym membership
09/09/2022,Utlities,1016.0,Online course
08/05/2022,Education,5624.0,Monthly rent payment
2024-04-17,travel,5708.0,Petrol
07/26/2024,Others,47495.0,xyz123
2024-10-21,Foods,2286.0,Coffee
2024-09-24,utilities,9715.0,Coffee
,RENT,7828.0,Lunch
2021-10-02,RENT,-500.0,Shopping
2022-05-13,TRAVEL,2678.0,Lunch
2023-01-11,Health,4916.0,!!!
2022-10-18,Food,695.0,Restaurant dinner
18-07-24,Freelance,31832.0,ATM withdrawal
16-08-22,travel,8863.0,test
2023-03-01,Rent,36978.0,EMI payment
2022-08-28,education,8250.0,asdfgh
08/19/2024,RENT,2994.0,!!!
10-08-21,Travl,6883.0,Gym membership
01/09/2023,education,7419.0,Medicine
05/24/2023,Investment,40174.0,Uber ride
07-01-24,Bonus,33944.0,Train ticket
15-02-22,Freelance,53583.0,Electricity bill
08/29/2023,Fod,7037.0,xyz123
2022-03-28,rent,942.0,Coffee
2023-06-05,Travl,3748.0,EMI payment
19-08-22,Foodd,485.0,ATM withdrawal
23-05-2022,Entertainment,8658.0,Shopping
2021-03-25,education,,Shopping
09/05/2021,Traval,7619.0,Lunch
2022-12-21,Utilties,6313.0,Gym membership
01/17/2023,Fod,196.0,Train ticket
,Travl,-500.0,Restaurant dinner
2023-02-08,Bonus,70235.0,!!!
2023-02-12,Travel,4780.0,Restaurant dinner
2021-06-11,Investment,76326.0,Petrol
2021-05-15,food,7969.0,Coffee
09/21/2024,food,999999.0,test
01/04/2022,Travl,7009.0,Movie tickets
2023-06-26,FOOD,3272.0,Restaurant dinner
09/23/2023,Entertain,9490.0,Coffee
18-07-2024,Investment,37897.0,xyz123
09/10/2021,rent,5521.0,Grocery shopping
30-10-2023,Bonus,43303.0,asdfgh
2023-11-29,Saving,9597.0,Coffee
2024-10-30,TRAVEL,9296.0,Uber ride
25-09-22,FOOD,7502.0,Books
04/19/2023,HEALTH,2659.0,Coffee
20-10-23,Investment,47934.0,Medicine
18-05-2024,Health,6902.0,ATM withdrawal
08/28/2023,Entrtnmnt,5097.0,Train ticket
2023-06-28,Investment,71361.0,Internet bill
2021-09-12,education,6385.0,Electricity bill
2021-05-08,Entrtnmnt,9557.0,Restaurant dinner
2021-04-05,food,3570.0,Medicine
07/28/2023,Salary,,asdfgh
2023-12-04,Salary,34321.0,Lunch
2022-08-25,travel,7668.0,Monthly rent payment
09/20/2022,Helth,8407.0,Shopping
2023-12-05,RENT,6471.0,Train ticket
04/07/2024,Foods,1654.0,misc
2022-06-19,Food,3514.0,Online course
27-09-2021,Travel,2849.0,test
2022-03-23,Investment,,ATM withdrawal
2023-10-03,Foodd,1290.0,Petrol
2022-07-19,RENT,3462.0,Gym membership
03/07/2023,Rnt,4336.0,Books
2023-03-02,Food,3153.0,Movie tickets
29-04-22,Investment,15292.0,Train ticket
24-10-21,RENT,1027.0,Lunch
2023-12-22,Rent,47588.0,Monthly rent payment
2022-01-12,Food,4750.0,Monthly rent payment
03/22/2021,Freelance,72613.0,Medicine
11/04/2024,savings,2880.0,Coffee
2021-07-02,Travl,3489.0,xyz123
2022-09-22,Health,4186.0,Restaurant dinner
2022-09-12,health,9776.0,Internet bill
10-03-24,FOOD,3354.0,Shopping
12/12/2023,Others,62177.0,Internet bill
12/22/2023,travel,7174.0,test
2024-11-11,Salary,57103.0,Gym membership
09-04-24,education,334.0,Restaurant dinner
23-09-22,FOOD,8278.0,ATM withdrawal
21-07-2021,Foodd,,Lunch
07/18/2023,Freelance,59311.0,Restaurant dinner
2024-08-26,Investment,25583.0,xyz123
2022-04-24,Others,72998.0,xyz123
2021-04-13,Rnt,7786.0,Uber ride
2024-09-08,Foods,4220.0,test
2021-08-04,rent,9629.0,Gym membership
02/07/2021,Entertain,5486.0,asdfgh
17-08-23,Bonus,56088.0,Books
2024-09-24,RENT,327.0,EMI payment
30-07-2024,Bonus,78389.0,Internet bill
2021-08-19,SAVINGS,2858.0,Train ticket
2023-09-27,travel,4836.0,Petrol
2021-02-26,TRAVEL,731.0,Petrol
2023-01-03,Food,483.0,Train ticket
06-06-24,EDU,2829.0,Train ticket
09/30/2022,Rentt,21019.0,EMI payment
06/01/2023,Travl,8152.0,misc
26-03-23,Salary,53637.0,Books
2021-06-19,Traval,8171.0,Uber ride
02/15/2021,Others,71607.0,Monthly rent payment
15-07-2023,education,2276.0,Shopping
2022-04-02,Utility,5431.0,ATM withdrawal
10/06/2023,Fod,2321.0,EMI payment
02/17/2023,Health,3962.0,ATM withdrawal
14-05-2021,Food,4111.0,test
2022-09-22,Utilities,6772.0,Internet bill
2021-05-28,Rnt,7697.0,Monthly rent payment
29-04-2024,Bonus,,Medicine
2023-10-10,Utlities,9019.0,Monthly rent payment
2024-01-12,Fod,4811.0,Shopping
20-11-2024,Salary,51165.0,Electricity bill
09/02/2021,Utility,8895.0,Doctor consultation
,Food,4360.0,misc
2022-01-22,Fod,1706.0,Monthly rent payment
12/29/2022,Travel,455.0,Medicine
2022-07-26,Rent,,asdfgh
2024-09-21,Utility,4769.0,Coffee
01-05-24,rent,999999999.0,Movie tickets
09/07/2022,travel,5111.0,Medicine
08/15/2022,Others,65608.0,!!!
06/02/2024,Travl,3090.0,xyz123
2024-09-07,Food,1639.0,EMI payment
09/29/2024,Rentt,42938.0,Uber ride
2024-04-12,Food,-1000.0,Doctor consultation
12/28/2021,Utilties,1632.0,asdfgh
2021-04-03,Education,1920.0,asdfgh
2024-05-15,EDU,1849.0,EMI payment
03/19/2023,food,9691.0,Doctor consultation
18-02-21,Freelance,33502.0,xyz123
2024-10-10,Travel,7866.0,Medicine
13-08-21,FOOD,4444.0,Uber ride
2022-12-17,Travel,7375.0,Train ticket
20-04-24,health,3990.0,Shopping
2022-08-30,Bonus,38776.0,asdfgh
2024-04-16,Foodd,4699.0,Doctor consultation
09/27/2022,entertainment,6363.0,ATM withdrawal
03/26/2023,Foodd,218.0,test
22-10-2023,Fod,999999999.0,ATM withdrawal
2022-02-09,Utlities,4097.0,Movie tickets
11/02/2023,FOOD,999999.0,!!!
2023-06-25,Entertain,262.0,Shopping
10-02-22,Food,1811.0,xyz123
03/24/2023,Investment,,xyz123
01/02/2022,RENT,2332.0,Gym membership
06/09/2023,Bonus,26077.0,xyz123
09/14/2022,Food,1740.0,Fixed deposit
04-08-22,Educaton,9672.0,Movie tickets
2024-03-31,Entrtnmnt,8255.0,Coffee
2023-01-26,Utility,2586.0,asdfgh
11-08-2022,rent,509.0,Grocery shopping
08-06-2024,Fod,,ATM withdrawal
02-10-22,TRAVEL,3375.0,Uber ride
09/21/2022,Foods,4808.0,Monthly rent payment
2024-10-19,TRAVEL,3941.0,Grocery shopping
22-03-2021,travel,,Monthly rent payment
02/03/2021,Utility,999999999.0,asdfgh
10-02-2022,FOOD,903.0,Fixed deposit
2023-05-15,Entertainment,9289.0,Restaurant dinner
02/02/2022,Rnt,3143.0,Gym membership
2021-01-28,Traval,9231.0,Internet bill
15-06-21,Traval,1512.0,test
2023-07-22,Foodd,395.0,Books
2022-09-14,Salary,50866.0,xyz123
15-12-23,Food,4363.0,Online course
18-11-23,travel,4628.0,asdfgh
2023-12-31,Foods,3602.0,Movie tickets
21-05-2023,Others,3167.0,Medicine
2022-06-11,Education,7055.0,xyz123
2023-11-19,health,1955.0,Coffee
2024-01-10,Travel,0.0,Movie tickets
2024-07-28,Fod,7731.0,Grocery shopping
18-09-2023,Food,1568.0,asdfgh
11/14/2023,Fod,5063.0,Fixed deposit
2021-01-20,Freelance,12864.0,Train ticket
16-09-22,RENT,1882.0,test
10/11/2023,Bonus,17159.0,misc
2024-05-07,food,3559.0,Books
11-01-2021,Investment,26936.0,test
16-07-2023,Educaton,9853.0,Monthly rent payment
2021-09-12,rent,-500.0,Coffee
01/16/2022,Investment,277040.0,Monthly rent payment
05/25/2022,Food,864.0,Restaurant dinner
01/07/2024,TRAVEL,5841.0,EMI payment
2022-08-07,Rent,30827.0,Coffee
10-04-23,FOOD,3172.0,!!!
2024-08-28,HEALTH,1862.0,Fixed deposit
11/16/2021,food,6353.0,Movie tickets
07/12/2024,Entertain,5078.0,Restaurant dinner
17-04-23,Utilities,5647.0,asdfgh
03/17/2021,Utility,,Coffee
2021-01-02,Others,33639.0,ATM withdrawal
12/24/2023,education,8065.0,Grocery shopping
12/22/2024,Foodd,1070.0,Gym membership
01-12-23,Saving,5361.0,Doctor consultation
2023-05-09,Rentt,12479.0,xyz123
2022-10-06,HEALTH,9541.0,Shopping
2021-06-11,Travel,9968.0,Uber ride
,Food,2928.0,Monthly rent payment
2024-01-28,rent,999999999.0,Lunch
12-03-21,SAVINGS,9764.0,misc
04/29/2024,Fod,4854.0,xyz123
23-10-24,Food,3427.0,misc
2024-11-03,Entrtnmnt,5944.0,Doctor consultation
09/14/2022,health,2719.0,Internet bill
2022-03-13,health,2456.0,test
11-03-23,Others,17863.0,Train ticket
2023-11-03,entertainment,9022.0,Grocery shopping
08/17/2023,Entertainment,3668.0,Petrol
06-09-21,education,3461.0,Shopping
19-05-22,Helth,5291.0,Movie tickets
07-07-22,Entrtnmnt,4766.0,Gym membership
05/08/2022,Bonus,,Coffee
06-01-21,Entertain,5969.0,ATM withdrawal
2024-05-20,Investment,18637.0,Grocery shopping
09/01/2024,Fod,2089.0,Internet bill
10/01/2021,RENT,9720.0,Doctor consultation
07-03-22,Travl,7186.0,Train ticket
10/03/2022,RENT,5540.0,Grocery shopping
2022-05-24,Food,1364.0,Monthly rent payment
04/26/2022,Utility,9389.0,Books
2024-10-01,Food,4608.0,Electricity bill
2022-10-27,Education,4374.0,Uber ride
29-05-2023,rent,2474.0,Movie tickets
11/30/2024,Utlities,9108.0,asdfgh
10-04-2023,rent,5947.0,Internet bill
2024-04-27,Foods,720.0,xyz123
2024-05-15,rent,5964.0,Internet bill
2023-09-17,Rentt,-500.0,Lunch
11/08/2022,Investment,60227.0,Doctor consultation
04/05/2022,Travl,4517.0,Gym membership
09-08-23,Traval,2544.0,Electricity bill
2021-06-04,Investment,34515.0,Restaurant dinner
16-12-2023,Travel,177.0,ATM withdrawal
2021-12-17,Traval,8143.0,Electricity bill
2021-07-07,Travl,4950.0,Medicine
07/28/2024,RENT,1106.0,Coffee
02/26/2021,Foods,675.0,Restaurant dinner
01/07/2023,Utilties,648.0,EMI payment
15-05-22,food,8549.0,Fixed deposit
2021-02-20,Foodd,870.0,Books
11/15/2023,Education,5284.0,ATM withdrawal
,Fod,5536.0,ATM withdrawal
06/09/2023,Freelance,36011.0,EMI payment
2021-07-29,education,6733.0,Books
08/08/2021,utilities,1916.0,Lunch
2024-01-16,Freelance,59283.0,Uber ride
2024-03-07,Traval,2287.0,test
2022-06-24,Travel,6641.0,Fixed deposit
29-06-23,entertainment,4482.0,!!!
19-05-24,Investment,33182.0,misc
25-10-22,Travel,7686.0,Petrol
2024-04-16,utilities,7439.0,misc
2022-06-16,Utlities,788.0,test
27-12-24,Fod,4030.0,Uber ride
12/02/2024,Traval,990.0,Doctor consultation
2024-08-10,Traval,1759.0,Doctor consultation
2021-07-19,rent,9173.0,Movie tickets
2021-06-03,Salary,42810.0,asdfgh
2021-08-21,Utilties,,Doctor consultation
10-02-2022,TRAVEL,3619.0,xyz123
09-09-2022,Entertain,3513.0,Grocery shopping
29-08-22,Investment,25962.0,xyz123
2023-03-20,Freelance,52935.0,Uber ride
2023-05-04,health,1202.0,Internet bill
2022-03-06,Traval,9958.0,Grocery shopping
19-09-2023,RENT,9135.0,Grocery shopping
2024-12-15,FOOD,6358.0,Gym membership
27-03-2023,food,971.0,test
2024-03-18,Savings,-1000.0,xyz123
02-11-2023,FOOD,4386.0,Restaurant dinner
09/04/2023,TRAVEL,2349.0,Grocery shopping
13-05-24,Rnt,547.0,Fixed deposit
2024-01-04,EDU,4596.0,Uber ride
2024-09-03,Bonus,75084.0,Medicine
22-03-24,rent,3930.0,Monthly rent payment
2021-02-18,Traval,9142.0,Grocery shopping
2022-09-01,Bonus,76222.0,Petrol
2024-12-10,Rentt,44196.0,Internet bill
12/23/2024,Entertainment,9654.0,Lunch
2024-04-10,FOOD,6800.0,Doctor consultation
03/03/2021,Salary,49039.0,Train ticket
30-09-22,Helth,8099.0,Monthly rent payment
2023-10-28,Entrtnmnt,6836.0,Internet bill
,Rentt,10677.0,asdfgh
11/02/2021,Helth,848.0,Restaurant dinner
04-12-23,rent,9362.0,Grocery shopping
28-07-24,Utility,2427.0,Restaurant dinner
2021-10-22,Foodd,1074.0,asdfgh
20-04-2021,Foods,999999999.0,Train ticket
05/21/2023,Food,3364.0,Lunch
2023-10-05,TRAVEL,9941.0,Gym membership
2023-08-29,Rnt,659.0,Online course
12-01-23,Health,7002.0,test
2024-11-25,education,3417.0,Fixed deposit
05-08-24,Fod,1850.0,Train ticket
19-06-2023,FOOD,1432.0,Train ticket
2021-06-19,Travel,8998.0,Uber ride
22-05-23,Freelance,778549.0,Fixed deposit
2021-09-05,Utilties,4669.0,Electricity bill
11-08-24,Utilties,230.0,test
04/28/2023,TRAVEL,3579.0,Grocery shopping
04/05/2022,Entertainment,1005.0,Electricity bill
19-12-23,food,7568.0,Grocery shopping
09/04/2024,Bonus,69588.0,Petrol
12-04-24,Educaton,9368.0,Fixed deposit
16-06-23,Entertain,4530.0,Shopping
29-11-2024,Health,3281.0,Fixed deposit
07/16/2021,Investment,21910.0,!!!
08/28/2023,Utilties,5081.0,Lunch
2021-05-06,Foodd,1571.0,xyz123
20-03-24,Salary,856590.0,Movie tickets
2024-02-23,Travl,4828.0,Online course
01/31/2022,food,8716.0,xyz123
2024-08-12,SAVINGS,6496.0,Restaurant dinner
2023-12-11,Utilities,140.0,misc
09/04/2021,Others,12555.0,Monthly rent payment
07-10-24,Educaton,664.0,xyz123
2021-10-31,Salary,53234.0,Monthly rent payment
07/19/2024,Rnt,3675.0,Restaurant dinner
2024-07-30,Rentt,19125.0,Lunch
2021-05-28,Foods,1785.0,asdfgh
2024-04-10,Travel,1869.0,Electricity bill
12/28/2022,Foods,4965.0,Electricity bill
01/05/2023,Entertainment,3635.0,Online course
06-05-24,HEALTH,4350.0,!!!
2021-12-24,Rentt,46749.0,asdfgh
12/12/2021,Fod,2936.0,Doctor consultation
09-12-2024,Entrtnmnt,3740.0,!!!
2024-03-12,Rent,,Restaurant dinner
31-08-23,Foods,177.0,Coffee
2022-10-24,Fod,0.0,Gym membership
2022-12-21,utilities,9093.0,Gym membership
12/20/2022,utilities,4525.0,Train ticket
16-04-23,Freelance,24475.0,Train ticket
2023-09-15,Traval,,Coffee
02/26/2023,FOOD,2549.0,Electricity bill
2024-05-04,Fod,3654.0,Petrol
19-01-21,Bonus,150000.0,EMI payment
02/28/2023,Rentt,23668.0,ATM withdrawal
11/21/2024,Freelance,42909.0,Gym membership
2022-08-27,Freelance,909296.0,Books
2024-09-08,Rentt,-500.0,test
2022-09-07,Entrtnmnt,7781.0,EMI payment
01/12/2022,entertainment,8575.0,Petrol
2023-07-03,rent,6177.0,Movie tickets
26-06-23,Rentt,44270.0,xyz123
11-01-21,Investment,79285.0,Restaurant dinner
14-11-22,rent,8224.0,Movie tickets
,Educaton,1003.0,Petrol
02/04/2024,FOOD,6967.0,Online course
20-02-2022,Rent,13099.0,Movie tickets
2022-04-09,rent,2139.0,Restaurant dinner
2021-03-07,RENT,4013.0,Grocery shopping
03/17/2024,RENT,2619.0,Petrol
2024-08-16,Foodd,3972.0,Coffee
2024-11-02,Education,2247.0,misc
2023-12-10,Fod,8181.0,Uber ride
26-05-23,Travel,7429.0,Coffee
06/11/2021,Utilities,4821.0,Lunch
10/23/2023,education,6505.0,Medicine
09/11/2023,RENT,4354.0,Monthly rent payment
2022-08-01,Entertain,6121.0,ATM withdrawal
2021-06-23,Salary,15821.0,Uber ride
08/11/2023,Educaton,8069.0,Internet bill
11/28/2021,Salary,53170.0,Movie tickets
,Salary,73894.0,Lunch
05/02/2024,Health,2665.0,Online course
2024-07-31,Health,8483.0,Shopping
2023-04-19,Rentt,,Electricity bill
2024-10-12,RENT,1760.0,Books
02/23/2023,TRAVEL,2932.0,Petrol
20-10-24,Freelance,10100.0,Uber ride
2024-10-10,Entertain,4139.0,misc
05/12/2024,Traval,9131.0,Petrol
10-07-21,Travl,7976.0,Online course
29-07-22,health,7776.0,Train ticket
26-02-2022,utilities,999999.0,Shopping
02/24/2023,Rentt,19235.0,Doctor consultation
09/12/2023,Entertain,2539.0,misc
2021-10-27,HEALTH,921.0,misc
25-10-2022,Food,4720.0,Restaurant dinner
23-08-23,Freelance,32682.0,Fixed deposit
2022-07-22,Bonus,13927.0,Petrol
14-07-2022,others,4780.0,Gym membership
09/24/2022,Others,38304.0,ATM withdrawal
16-02-21,Fod,466.0,Shopping
2024-04-17,Food,4041.0,Monthly rent payment
29-01-23,Saving,568.0,Grocery shopping
18-07-23,Traval,342.0,Coffee
18-12-2024,Rnt,4495.0,Doctor consultation
07/13/2021,Salary,43831.0,Monthly rent payment
2022-10-20,Fod,2137.0,Medicine
13-01-2023,Rent,49024.0,EMI payment
11/01/2023,Entertain,4383.0,Fixed deposit
2021-02-24,Freelance,23426.0,Uber ride
2023-01-03,entertainment,4919.0,Medicine
2024-12-11,FOOD,3418.0,Doctor consultation
27-04-23,travel,-500.0,Online course
2023-12-24,Utilties,8540.0,Internet bill
07/10/2022,Rentt,12243.0,test
01/10/2024,education,6707.0,Train ticket
2024-12-31,FOOD,1113.0,Lunch
02/22/2022,rent,7209.0,Medicine
2024-12-02,Bonus,50145.0,Doctor consultation
2023-04-11,Food,4427.0,Gym membership
2022-11-14,Savings,7914.0,Internet bill
23-08-23,Utility,1932.0,Train ticket
06-06-2022,entertainment,3955.0,Grocery shopping
12/18/2023,Rnt,7221.0,Movie tickets
17-06-21,Travel,9630.0,test
02/27/2023,education,4443.0,ATM withdrawal
2024-04-04,Travel,8518.0,Restaurant dinner
2021-10-15,travel,9783.0,xyz123
16-02-22,entertainment,3301.0,Online course
2022-07-19,Entertainment,8242.0,xyz123
03/31/2022,Health,5057.0,Fixed deposit
13-05-24,Others,56954.0,asdfgh
16-05-2024,HEALTH,7187.0,test
01/09/2024,Savings,430.0,Train ticket
,Traval,9114.0,Online course
13-08-24,Foodd,215.0,Grocery shopping
01/17/2024,Rent,13925.0,EMI payment
2024-02-28,Health,2873.0,Gym membership
05-04-21,TRAVEL,1121.0,Uber ride
04-11-22,EDU,7084.0,Doctor consultation
09/21/2024,Education,4723.0,!!!
20-05-21,FOOD,3172.0,Fixed deposit
11-04-2022,Bonus,584835.0,Coffee
2024-03-24,Rnt,8499.0,Restaurant dinner
04/08/2023,Helth,8078.0,Books
03/13/2023,TRAVEL,1181.0,test
09-06-2021,Travel,8405.0,Lunch
14-05-2024,rent,3182.0,misc
09-03-2024,Food,1468.0,Grocery shopping
2024-03-15,Misc,5052.0,EMI payment
11-02-2021,Foodd,4105.0,EMI payment
2021-06-23,Education,6278.0,Movie tickets
08/31/2021,Rnt,3221.0,misc
2022-09-18,Rentt,40400.0,Lunch
01/08/2022,Traval,5053.0,asdfgh
07/06/2024,rent,5309.0,Doctor consultation
2023-10-28,Entrtnmnt,6113.0,Grocery shopping
2024-05-29,Foodd,2957.0,Monthly rent payment
,entertainment,3449.0,Movie tickets
11-11-2024,Foodd,463.0,Books
,rent,8091.0,test
01/30/2023,Foodd,3852.0,!!!
2022-04-14,Fod,3385.0,asdfgh
11-12-2024,Rentt,48027.0,Coffee
2021-02-13,entertainment,4122.0,Coffee
04-12-23,Utilities,393.0,!!!
2022-07-19,Salary,47971.0,Books
03-06-2023,Food,1744.0,Fixed deposit
2023-03-29,Food,194.0,Online course
12-06-2022,Others,30853.0,Grocery shopping
08/14/2022,EDU,6890.0,Doctor consultation
06/13/2023,Travel,5147.0,Shopping
02-08-2024,Bonus,22126.0,Internet bill
2021-01-01,Rent,12502.0,!!!
2024-08-15,Travl,8564.0,Lunch
04-09-2024,FOOD,1193.0,Medicine
09/23/2023,Food,715.0,Gym membership
29-11-2022,others,4713.0,Movie tickets
09-05-2022,FOOD,3756.0,Grocery shopping
17-03-2024,Fod,8530.0,Lunch
2021-12-16,TRAVEL,2543.0,Train ticket
03-06-2023,Savings,6960.0,Movie tickets
2023-05-09,Fod,7101.0,Shopping
03/27/2023,RENT,4342.0,!!!
05/26/2022,savings,5689.0,Restaurant dinner
2021-01-15,Freelance,43245.0,EMI payment
18-05-22,TRAVEL,1664.0,Lunch
10/10/2023,Entrtnmnt,6434.0,Movie tickets
01-04-23,Educaton,8295.0,Petrol
01-08-22,Rnt,9373.0,EMI payment
2023-12-08,Others,26382.0,asdfgh
23-04-21,rent,4219.0,xyz123
2023-01-17,Helth,2224.0,Shopping
06-01-2024,Foods,764.0,Grocery shopping
2023-05-08,Foods,3947.0,Shopping
2022-07-26,RENT,4421.0,asdfgh
05/11/2022,education,2428.0,asdfgh
2024-02-13,HEALTH,6176.0,Doctor consultation
2024-05-27,Freelance,41869.0,test
11/27/2023,Education,9117.0,misc
2023-08-31,EDU,4130.0,Electricity bill
25-08-23,Rent,11809.0,Online course
27-09-2021,Entertain,4285.0,!!!
19-10-2021,education,5390.0,test
2021-10-16,Utlities,1553.0,Internet bill
2023-05-04,Traval,7220.0,Online course
05/28/2023,Investment,70038.0,asdfgh
11-04-2024,Salary,55900.0,xyz123
13-05-2021,EDU,9054.0,Train ticket
01/06/2024,Foods,3706.0,Movie tickets
10/29/2021,Food,1234.0,Medicine
04/26/2024,Foods,500.0,Grocery shopping
2022-01-20,Travl,7667.0,Doctor consultation
07/29/2021,food,691.0,Medicine
2023-08-26,Educaton,6668.0,Monthly rent payment
2021-12-19,entertainment,2857.0,test
2023-11-18,Foods,4324.0,Coffee
2023-02-09,food,6971.0,Gym membership
2024-08-29,Helth,5332.0,Monthly rent payment
08/25/2021,Traval,1167.0,Train ticket
2024-12-23,Rnt,9244.0,Coffee
2023-10-09,travel,8875.0,test
2023-12-15,FOOD,4846.0,Restaurant dinner
,Educaton,7964.0,Online course
11/06/2024,Educaton,5977.0,Medicine
2022-10-06,Other,1845.0,Restaurant dinner
04-09-22,Utilties,5366.0,ATM withdrawal
2021-06-15,Foods,1141.0,Restaurant dinner
27-04-22,savings,8981.0,Electricity bill
08/11/2021,Investment,,Electricity bill
2023-03-18,Travl,7309.0,ATM withdrawal
07/24/2023,TRAVEL,6087.0,Restaurant dinner
20-08-2023,education,1544.0,Lunch
01/08/2021,FOOD,6656.0,asdfgh
08/26/2022,travel,3767.0,Electricity bill
02-02-2023,Entertainment,9985.0,Doctor consultation
2022-10-20,Food,1819.0,Movie tickets
14-04-2022,Freelance,61884.0,misc
2021-02-14,FOOD,9427.0,xyz123
06/12/2023,HEALTH,,Gym membership
12/04/2022,Helth,4860.0,Shopping
25-07-23,Entrtnmnt,1259.0,Internet bill
2024-03-10,education,366.0,ATM withdrawal
2021-05-14,education,8010.0,Internet bill
2023-09-08,Utlities,8964.0,Grocery shopping
2023-03-26,Helth,2844.0,Coffee
2023-11-16,travel,7031.0,Uber ride
12-12-22,Entrtnmnt,5705.0,Electricity bill
2024-10-15,Rnt,9896.0,Internet bill
08/19/2021,Educaton,5531.0,asdfgh
26-08-21,FOOD,999999.0,asdfgh
2024-04-01,Rnt,7820.0,EMI payment
28-04-21,TRAVEL,4002.0,test
11-07-21,Foods,1548.0,Uber ride
05/20/2021,Health,9628.0,Monthly rent payment
07/13/2024,Others,,misc
09/21/2024,Freelance,35621.0,Books
23-05-23,Utilities,9009.0,Fixed deposit
09/22/2022,Rent,17141.0,asdfgh
21-12-2023,TRAVEL,4462.0,Coffee
10/27/2024,Freelance,31683.0,Grocery shopping
11/11/2022,Utilities,4682.0,Train ticket
08/22/2023,Freelance,58737.0,Books
01-07-22,Traval,1454.0,Online course
06/26/2022,Fod,2407.0,Lunch
2022-11-16,Salary,79544.0,Online course
2024-02-04,Utilties,-1000.0,Movie tickets
2022-02-26,Foods,621.0,Shopping
12-05-22,Foodd,989.0,Grocery shopping
2023-04-22,health,8499.0,Monthly rent payment
26-01-2023,Utilities,9394.0,Doctor consultation
2023-02-09,Traval,1044.0,Petrol
2024-04-16,Investment,48387.0,Medicine
,food,5203.0,Movie tickets
03/11/2022,Educaton,9114.0,Uber ride
05-08-2022,Freelance,21518.0,Doctor consultation
12/06/2024,Utilties,6511.0,Petrol
2022-10-26,Travl,498.0,Lunch
2022-08-02,rent,8810.0,Electricity bill
2024-09-09,Salary,42681.0,EMI payment
19-08-23,Others,4349.0,Books
,Utility,8744.0,Internet bill
03/14/2023,food,103.0,Movie tickets
06-10-2022,utilities,7330.0,Monthly rent payment
22-09-23,food,8332.0,Uber ride
03/22/2022,Food,3819.0,ATM withdrawal
03/07/2021,Investment,40679.0,Medicine
2023-08-31,Entrtnmnt,6696.0,Internet bill
01-08-24,Travel,8631.0,Grocery shopping
2024-09-23,Travel,4761.0,Petrol
08/20/2022,Other,6018.0,misc
12/08/2024,TRAVEL,3950.0,Online course
2022-11-11,Traval,8152.0,Monthly rent payment
12/29/2022,Others,70404.0,Grocery shopping
22-06-24,Educaton,9623.0,Online course
05/25/2021,Utility,2105.0,Shopping
2021-06-14,Utilties,999999999.0,Movie tickets
2022-01-22,Utilties,6296.0,Train ticket
2024-01-14,Bonus,68895.0,Petrol
02/01/2021,RENT,4095.0,Coffee
2022-11-14,Rnt,4053.0,Gym membership
18-07-23,Foodd,764.0,Lunch
03/02/2022,Education,6908.0,!!!
04-03-21,Rentt,,EMI payment
2024-11-11,rent,7604.0,Petrol
06/06/2024,education,8924.0,Uber ride
09/06/2024,Travel,-1000.0,xyz123
06-04-2021,food,1741.0,Monthly rent payment
2021-09-15,Foodd,1204.0,Grocery shopping
20-05-2024,Educaton,240.0,Doctor consultation
,savings,9191.0,Gym membership
06/24/2024,entertainment,8849.0,EMI payment
2024-02-19,Utlities,8016.0,Monthly rent payment
06/30/2023,Utlities,3294.0,Doctor consultation
04/20/2023,FOOD,1366.0,Uber ride
04-03-22,Foods,889.0,Movie tickets
2021-08-20,Rentt,32159.0,Shopping
15-07-2023,Food,4492.0,xyz123
09/14/2021,Fod,5415.0,asdfgh
12-01-21,Entrtnmnt,9914.0,ATM withdrawal
18-01-21,Food,4588.0,EMI payment
2023-02-01,Foodd,4827.0,Coffee
2024-09-11,Travel,9238.0,Electricity bill
2023-08-24,food,8794.0,Monthly rent payment
2022-10-03,Investment,66678.0,Grocery shopping
09/03/2022,FOOD,7423.0,EMI payment
25-07-23,Rent,37330.0,xyz123
28-12-23,Rent,22188.0,ATM withdrawal
2024-02-04,Rentt,21785.0,Internet bill
2024-01-28,Food,-1000.0,Electricity bill
11-11-2022,Others,56034.0,xyz123
2023-04-21,Rentt,10276.0,Online course
03/28/2024,Bonus,26084.0,xyz123
03-05-2022,food,105.0,EMI payment
2024-04-30,Utilties,8100.0,Books
05/18/2021,utilities,8742.0,Restaurant dinner
,Helth,2059.0,Monthly rent payment
06/27/2024,Utilties,3364.0,Doctor consultation
09/11/2022,Salary,20939.0,test
09-04-21,Fod,5085.0,xyz123
08/20/2022,Entertain,8571.0,Coffee
2021-07-09,FOOD,4398.0,Doctor consultation
2021-09-01,Others,25243.0,Shopping
2022-03-21,Utilties,571.0,EMI payment
09/02/2021,Others,22568.0,asdfgh
05/08/2023,rent,4061.0,Coffee
12/16/2022,rent,937.0,Petrol
07/10/2021,food,4488.0,Books
12-04-24,Foods,58.0,Fixed deposit
2023-06-05,Utilties,6631.0,Grocery shopping
11-10-23,Rentt,13420.0,Train ticket
05-10-2021,Health,5797.0,!!!
09-07-2023,utilities,4240.0,Gym membership
04/17/2021,Foodd,2900.0,xyz123
2021-04-26,Utility,2830.0,Monthly rent payment
2023-07-20,FOOD,7230.0,Restaurant dinner
10/23/2023,Others,67913.0,Shopping
2023-06-08,Investment,63317.0,Gym membership
14-06-2024,Foodd,377.0,Gym membership
21-12-21,TRAVEL,8273.0,Monthly rent payment
01/09/2023,Rent,6916.0,Lunch
2024-09-01,Misc,1411.0,Coffee
07-08-2024,travel,599.0,Restaurant dinner
2023-11-28,Entertain,2264.0,Lunch
20-12-22,Education,4644.0,Movie tickets
31-05-2023,Fod,2971.0,Movie tickets
29-04-21,Rentt,18745.0,Restaurant dinner
28-05-23,FOOD,7298.0,Uber ride
08/05/2022,Investment,20871.0,Train ticket
2024-01-03,rent,4278.0,Medicine
05/23/2021,food,5443.0,asdfgh
2021-02-14,TRAVEL,2174.0,Fixed deposit
2021-01-23,Travl,2143.0,Lunch
2022-09-15,Entrtnmnt,4123.0,Monthly rent payment
,rent,9498.0,Restaurant dinner
2022-04-14,Salary,46537.0,Medicine
,EDU,1333.0,asdfgh
2021-06-06,entertainment,5119.0,Gym membership
08-11-23,TRAVEL,5656.0,Books
,Fod,7781.0,Doctor consultation
02-05-24,Rnt,8120.0,Lunch
08-11-21,Entertainment,690.0,Petrol
,Utilties,9298.0,Internet bill
31-08-21,SAVINGS,2788.0,Books
11-11-24,RENT,2215.0,Movie tickets
30-08-2024,Foods,3659.0,Uber ride
2023-08-02,entertainment,6780.0,!!!
12/25/2023,food,8376.0,xyz123
10/13/2024,Bonus,52838.0,ATM withdrawal
21-06-21,Utilities,3850.0,Restaurant dinner
09/22/2023,Rent,43160.0,misc
08/15/2022,travel,2306.0,Electricity bill
2022-06-24,Investment,79219.0,!!!
02/21/2023,Utlities,2118.0,Restaurant dinner
17-10-2022,Traval,929.0,Gym membership
2021-10-08,EDU,9376.0,asdfgh
09/07/2022,Bonus,15507.0,Movie tickets
09/11/2023,Utility,8297.0,Gym membership
10-11-23,EDU,5715.0,Shopping
2021-09-21,FOOD,6517.0,asdfgh
01/19/2024,Rent,0.0,Movie tickets
2022-12-31,Bonus,60268.0,Shopping
2023-08-24,FOOD,7321.0,EMI payment
2023-12-25,Health,2956.0,!!!
01/04/2021,Other,9977.0,Medicine
12/26/2024,Entrtnmnt,9494.0,asdfgh
07-07-21,Utilties,4047.0,Lunch
04/06/2022,Fod,2467.0,Shopping
2024-11-14,Entertainment,2949.0,Internet bill
2024-05-14,Bonus,32133.0,Train ticket
08/06/2021,Education,7424.0,xyz123
01/03/2024,Utlities,6129.0,Books
06/09/2021,Traval,313.0,Online course
28-04-23,education,7209.0,asdfgh
,Travl,7632.0,Lunch
2022-11-02,Investment,73222.0,asdfgh
10/08/2024,utilities,7239.0,Restaurant dinner
2023-10-01,Food,698.0,Grocery shopping
07/02/2023,Entertain,452.0,Books
21-07-21,Helth,4367.0,Uber ride
07/21/2022,Rentt,45118.0,Fixed deposit
01-10-24,Entertain,9407.0,Lunch
20-12-2021,Foods,0.0,EMI payment
16-03-2021,Rent,5516.0,xyz123
,education,9121.0,Restaurant dinner
11-07-2021,Rent,11641.0,Restaurant dinner
01/01/2021,Freelance,61361.0,ATM withdrawal
20-01-22,Travl,2688.0,Petrol
07/21/2021,Rent,8144.0,Monthly rent payment
2024-10-01,Travl,1869.0,Books
2024-03-27,Food,,Electricity bill
08/17/2021,Investment,19998.0,misc
05/29/2022,Foodd,4571.0,Gym membership
02/14/2021,entertainment,3180.0,Internet bill
2023-01-24,travel,7635.0,asdfgh
10/14/2023,SAVINGS,8015.0,Uber ride
18-12-2021,Food,4180.0,Train ticket
2024-05-17,Utlities,4416.0,Movie tickets
2023-09-22,FOOD,8927.0,!!!
02/05/2023,TRAVEL,7851.0,!!!
26-07-22,Foods,2061.0,Electricity bill
10/20/2021,Travl,1734.0,Internet bill
10/23/2024,travel,9874.0,Electricity bill
26-06-2022,Travel,2143.0,Internet bill
05-11-2024,Rnt,1708.0,Grocery shopping
04/20/2024,entertainment,6683.0,Train ticket
05/30/2022,Freelance,58697.0,asdfgh
2023-02-08,Entertain,4766.0,Books
12/20/2024,Rnt,8285.0,misc
,EDU,8004.0,Electricity bill
23-06-21,Others,75088.0,Books
17-01-2023,Rentt,12924.0,Petrol
2024-11-30,Entertainment,,Coffee
17-09-2021,Travel,252.0,Doctor consultation
2022-07-06,RENT,6030.0,misc
04/21/2021,Investment,560681.0,ATM withdrawal
03/26/2024,savings,7688.0,Petrol
06/01/2023,food,7787.0,Medicine
2021-07-19,Utilties,3056.0,Shopping
10/30/2023,Foodd,1506.0,Train ticket
01/01/2023,Education,6272.0,!!!
09-05-23,entertainment,3706.0,misc
12/01/2022,FOOD,2714.0,Books
2022-12-01,Utilities,4497.0,Train ticket
2023-11-29,Entertainment,6068.0,Coffee
31-05-24,Foods,3018.0,Train ticket
20-08-2021,rent,1343.0,Internet bill
2022-01-18,Bonus,35784.0,ATM withdrawal
2023-10-29,Utlities,5887.0,Lunch
2023-07-24,Utilties,1705.0,Fixed deposit
2022-05-04,Travel,329.0,ATM withdrawal
2021-02-20,Utlities,8670.0,Gym membership
2022-04-09,Rentt,46872.0,misc
06/12/2024,Other,999999999.0,Movie tickets
26-01-2022,RENT,8427.0,Train ticket
23-06-23,HEALTH,6076.0,Internet bill
17-07-24,rent,9567.0,ATM withdrawal
03-01-2022,Misc,2659.0,Train ticket
2022-10-03,Foodd,4217.0,Uber ride
03/07/2022,Travel,9267.0,Shopping
05/18/2022,Traval,3459.0,Monthly rent payment
07-11-2023,Food,4512.0,ATM withdrawal
2021-05-15,Fod,5085.0,xyz123
04/02/2024,savings,8668.0,Books
2023-12-07,Helth,5640.0,test
2021-10-03,FOOD,3582.0,asdfgh
2024-11-04,Travl,7614.0,misc
02/26/2022,Salary,65055.0,ATM withdrawal
02/19/2023,FOOD,6339.0,test
27-08-2021,TRAVEL,0.0,Shopping
05/02/2023,Entertainment,3999.0,Grocery shopping
02/22/2021,rent,,!!!
2024-04-21,Rnt,8034.0,Shopping
03/30/2021,Entertainment,1333.0,misc
03-09-21,Others,3582.0,asdfgh
11-08-2022,utilities,8116.0,Electricity bill
22-09-2022,Rent,18870.0,Electricity bill
16-03-2021,Rent,5516.0,xyz123
01/03/2024,Rent,10241.0,Electricity bill
2023-06-08,Others,63888.0,Grocery shopping
13-04-21,Bonus,65298.0,Doctor consultation
03-05-24,rent,9427.0,Books
06/27/2021,food,5335.0,xyz123
22-02-2021,Health,9377.0,Electricity bill
2022-05-08,food,5892.0,Books
11/13/2023,Rentt,45115.0,Monthly rent payment
2022-09-20,Traval,5391.0,test
18-12-24,Travl,3945.0,Fixed deposit
18-05-21,rent,-1000.0,Restaurant dinner
08-05-22,Traval,1097.0,Gym membership
2022-12-26,Entrtnmnt,7780.0,Gym membership
15-05-23,Food,3405.0,Monthly rent payment
11-10-2024,food,9973.0,Train ticket
2021-07-27,Freelance,29722.0,misc
01/23/2024,entertainment,4218.0,xyz123
2024-05-12,rent,7495.0,Grocery shopping
2024-12-28,RENT,9302.0,xyz123
22-06-24,Rentt,999999.0,Books
29-12-24,EDU,6986.0,Petrol
2024-12-12,entertainment,4274.0,Monthly rent payment
2021-03-08,Education,9063.0,Uber ride
10/06/2021,RENT,7579.0,Online course
25-08-2021,Foodd,3559.0,Medicine
2024-06-02,Utilities,6648.0,Electricity bill
2022-07-11,food,3787.0,Coffee
06/21/2022,Bonus,,misc
2024-01-21,Foods,3891.0,Internet bill
17-04-22,Salary,65607.0,Medicine
07-02-2021,SAVINGS,7787.0,Medicine
06/25/2021,Food,1327.0,Online course
2021-06-19,Travl,2087.0,xyz123
03/23/2024,Food,54.0,test
11/25/2022,Rent,12909.0,Monthly rent payment
25-07-23,Travel,7809.0,xyz123
03/07/2021,Utilties,,asdfgh
07/20/2024,Rnt,2507.0,Electricity bill
2022-05-17,Rent,45403.0,Books
2021-08-02,FOOD,,Doctor consultation
2022-01-01,Others,38469.0,asdfgh
2022-04-03,Entertainment,1648.0,Lunch
10/15/2021,Entertainment,9116.0,Petrol
12-04-24,Rentt,13141.0,Movie tickets
03/11/2024,FOOD,7796.0,EMI payment
09-06-24,Utilties,1162.0,Gym membership
,Food,430.0,xyz123
2021-09-18,Foods,2487.0,asdfgh
2021-04-24,Fod,7760.0,asdfgh
2024-08-11,Food,1151.0,Petrol
01/11/2024,Foodd,479.0,Medicine
2024-11-04,Foods,4648.0,Lunch
12-07-23,education,5821.0,test
2022-12-18,entertainment,3946.0,!!!
,Traval,3057.0,Restaurant dinner
2024-07-02,Bonus,37025.0,Medicine
09-05-22,food,5097.0,Medicine
16-12-23,Rent,24451.0,Movie tickets
2022-01-20,Foods,3135.0,Internet bill
2023-08-07,Traval,9637.0,Monthly rent payment
10-05-22,Rnt,6501.0,Online course
10/01/2022,Educaton,999999.0,Fixed deposit
02-11-24,Rnt,4970.0,Grocery shopping
08/07/2024,Salary,21638.0,Shopping
2023-02-05,EDU,1568.0,misc
07/15/2022,Salary,66223.0,Coffee
16-01-24,RENT,8847.0,Electricity bill
2023-10-07,Utilities,9151.0,Uber ride
03-03-23,Entertainment,9124.0,Movie tickets
2023-08-17,Utlities,6628.0,Restaurant dinner
03-01-24,Investment,35327.0,Fixed deposit
2023-04-03,Entrtnmnt,4558.0,Doctor consultation
04/23/2024,Fod,9509.0,Doctor consultation
2022-08-27,RENT,4682.0,Books
06-07-21,Freelance,18326.0,Grocery shopping
2024-03-05,Foodd,2831.0,Uber ride
2022-12-27,Entertainment,3661.0,Train ticket
03/06/2022,rent,9706.0,Coffee
08-05-24,FOOD,7251.0,Petrol
17-01-21,travel,252.0,Medicine
07/26/2023,Entrtnmnt,3541.0,!!!
10/04/2021,Rentt,,Grocery shopping
2024-10-13,food,1410.0,Uber ride
2024-11-25,Rnt,481.0,Medicine
04/30/2022,Travel,3077.0,Gym membership
2023-08-12,rent,8348.0,Gym membership
10/29/2024,education,6201.0,Grocery shopping
02-02-24,Utilties,2033.0,Movie tickets
03/15/2022,Travel,8505.0,ATM withdrawal
2023-10-25,rent,367.0,Gym membership
20-03-22,Rnt,4283.0,Medicine
05-08-21,Fod,7950.0,test
2021-10-31,Others,63302.0,misc
08-10-2022,entertainment,4455.0,ATM withdrawal
,Health,1753.0,Books
07/29/2024,utilities,7306.0,Gym membership
09/27/2024,Entertainment,2854.0,Fixed deposit
2023-12-26,Utility,3482.0,ATM withdrawal
08/10/2024,Utility,1173.0,Electricity bill
2023-08-12,RENT,987.0,Petrol
09/24/2024,entertainment,4674.0,misc
2024-10-20,Food,2370.0,ATM withdrawal
2024-09-08,health,9925.0,Movie tickets
01/17/2021,entertainment,6896.0,Uber ride
2024-06-27,Rent,30535.0,Medicine
10/07/2021,entertainment,5250.0,Restaurant dinner
2022-11-06,Rnt,1283.0,Restaurant dinner
01/28/2022,Salary,41388.0,Doctor consultation
04-09-23,Health,344.0,Lunch
08/01/2024,Bonus,22768.0,Petrol
2021-06-11,Other,1483.0,Lunch
11-07-22,Others,52828.0,!!!
06/08/2023,Utilties,2922.0,Uber ride
02/23/2021,FOOD,161.0,Train ticket
02-08-2024,Bonus,22126.0,Internet bill
02/23/2023,Traval,4261.0,Doctor consultation
2023-02-08,Travel,8159.0,Grocery shopping
01/03/2024,Foods,3479.0,xyz123
19-02-2024,Utilities,7670.0,misc
06/23/2022,Entertainment,6155.0,Grocery shopping
22-07-22,Foodd,1759.0,Lunch
12-09-2022,TRAVEL,6309.0,ATM withdrawal
2024-12-27,Utlities,4619.0,EMI payment
06/22/2024,Rnt,8228.0,xyz123
2022-06-24,Utility,7585.0,Shopping
28-05-2022,Others,6576.0,Uber ride
13-07-24,FOOD,635.0,Coffee
07/06/2021,food,4426.0,test
06-06-21,Traval,5032.0,Uber ride
18-03-24,Others,41541.0,Shopping
07-02-2022,Fod,7027.0,Books
21-07-22,entertainment,9444.0,misc
05/03/2022,Helth,7887.0,test
04/30/2023,Health,5863.0,Gym membership
2023-03-01,EDU,,Grocery shopping
2024-01-24,Investment,51168.0,asdfgh
2021-05-05,Foodd,163.0,test
10/12/2023,Entertainment,7456.0,Monthly rent payment
09/01/2022,Salary,45981.0,Train ticket
2023-01-31,Bonus,76454.0,test
19-09-23,Rnt,7387.0,Uber ride
,EDU,7487.0,!!!
08/24/2024,Rnt,5408.0,Gym membership
27-12-22,Utilities,630.0,ATM withdrawal
01/08/2021,Salary,,Shopping
02-03-2021,Food,371.0,Doctor consultation
27-10-21,Educaton,4824.0,misc
01/12/2023,RENT,6882.0,Petrol
08-10-21,travel,9835.0,Books
24-11-2023,Entertainment,3326.0,EMI payment
06/15/2021,rent,2594.0,xyz123
19-03-2021,Rent,20584.0,Online course
2023-01-14,food,945.0,Coffee
19-04-23,utilities,5984.0,Grocery shopping
2023-08-05,Freelance,62296.0,misc
2024-11-08,RENT,2728.0,Gym membership
2023-01-31,Rnt,2016.0,Grocery shopping
11-01-24,Foods,4428.0,Doctor consultation
2023-08-23,food,4322.0,xyz123
2022-01-27,TRAVEL,3876.0,Medicine
15-12-2023,FOOD,9886.0,Gym membership
24-02-22,food,6126.0,Restaurant dinner
05/14/2021,RENT,5216.0,Electricity bill
2022-09-17,utilities,4644.0,Gym membership
11/26/2022,food,1424.0,Petrol
27-07-24,Bonus,76157.0,Online course
07-12-21,RENT,5906.0,Train ticket
,Bonus,66510.0,Gym membership
2021-04-08,Helth,898.0,Online course
24-04-2022,education,9248.0,Internet bill
07-08-24,Entrtnmnt,2869.0,Coffee
26-04-2024,Others,593515.0,asdfgh
2021-01-20,Others,33910.0,Grocery shopping
2022-10-13,Rent,17003.0,Shopping
2022-10-01,utilities,8898.0,xyz123
2024-06-15,FOOD,3925.0,Coffee
18-04-21,Rnt,8256.0,misc
14-05-24,Investment,61285.0,EMI payment
03/08/2022,RENT,8344.0,Movie tickets
21-03-2023,Travl,6398.0,Monthly rent payment
30-10-2021,rent,5527.0,Coffee
16-01-21,Others,36201.0,asdfgh
2024-09-20,entertainment,5026.0,test
10/02/2022,Utilties,3520.0,Electricity bill
2022-03-25,Utility,4985.0,EMI payment
2024-02-07,Utility,2581.0,!!!
2024-02-25,Food,4433.0,Medicine
04/10/2024,Helth,7451.0,test
2024-06-08,TRAVEL,4835.0,Gym membership
08-04-24,Rent,5256.0,Books
2024-02-05,food,9335.0,Fixed deposit
2022-02-26,Traval,6037.0,Medicine
15-06-2021,Fod,999999999.0,Petrol
2021-07-13,Salary,70160.0,Internet bill
2023-06-17,Salary,57365.0,test
10/15/2022,Utilties,7858.0,!!!
2023-05-23,Utlities,4805.0,Grocery shopping
21-12-2021,Entrtnmnt,,Train ticket
12/25/2024,Travel,9255.0,xyz123
2021-02-03,Foods,1238.0,asdfgh
05/05/2022,HEALTH,1346.0,Movie tickets
12/02/2023,Entrtnmnt,7532.0,Restaurant dinner
2024-08-13,Travel,1434.0,Train ticket
28-06-24,Rnt,6471.0,Shopping
2022-12-21,Freelance,184818.0,Fixed deposit
14-07-23,Utlities,9822.0,Lunch
26-06-22,Rnt,9304.0,Restaurant dinner
2023-03-07,Education,4600.0,ATM withdrawal
2023-06-25,Entrtnmnt,1248.0,Lunch
04/03/2021,Rnt,3260.0,Books
02-07-21,Entertainment,4439.0,misc
03-02-22,Entrtnmnt,9689.0,test
2023-06-20,Utlities,4135.0,misc
08-12-2022,Travl,2030.0,Restaurant dinner
22-06-22,Fod,6187.0,asdfgh
11-02-2022,Education,6883.0,Movie tickets
2024-12-31,food,0.0,test
2024-12-05,rent,0.0,EMI payment
07-06-2023,Utlities,8933.0,Lunch
18-03-24,Rentt,19183.0,Uber ride
08/22/2024,Foodd,239.0,Uber ride
2024-08-25,EDU,8854.0,Doctor consultation
04/19/2021,Travel,903.0,Internet bill
11/22/2022,RENT,4676.0,Movie tickets
14-01-2021,EDU,6388.0,!!!
2024-10-17,Investment,25994.0,EMI payment
12/25/2024,Travel,9255.0,xyz123
02/19/2022,Investment,32948.0,Internet bill
03/27/2022,Entertainment,8754.0,asdfgh
2024-02-08,Food,4193.0,Monthly rent payment
2021-10-16,rent,716.0,Doctor consultation
2024-06-01,FOOD,4321.0,Train ticket
08/13/2021,Foods,3906.0,!!!
04/01/2024,Health,8309.0,ATM withdrawal
2021-04-17,OTHERS,,Grocery shopping
15-05-23,Food,4784.0,Grocery shopping
2023-01-20,Educaton,1657.0,Online course
2021-08-04,Travel,9659.0,Medicine
03-11-24,RENT,6025.0,Grocery shopping
2024-08-23,Others,57012.0,Movie tickets
22-10-23,SAVINGS,782.0,Coffee
12/09/2023,Fod,7409.0,Online course
01/13/2023,Travel,3257.0,Doctor consultation
21-03-23,rent,8901.0,Uber ride
2023-09-11,Investment,64214.0,xyz123
12/31/2022,Traval,8023.0,Gym membership
10/21/2022,TRAVEL,3541.0,test
05-01-23,Travl,1426.0,Internet bill
02-06-22,Fod,6096.0,Monthly rent payment
2023-10-10,Rentt,41043.0,Gym membership
2024-05-18,Food,3341.0,ATM withdrawal
2024-11-28,Foods,2460.0,Internet bill
2021-11-28,OTHERS,162.0,ATM withdrawal
15-06-2021,utilities,8244.0,Restaurant dinner
2022-05-28,Others,,Movie tickets
2021-02-15,Rentt,37834.0,Gym membership
2021-09-25,rent,1370.0,Lunch
2023-01-12,Travel,7548.0,Internet bill
2022-04-30,Foodd,2707.0,asdfgh
2023-07-14,Educaton,5675.0,Books
2024-07-04,Foods,4749.0,Uber ride
2021-03-28,rent,3859.0,Shopping
2021-01-01,Rnt,1575.0,Doctor consultation
2022-03-31,food,4530.0,Books
2023-08-11,Utlities,3367.0,Books
04/08/2024,Others,21104.0,Online course
2022-01-13,Health,3255.0,Coffee
2021-10-30,Food,3445.0,Books
21-08-21,travel,4137.0,Coffee
2022-09-03,Rentt,16079.0,Books
,TRAVEL,,Online course
18-12-22,Salary,50892.0,Internet bill
,Utlities,2120.0,ATM withdrawal
01/30/2023,Food,1103.0,Shopping
03-12-2023,RENT,8164.0,Books
2024-09-18,travel,2495.0,ATM withdrawal
01/06/2024,TRAVEL,4964.0,asdfgh
2024-03-01,Utilties,341.0,Uber ride
05/28/2024,Utilties,8439.0,Internet bill
04/11/2021,Rnt,2236.0,Internet bill
20-12-2023,Food,3401.0,Online course
2023-10-26,rent,3255.0,Shopping
18-05-23,Foods,3157.0,Online course
2022-03-27,utilities,7222.0,Shopping
30-07-2023,Utlities,9009.0,Lunch
08/26/2022,Utlities,9818.0,Restaurant dinner
06/25/2024,savings,1948.0,ATM withdrawal
06-08-21,Entrtnmnt,7217.0,Grocery shopping
09-06-21,Utlities,2951.0,Electricity bill
,Investment,63686.0,Lunch
10/03/2022,RENT,5540.0,Grocery shopping
2022-06-03,entertainment,0.0,EMI payment
11/16/2021,Fod,9015.0,xyz123
2022-05-17,Rentt,32651.0,!!!
2023-11-29,food,8003.0,Medicine
20-12-23,rent,7860.0,test
,Food,3709.0,Petrol
2022-11-02,Rent,12011.0,Electricity bill
2022-11-03,Bonus,363983.0,Fixed deposit
07/04/2021,education,3468.0,Coffee
2021-10-15,Utilities,6569.0,xyz123
2024-12-05,Utlities,8524.0,Petrol
2023-06-22,Food,4767.0,Restaurant dinner
12/30/2022,entertainment,5279.0,Medicine
07-04-23,Entrtnmnt,3989.0,Doctor consultation
2021-01-10,entertainment,1131.0,ATM withdrawal
,food,8202.0,misc
27-02-24,entertainment,4453.0,Uber ride
26-08-24,Foods,,Restaurant dinner
30-08-2024,health,4062.0,test
03-11-21,SAVINGS,,Monthly rent payment
2021-02-14,rent,5806.0,Books
2023-10-30,Food,1723.0,asdfgh
11/01/2024,Food,1809.0,Electricity bill
08-05-21,Entrtnmnt,-500.0,Train ticket
02/18/2023,Rent,10604.0,Petrol
17-04-23,Utilties,2754.0,Train ticket
,entertainment,7941.0,Fixed deposit
2023-02-23,education,3065.0,Doctor consultation
07/18/2021,Travl,8202.0,test
11/29/2021,Travl,7607.0,Online course
08-01-24,entertainment,1197.0,ATM withdrawal
01-08-22,Rnt,333.0,Fixed deposit
31-07-22,Travel,8840.0,Grocery shopping
07/30/2024,Foodd,3878.0,Train ticket
,Educaton,9121.0,Uber ride
2023-03-08,Investment,33062.0,Books
10/18/2022,Travel,3754.0,Restaurant dinner
29-03-2021,Education,1492.0,Uber ride
25-10-21,Bonus,11032.0,Restaurant dinner
2024-01-12,Education,7019.0,Medicine
2024-05-13,Foods,883.0,Restaurant dinner
2021-06-04,Saving,7639.0,Restaurant dinner
2023-07-14,Salary,22327.0,Online course
02-05-23,EDU,8286.0,!!!
11/18/2023,Misc,8039.0,EMI payment
2022-03-26,Others,38967.0,xyz123
2022-03-13,travel,7104.0,Train ticket
01/19/2024,Food,4364.0,misc
2024-01-19,EDU,8082.0,Internet bill
05/03/2024,Travel,6963.0,Coffee
26-06-2023,Entertainment,9685.0,misc
02/18/2023,utilities,9392.0,test
01/22/2021,Entertainment,2163.0,Books
07/15/2024,Rnt,-500.0,Doctor consultation
01-09-2021,Salary,15931.0,Fixed deposit
2023-03-07,Rnt,1614.0,Medicine
26-05-2023,Rentt,13530.0,ATM withdrawal
15-04-2022,RENT,7047.0,test
06/01/2024,Foodd,4313.0,ATM withdrawal
2023-08-20,food,4577.0,Electricity bill
2021-07-31,Rent,36727.0,Gym membership
22-05-2023,Rent,999999999.0,Grocery shopping
30-01-2021,rent,5009.0,Petrol
2021-03-03,Entrtnmnt,2717.0,xyz123
2022-10-20,Food,1819.0,Movie tickets
22-09-22,Other,5393.0,Doctor consultation
05/26/2022,FOOD,3993.0,asdfgh
2022-05-07,Foods,273.0,Coffee
2024-01-07,Utilities,999999.0,Lunch
04/28/2021,Education,6434.0,Medicine
2023-09-15,Others,32223.0,Shopping
2021-12-02,Bonus,22047.0,EMI payment
,Foods,2707.0,Books
2021-06-30,Freelance,45625.0,EMI payment
2021-02-19,Rent,38346.0,Lunch
2021-07-30,Entrtnmnt,4406.0,Medicine
08-04-2024,Rent,45300.0,Grocery shopping
,TRAVEL,5625.0,Lunch
07/18/2022,Rentt,45429.0,Grocery shopping
2023-02-17,food,4169.0,Restaurant dinner
21-10-22,utilities,2349.0,test
04/13/2022,education,2772.0,Electricity bill
30-05-2022,Utlities,9329.0,misc
01/05/2022,Educaton,999999.0,Uber ride
26-02-2024,food,524.0,test
2021-07-06,Entertainment,8532.0,Grocery shopping
2022-05-11,FOOD,2470.0,EMI payment
2023-07-22,travel,3864.0,Train ticket
2021-01-02,Utility,677.0,Medicine
,Traval,4390.0,Gym membership
2023-01-16,FOOD,5470.0,Movie tickets
2023-06-09,rent,145.0,Books
2024-03-25,Utilities,6242.0,Restaurant dinner
2024-04-29,Travl,6160.0,xyz123
24-11-21,rent,,Restaurant dinner
12/29/2022,Rentt,48972.0,asdfgh
07/11/2024,travel,6515.0,test
2021-02-24,FOOD,1417.0,Grocery shopping
2023-05-26,Entertain,8529.0,Books
12/29/2021,EDU,8305.0,Electricity bill
2021-09-29,Freelance,329642.0,EMI payment
2022-07-10,SAVINGS,1082.0,Medicine
12/28/2023,Rnt,9542.0,EMI payment
23-02-22,Entertain,8851.0,Movie tickets
2022-06-03,health,5612.0,Electricity bill
06/21/2021,Salary,22733.0,!!!
17-08-2021,Foodd,4326.0,Medicine
2022-08-11,FOOD,2533.0,Online course
2021-01-25,Investment,45810.0,Doctor consultation
01/07/2024,travel,887.0,Coffee
2022-06-01,Saving,5296.0,Monthly rent payment
09/08/2022,RENT,,Electricity bill
12-09-2024,TRAVEL,6457.0,misc
01/11/2024,Utility,2847.0,misc
02-12-23,Entertain,5822.0,test
21-11-23,Rentt,43936.0,Online course
04-02-22,rent,5238.0,Movie tickets
24-10-2024,Traval,3057.0,Movie tickets
2024-01-22,TRAVEL,3307.0,Movie tickets
20-03-23,entertainment,6394.0,!!!
14-10-22,RENT,3999.0,ATM withdrawal
2022-02-03,utilities,9886.0,Internet bill
2022-10-05,Educaton,6328.0,Restaurant dinner
02/23/2023,Savings,2572.0,Petrol
2024-06-13,Salary,73413.0,Restaurant dinner
2024-06-14,Investment,49776.0,!!!
25-05-2021,Food,4302.0,Internet bill
07/17/2024,Travel,2050.0,test
2021-08-22,food,8345.0,Electricity bill
2022-11-25,education,3386.0,EMI payment
20-12-2024,food,7573.0,test
2023-01-01,Rentt,28899.0,!!!
07/16/2024,Travl,1989.0,Electricity bill
08/25/2024,Utlities,999999999.0,Fixed deposit
09-01-22,RENT,7554.0,Coffee
2022-10-20,food,6189.0,EMI payment
09/24/2021,Travel,2417.0,EMI payment
26-09-24,entertainment,8903.0,Electricity bill
02/03/2021,Salary,34257.0,Shopping
03/16/2021,FOOD,7082.0,Medicine
2023-05-02,Freelance,44732.0,Doctor consultation
05/03/2022,education,8315.0,!!!
11/03/2023,Travel,2952.0,Train ticket
08/28/2023,Utilties,5081.0,Lunch
2021-08-24,Utilties,2678.0,Electricity bill
2021-07-12,rent,5880.0,Online course
2023-04-04,Rnt,3501.0,misc
19-07-24,Rent,20887.0,test
23-11-24,Rent,12152.0,Electricity bill
04/01/2024,Health,8309.0,ATM withdrawal
10/01/2021,entertainment,4473.0,Internet bill
16-04-24,Travel,3690.0,Books
27-03-23,Travl,1267.0,Fixed deposit
09/15/2024,EDU,9394.0,Gym membership
20-02-2023,FOOD,7861.0,Internet bill
2021-03-27,Educaton,7829.0,Electricity bill
12/03/2022,Foods,330.0,misc
2022-10-16,Others,18053.0,Doctor consultation
31-01-22,Investment,31183.0,Shopping
03-05-2024,Utilities,4137.0,Electricity bill
24-04-24,Utlities,2623.0,Medicine
2021-02-17,Travel,6534.0,Doctor consultation
10/06/2023,Rent,19438.0,Gym membership
13-07-24,Utility,-1000.0,Fixed deposit
27-08-24,Entertain,2278.0,Shopping
09/29/2023,travel,9984.0,test
05-10-23,Education,9363.0,Coffee
07/31/2021,travel,6997.0,Coffee
2021-05-08,Travl,5005.0,asdfgh
12/30/2021,Entertainment,8898.0,Internet bill
01/28/2021,Foodd,999999.0,Fixed deposit
,Utlities,9341.0,asdfgh
04-05-22,Others,13526.0,xyz123
05/25/2024,FOOD,8674.0,Petrol
2024-08-15,Foods,4986.0,Coffee
2024-05-11,Traval,798.0,Fixed deposit
10/11/2021,others,5603.0,Shopping
09-04-2021,rent,8440.0,misc
03/15/2023,travel,6289.0,Online course
2021-07-19,FOOD,,ATM withdrawal
,rent,5017.0,Coffee
2021-10-24,Entrtnmnt,1720.0,Medicine
10/17/2024,Fod,495.0,ATM withdrawal
01/12/2023,Rentt,38937.0,Medicine
07/12/2021,Entertain,9977.0,EMI payment
2021-10-24,Travel,4272.0,Uber ride
01-06-21,rent,2672.0,Restaurant dinner
05/07/2023,Bonus,20358.0,Shopping
2024-07-08,HEALTH,7389.0,asdfgh
27-05-21,rent,2171.0,Lunch
2024-03-07,Educaton,1820.0,Doctor consultation
02-08-2023,Utlities,925.0,Medicine
04/05/2023,TRAVEL,2303.0,xyz123
10/12/2024,Entertain,8561.0,Movie tickets
02-12-22,Entrtnmnt,1840.0,Fixed deposit
2022-12-11,Bonus,13272.0,Internet bill
15-02-2023,Utility,8015.0,Gym membership
2022-12-14,Fod,5301.0,Movie tickets
2021-06-28,Utlities,5832.0,Internet bill
2021-04-10,FOOD,4796.0,Online course
11/15/2022,Educaton,7298.0,Books
05/27/2024,RENT,6952.0,Fixed deposit
2024-06-07,EDU,9703.0,misc
2021-04-29,TRAVEL,8154.0,Coffee
08/23/2024,Utlities,5501.0,Online course
2023-11-27,TRAVEL,6472.0,Train ticket
10/22/2022,education,6576.0,Gym membership
16-10-23,Utilities,7086.0,!!!
01/19/2024,FOOD,609.0,Lunch
2021-04-11,Investment,12564.0,xyz123
05-06-2022,Others,57399.0,Movie tickets
2022-10-27,Utility,8886.0,misc
2022-06-06,Rentt,45903.0,EMI payment
07/08/2022,Others,17353.0,Lunch
15-09-22,Bonus,34198.0,Gym membership
17-09-23,RENT,4999.0,Medicine
2024-06-20,entertainment,6035.0,Online course
2023-11-14,travel,7539.0,Medicine
2021-02-12,TRAVEL,5529.0,Monthly rent payment
09/16/2024,Rent,46044.0,EMI payment
2023-10-04,Health,580.0,Restaurant dinner
2022-10-03,Freelance,28374.0,Lunch
23-07-2024,utilities,9242.0,Online course
2024-01-18,Investment,,Petrol
23-11-21,Rentt,16937.0,Shopping
09/14/2024,TRAVEL,6108.0,Coffee
2023-04-09,rent,-500.0,ATM withdrawal
,Entrtnmnt,870.0,Fixed deposit
04/27/2023,Foodd,2852.0,Books
07-05-24,Utilties,2968.0,Doctor consultation
01/03/2023,Foods,192.0,Restaurant dinner
09/21/2021,Foodd,2243.0,Restaurant dinner
01/29/2024,FOOD,5665.0,Internet bill
12-12-22,Others,70992.0,Online course
08/23/2024,food,7719.0,xyz123
2023-11-23,TRAVEL,9442.0,Doctor consultation
2024-06-08,Misc,460.0,Lunch
28-10-2024,Rent,26706.0,Gym membership
09/08/2021,Traval,7875.0,xyz123
2024-04-04,Entertain,3483.0,Movie tickets
2024-12-29,Salary,67688.0,test
2022-02-05,Bonus,39184.0,Train ticket
05/17/2022,Investment,75740.0,Train ticket
09-11-21,food,1979.0,Gym membership
06/06/2024,education,8924.0,Uber ride
2022-06-14,rent,2890.0,Books
2024-01-14,Foodd,125.0,Restaurant dinner
05-10-23,Rent,47711.0,Movie tickets
2023-05-30,Investment,75684.0,Books
02/10/2021,Entertain,2382.0,Books
16-12-24,Rentt,23848.0,misc
2023-09-17,Rnt,4542.0,!!!
26-06-24,Utilities,4789.0,EMI payment
03/15/2023,Food,1837.0,EMI payment
2024-01-21,Salary,35167.0,Restaurant dinner
02/19/2024,Freelance,46187.0,test
08/12/2023,Educaton,8036.0,Monthly rent payment
10/18/2023,entertainment,2333.0,Train ticket
2023-06-03,entertainment,719.0,Restaurant dinner
26-05-2021,utilities,9172.0,Shopping
30-10-22,Foodd,0.0,Fixed deposit
2024-04-23,Rent,6872.0,Grocery shopping
2022-04-22,Rnt,7088.0,Lunch
08/06/2021,Utilties,7921.0,Monthly rent payment
06/10/2022,Rentt,13222.0,Electricity bill
16-12-22,Rentt,14365.0,Monthly rent payment
10/07/2021,Salary,23833.0,Medicine
31-03-23,utilities,3510.0,Petrol
2023-07-10,Freelance,47498.0,Online course
2023-09-23,Utility,1257.0,Uber ride
2022-03-22,Utlities,4167.0,Electricity bill
2021-07-06,Travl,6328.0,Books
2024-09-06,rent,5393.0,Train ticket
2021-07-08,RENT,7752.0,Internet bill
2022-01-28,HEALTH,865.0,Coffee
24-12-22,Rnt,9496.0,Coffee
24-06-2021,Utility,3797.0,Electricity bill
01/16/2023,Others,16478.0,Movie tickets
2024-12-02,Bonus,50145.0,Doctor consultation
2021-01-08,RENT,9707.0,asdfgh
10-07-2021,Utlities,9141.0,Petrol
2021-08-16,FOOD,,Fixed deposit
2021-08-31,Rent,32134.0,Fixed deposit
2024-11-22,Fod,1162.0,Petrol
2022-04-15,HEALTH,7615.0,Train ticket
09/19/2021,entertainment,5764.0,Electricity bill
2024-03-11,Utilties,7111.0,EMI payment
2023-03-14,Rnt,8735.0,test
2022-11-07,Rnt,7836.0,!!!
,food,4964.0,misc
,Bonus,18533.0,Doctor consultation
12-06-23,Salary,21681.0,Online course
12/21/2024,Foodd,600.0,Grocery shopping
2024-05-22,Rent,13455.0,Shopping
2021-08-26,education,8223.0,Restaurant dinner
05/27/2021,Bonus,73940.0,Movie tickets
2023-02-06,travel,2091.0,Uber ride
2022-08-29,rent,4372.0,Fixed deposit
07-10-23,travel,569.0,Train ticket
24-07-2021,FOOD,1858.0,Grocery shopping
09-05-2024,Freelance,29154.0,Train ticket
2023-02-15,Savings,8097.0,Restaurant dinner
2021-02-16,Utility,3661.0,Petrol
24-07-24,EDU,637.0,misc
04/09/2022,Travel,7616.0,Train ticket
04/17/2022,Freelance,60093.0,Electricity bill
2022-11-13,FOOD,1033.0,misc
07/09/2024,food,5124.0,Medicine
08/31/2023,Food,407.0,Restaurant dinner
27-09-22,food,1483.0,Uber ride
2022-10-14,Travl,9237.0,Petrol
02-06-21,Other,5774.0,asdfgh
20-04-2022,Utilties,8978.0,EMI payment
01/26/2021,food,-1000.0,test
11/26/2024,Food,4730.0,Train ticket
01/09/2023,Food,1517.0,Shopping
08-07-22,Traval,6991.0,Fixed deposit
07/22/2023,Salary,33863.0,Medicine
04/26/2022,RENT,1520.0,Internet bill
,savings,1443.0,Movie tickets
01/23/2021,education,8652.0,test
08-04-2024,Travel,8083.0,Electricity bill
27-08-24,Rent,18005.0,ATM withdrawal
2024-06-14,entertainment,8065.0,Coffee
26-03-24,EDU,2761.0,Electricity bill
01/22/2023,Others,70359.0,Shopping
24-08-23,Traval,5700.0,Gym membership
2023-04-16,Helth,7396.0,Doctor consultation
09/25/2024,Utility,3271.0,Books
26-09-23,Foods,4622.0,Books
2021-12-05,Freelance,36365.0,Restaurant dinner
05/11/2021,EDU,1455.0,Books
2022-11-17,Utility,4751.0,Internet bill
2021-12-05,Entrtnmnt,2103.0,asdfgh
12-08-2023,Rent,33795.0,Fixed deposit
2023-10-16,food,5587.0,Coffee
2021-01-25,Foodd,58.0,xyz123
11-07-23,Savings,9495.0,Fixed deposit
10/30/2022,Rnt,5851.0,Movie tickets
24-05-22,Rent,23796.0,Online course
,Investment,17293.0,Internet bill
2024-06-13,Freelance,14969.0,Fixed deposit
14-02-2022,Bonus,48704.0,Restaurant dinner
01/07/2021,travel,8272.0,Medicine
05/27/2022,Traval,3363.0,Uber ride
03/05/2021,FOOD,1616.0,ATM withdrawal
,RENT,2118.0,Electricity bill
11/23/2024,Freelance,71050.0,Lunch
,education,8336.0,Doctor consultation
12/07/2021,food,9760.0,!!!
20-01-23,Fod,1037.0,Restaurant dinner
2024-01-11,Travl,8688.0,Uber ride
23-05-2021,entertainment,9800.0,Electricity bill
08-06-23,Helth,2055.0,Online course
02/24/2024,RENT,8996.0,Books
2022-05-13,Salary,,Doctor consultation
01/09/2021,Travel,5615.0,Grocery shopping
2022-01-16,Foodd,1831.0,Fixed deposit
23-07-2021,HEALTH,1088.0,Monthly rent payment
17-05-2024,EDU,0.0,Internet bill
11-02-22,Travel,5120.0,test
03-02-2024,Freelance,49320.0,Monthly rent payment
14-04-2024,Foods,999999.0,Restaurant dinner
2023-09-08,Freelance,61333.0,Grocery shopping
12/14/2023,food,5837.0,Lunch
2023-12-23,Foodd,1822.0,Monthly rent payment
11/02/2021,Saving,,Books
09-04-23,education,2288.0,Internet bill
2021-07-14,TRAVEL,637.0,Online course
07/18/2023,Investment,17859.0,Uber ride
2023-03-12,Education,303.0,ATM withdrawal
21-07-21,Freelance,506415.0,Online course
02/15/2022,Rnt,6760.0,Fixed deposit
10-01-24,Foods,3765.0,Uber ride
2024-10-25,food,779.0,Medicine
10/31/2022,Rent,44460.0,!!!
2024-02-06,Bonus,,Fixed deposit
17-03-2023,Foods,4932.0,Fixed deposit
18-08-21,education,5768.0,Gym membership
04-03-24,Others,67826.0,Uber ride
24-11-2022,education,3558.0,Electricity bill
2023-09-22,Foods,4046.0,Movie tickets
2022-03-18,Utilties,999999.0,Electricity bill
09/08/2024,rent,3965.0,Doctor consultation
01/19/2022,Others,51981.0,Grocery shopping
30-03-21,Others,51214.0,test
2022-06-08,utilities,6739.0,Online course
2022-03-30,Foods,2063.0,ATM withdrawal
27-04-22,rent,8716.0,Electricity bill
2024-08-28,Foods,1376.0,Fixed deposit
05-05-2024,Traval,5795.0,Monthly rent payment
2024-11-10,Utlities,5077.0,Books
16-09-23,Utilties,6850.0,test
09/18/2023,Rentt,35400.0,Train ticket
,food,6905.0,Fixed deposit
2021-08-23,Rnt,618.0,Petrol
06/06/2023,Foodd,179.0,Monthly rent payment
2022-01-01,Freelance,61649.0,Medicine
11/30/2024,Food,3586.0,!!!
2022-12-30,Entertain,9071.0,!!!
18-07-2023,Bonus,52701.0,ATM withdrawal
23-06-22,Entertain,1008.0,Gym membership
2022-01-14,FOOD,2199.0,Lunch
2022-12-25,entertainment,5474.0,asdfgh
08-02-22,Health,519.0,Electricity bill
12/05/2023,health,2564.0,EMI payment
20-11-2022,Rentt,43449.0,Train ticket
14-03-2021,Foodd,1742.0,Coffee
2021-05-21,Freelance,12151.0,xyz123
29-08-24,Investment,65727.0,Books
07/13/2021,Freelance,72176.0,test
2022-08-06,Others,12368.0,test
2024-09-27,Utility,3573.0,Uber ride
04-09-2024,Foodd,2799.0,Uber ride
05/14/2024,Rnt,2346.0,ATM withdrawal
11/21/2024,Utilities,510.0,!!!
17-01-2024,RENT,5130.0,ATM withdrawal
2023-02-25,rent,481.0,Internet bill
02/03/2022,Fod,3915.0,test
01/11/2024,health,714.0,Shopping
2024-01-11,Helth,7688.0,Uber ride
2022-01-08,Saving,7524.0,Grocery shopping
2023-03-03,Bonus,13881.0,Internet bill
14-12-21,FOOD,-500.0,asdfgh
25-02-22,health,6273.0,Train ticket
2024-09-18,travel,2495.0,ATM withdrawal
11/28/2021,rent,4394.0,Internet bill
2024-03-11,health,4551.0,test
05-12-2021,Travl,6911.0,Lunch
2021-02-01,Fod,7782.0,Online course
03-11-21,Rent,,xyz123
07/21/2024,EDU,1299.0,Petrol
06/17/2023,Food,462.0,ATM withdrawal
12-01-21,entertainment,4549.0,Books
04-07-2023,Rent,34311.0,misc
06/08/2023,utilities,,Medicine
03/23/2024,Rentt,16181.0,Lunch
03/24/2023,Food,4085.0,Grocery shopping
2024-08-08,Bonus,67139.0,Doctor consultation
2024-12-20,Foods,1842.0,test
06/09/2023,travel,1593.0,Petrol
12-01-24,Entrtnmnt,8945.0,Grocery shopping
2021-12-24,entertainment,1466.0,Online course
08-06-21,education,1435.0,Monthly rent payment
09/15/2022,Foods,3422.0,Gym membership
2022-09-13,Bonus,34776.0,Grocery shopping
12/28/2022,health,7846.0,Doctor consultation
02/15/2022,RENT,5522.0,Lunch
18-07-22,RENT,7154.0,EMI payment
2024-09-02,education,7191.0,Monthly rent payment
09/20/2023,entertainment,448.0,Electricity bill
05/01/2021,Entertainment,2153.0,Fixed deposit
05/03/2022,Freelance,50354.0,xyz123
2021-10-02,food,8346.0,Online course
04/04/2021,Foodd,884.0,Gym membership
2023-01-17,Salary,67211.0,Electricity bill
2024-12-10,RENT,8350.0,Restaurant dinner
01/24/2023,rent,9651.0,Doctor consultation
08/01/2023,Travel,5842.0,Electricity bill
05/22/2022,Others,75005.0,Lunch
2022-07-30,Foodd,2059.0,xyz123
14-07-22,FOOD,6861.0,Fixed deposit
06-10-22,Investment,36756.0,Doctor consultation
11-12-22,Rentt,30109.0,Petrol
13-06-23,Education,1797.0,Shopping
2023-03-04,Salary,35286.0,Gym membership
01/29/2022,Helth,5091.0,Gym membership
2022-10-03,Investment,79950.0,Shopping
20-03-24,entertainment,2561.0,misc
04-11-2023,Bonus,46079.0,Fixed deposit
2023-10-27,FOOD,531.0,Petrol
27-04-2024,Freelance,136052.0,Online course
20-03-21,savings,3206.0,ATM withdrawal
2024-07-07,Utlities,8074.0,misc
2022-08-03,Investment,20067.0,Books
14-06-24,Foods,922.0,Uber ride
03/15/2022,Food,3987.0,!!!
02/07/2022,Investment,34315.0,Fixed deposit
2021-09-12,Educaton,9904.0,asdfgh
2023-05-17,entertainment,,Fixed deposit
2023-04-19,Rentt,,Electricity bill
2021-10-31,Others,56416.0,Shopping
02/24/2021,EDU,5735.0,asdfgh
10-05-21,Entertain,6474.0,Uber ride
2024-05-11,Foods,3950.0,Uber ride
2022-03-29,FOOD,9852.0,asdfgh
02/05/2022,Travl,8333.0,Train ticket
2021-01-23,travel,2273.0,Lunch
2024-11-20,Foodd,4396.0,Gym membership
11-05-21,Investment,28580.0,Monthly rent payment
,Rent,12189.0,Medicine
2024-07-24,Investment,48916.0,!!!
2023-05-28,Freelance,76741.0,Books
11/13/2024,Foods,2014.0,Train ticket
12/25/2021,Foods,,ATM withdrawal
07-06-24,Traval,9242.0,Grocery shopping
2023-06-06,Freelance,30782.0,Lunch
23-09-2023,Investment,12824.0,Grocery shopping
30-11-21,Fod,9626.0,Monthly rent payment
13-03-23,Bonus,55432.0,Uber ride
11/11/2021,Entertainment,278.0,Fixed deposit
2023-11-26,Entertain,3432.0,Internet bill
14-05-22,Utilities,0.0,Lunch
05/14/2021,rent,7468.0,Gym membership
21-09-2022,Rent,22465.0,Coffee
2024-07-27,Fod,4088.0,Gym membership
2023-05-06,Entertainment,254.0,!!!
2021-02-04,Foodd,3103.0,Electricity bill
12/31/2022,travel,4716.0,Lunch
04/05/2024,Utlities,9439.0,Fixed deposit
2023-09-13,TRAVEL,-1000.0,Movie tickets
2023-04-14,Others,70116.0,Train ticket
04/04/2024,entertainment,6375.0,Restaurant dinner
2022-03-01,Rnt,1476.0,Train ticket
,Utlities,9849.0,Shopping
28-07-24,Others,56895.0,misc
12/20/2021,Rnt,4297.0,test
24-01-2021,rent,7900.0,Doctor consultation
19-04-21,Entertainment,2118.0,Grocery shopping
11/04/2021,Utilties,4822.0,Electricity bill
2022-01-28,Rentt,40414.0,asdfgh
16-08-2021,rent,7943.0,Petrol
2021-11-24,Rentt,26342.0,Coffee
2022-03-16,Entrtnmnt,854.0,asdfgh
2023-06-15,Entertain,5086.0,Uber ride
2024-05-24,Food,917.0,Coffee
2021-07-15,Food,3943.0,Grocery shopping
09-05-23,Foods,4611.0,!!!
2021-03-31,Utilties,6149.0,Electricity bill
17-07-21,Foodd,306.0,Gym membership
2022-04-26,utilities,1329.0,!!!
30-07-24,Utility,3178.0,test
2021-07-13,Travl,,Uber ride
2022-02-20,Travel,6926.0,Books
05/02/2023,Freelance,29134.0,Electricity bill
2024-05-28,Rentt,41993.0,Movie tickets
29-07-22,health,8147.0,Restaurant dinner
08/31/2023,Foods,3624.0,Medicine
10-03-2022,Investment,21702.0,Movie tickets
2021-12-09,Rentt,42608.0,Uber ride
01-02-23,Others,49272.0,Coffee
2023-04-09,Utility,293.0,Uber ride
04/17/2022,Rent,19084.0,Fixed deposit
2024-08-06,Entertainment,8781.0,!!!
18-11-23,travel,4628.0,asdfgh
26-10-23,Utlities,4648.0,Fixed deposit
26-02-2022,FOOD,1709.0,test
2024-02-27,Travl,4941.0,EMI payment
2023-05-23,EDU,8130.0,Uber ride
12-11-23,Utlities,6817.0,Gym membership
07/10/2022,Entertainment,3549.0,Books
02/27/2024,Entertain,3256.0,ATM withdrawal
02/04/2024,FOOD,1160.0,Train ticket
2024-11-02,Travel,7285.0,asdfgh
2022-07-25,Rentt,999999999.0,misc
07-01-23,travel,2048.0,Fixed deposit
10-03-24,food,6612.0,Books
2022-04-21,Educaton,4457.0,Train ticket
12/20/2022,education,1014.0,Fixed deposit
2024-02-14,Foodd,2612.0,Books
15-05-2024,TRAVEL,9877.0,Movie tickets
09-08-23,Investment,13404.0,Doctor consultation
2024-06-18,Rnt,6653.0,EMI payment
2021-01-20,Foods,4322.0,Medicine
2024-09-17,education,1818.0,Coffee
2023-07-25,Rnt,5408.0,Coffee
2024-12-16,Utilities,5565.0,!!!
2024-12-26,Bonus,208860.0,Grocery shopping
2023-06-06,Entrtnmnt,2340.0,Shopping
2023-04-25,travel,7420.0,Coffee
17-06-23,Entertainment,8139.0,Medicine
02-03-2022,RENT,7428.0,misc
2021-12-11,FOOD,6618.0,Lunch
07/03/2024,Utilities,4096.0,Internet bill
01/24/2022,Entertain,830.0,test
06/04/2023,rent,,Petrol
2024-09-01,Freelance,11027.0,Uber ride
11/03/2023,utilities,9540.0,Doctor consultation
2024-10-31,Food,653.0,EMI payment
03/01/2024,Food,1337.0,Petrol
2023-04-11,Investment,55241.0,Monthly rent payment
2023-02-13,TRAVEL,8213.0,xyz123
21-05-2022,health,7678.0,Restaurant dinner
20-02-2021,utilities,5814.0,Online course
11/25/2024,education,8273.0,xyz123
07-04-24,Entertainment,7270.0,asdfgh
27-11-23,RENT,,EMI payment
2024-08-03,Freelance,11115.0,Train ticket
20-10-22,Entertainment,411.0,Gym membership
01/30/2024,Fod,-500.0,ATM withdrawal
04-07-2024,Utlities,9561.0,Online course
29-04-2024,FOOD,0.0,Online course
12/01/2024,rent,2620.0,ATM withdrawal
24-09-2022,Educaton,1941.0,Uber ride
15-02-2024,utilities,5234.0,Petrol
27-01-24,TRAVEL,5329.0,Fixed deposit
17-12-22,health,4200.0,!!!
2024-08-13,Saving,8502.0,asdfgh
07/20/2022,food,4634.0,Petrol
01/03/2022,Helth,4962.0,xyz123
2023-06-14,Travl,7202.0,Movie tickets
2024-04-18,Education,1925.0,Coffee
2023-09-24,education,7795.0,xyz123
16-08-2021,entertainment,7226.0,Lunch
02/02/2021,Travl,999999999.0,Gym membership
11-07-21,Foods,1548.0,Uber ride
03/23/2023,Bonus,48707.0,Doctor consultation
2024-10-16,Foods,730.0,Fixed deposit
09/02/2022,Foodd,1548.0,Doctor consultation
2022-10-20,Fod,2137.0,Medicine
24-07-2022,Traval,2922.0,xyz123
04/30/2024,rent,8792.0,Petrol
22-09-22,Utilities,2397.0,Coffee
03/04/2023,Freelance,16226.0,xyz123
2024-11-22,Rent,36001.0,Coffee
2022-09-11,Others,72599.0,Gym membership
2022-07-31,HEALTH,667.0,Uber ride
01-12-22,Investment,29235.0,xyz123
2023-04-02,Bonus,45305.0,Medicine
2022-08-06,FOOD,3512.0,Restaurant dinner
,Foodd,2528.0,Doctor consultation
30-04-21,Freelance,72108.0,Monthly rent payment
,rent,8904.0,Fixed deposit
2022-01-01,Food,2264.0,Lunch
10/29/2022,Foodd,4765.0,test
07-07-22,Traval,5484.0,Monthly rent payment
,education,9006.0,Medicine
2021-11-26,Entrtnmnt,6351.0,Gym membership
2022-08-15,savings,7586.0,Coffee
2022-01-15,Rentt,8643.0,Online course
,education,9650.0,Electricity bill
27-11-2021,Entertain,3376.0,test
01-10-24,FOOD,7652.0,Lunch
06/21/2024,Educaton,2644.0,Petrol
06-11-2024,Rentt,29624.0,xyz123
08-12-2021,Food,4008.0,ATM withdrawal
01/30/2023,Food,2763.0,Medicine
02-01-24,Rent,,Coffee
04/04/2024,Rnt,7711.0,Doctor consultation
2024-02-24,Rnt,8461.0,Gym membership
2022-06-04,Others,24089.0,Uber ride
2023-10-15,Traval,6461.0,Uber ride
2021-08-21,Traval,9685.0,Online course
2023-02-26,Travel,6999.0,Movie tickets
22-06-24,Bonus,418020.0,ATM withdrawal
08/19/2023,Foods,4518.0,Uber ride
23-01-21,Entertain,2090.0,Monthly rent payment
2024-07-10,travel,7288.0,Shopping
,food,608.0,Restaurant dinner
2023-10-01,Investment,63860.0,Fixed deposit
02-01-22,Travl,1420.0,ATM withdrawal
,Rentt,42773.0,Fixed deposit
14-02-22,savings,5064.0,Electricity bill
2023-06-04,Utilties,1831.0,Medicine
01/11/2021,entertainment,588.0,Shopping
03/14/2022,Rentt,32463.0,Shopping
09/02/2021,Travel,9488.0,Doctor consultation
2021-03-18,Rent,7744.0,Medicine
2021-08-24,Rnt,1891.0,Electricity bill
15-02-23,HEALTH,5788.0,Fixed deposit
2024-06-13,Salary,28677.0,Online course
2022-12-09,rent,8653.0,xyz123
01/22/2022,Rnt,4635.0,Monthly rent payment
08/05/2021,Traval,9482.0,Grocery shopping
01-03-2021,rent,1992.0,Doctor consultation
2024-01-22,Freelance,59543.0,Restaurant dinner
2021-09-14,Fod,423.0,Restaurant dinner
11/13/2022,Fod,5579.0,misc
2023-05-05,Foodd,3714.0,!!!
2024-04-19,EDU,1588.0,Grocery shopping
23-08-2022,Misc,1538.0,Uber ride
2024-12-19,RENT,4365.0,xyz123
06/10/2023,Travl,5990.0,ATM withdrawal
06/22/2023,FOOD,2381.0,Fixed deposit
03/02/2021,Bonus,33186.0,Medicine
2022-11-15,travel,5965.0,Train ticket
11/25/2024,education,8228.0,EMI payment
2022-04-24,HEALTH,6907.0,Online course
27-12-24,Others,767.0,Online course
2021-12-20,RENT,9767.0,Fixed deposit
2021-10-01,entertainment,6960.0,Internet bill
2024-07-11,Salary,58524.0,asdfgh
2023-05-15,Foods,2296.0,Medicine
09/23/2022,Fod,4787.0,Movie tickets
2022-12-09,Travl,8440.0,Books
2022-09-01,Rent,,EMI payment
21-02-2024,FOOD,4383.0,Medicine
05/10/2022,Others,36601.0,Lunch
05/26/2022,Rentt,29297.0,Uber ride
27-06-24,Others,76897.0,Gym membership
2021-02-03,Utility,5431.0,!!!
29-04-2023,Educaton,2323.0,Uber ride
2023-06-29,SAVINGS,1240.0,Movie tickets
08-09-2023,RENT,,Uber ride
2024-09-23,SAVINGS,6608.0,misc
06/11/2021,Entertain,9574.0,Lunch
2023-06-10,Educaton,463.0,Lunch
,entertainment,3570.0,Electricity bill
2023-10-19,Fod,,Internet bill
2022-08-11,rent,1678.0,Online course
07/10/2023,Travl,2276.0,Restaurant dinner
05/02/2024,Investment,42392.0,test
2024-06-22,Bonus,67143.0,Books
12/06/2021,Food,3883.0,Books
06-09-2022,Foods,3209.0,Grocery shopping
07/07/2022,Food,2869.0,asdfgh
2022-01-31,rent,5654.0,ATM withdrawal
11/08/2022,EDU,3445.0,EMI payment
2024-10-21,Utilties,6085.0,Uber ride
10/25/2021,Misc,6409.0,test
03-07-22,Entertain,5190.0,Gym membership
2021-06-16,RENT,2386.0,Movie tickets
09/15/2021,utilities,1222.0,Grocery shopping
2021-09-14,Foods,2889.0,Restaurant dinner
06/12/2023,Food,1347.0,Uber ride
2022-10-01,SAVINGS,2106.0,Petrol
04/04/2023,Freelance,75840.0,Grocery shopping
2023-05-03,travel,9396.0,Grocery shopping
2023-06-11,Utilties,255.0,Online course
2023-02-16,Salary,16826.0,Medicine
2023-02-19,TRAVEL,3035.0,Fixed deposit
11/11/2022,utilities,1908.0,Shopping
12-11-21,Fod,2409.0,Electricity bill
2022-02-28,Rnt,8199.0,EMI payment
2022-03-30,savings,6819.0,Shopping
24-06-21,HEALTH,2015.0,Doctor consultation
2022-03-12,Freelance,12351.0,EMI payment
12/14/2022,travel,6267.0,Internet bill
12/21/2024,rent,7966.0,Doctor consultation
2021-06-27,SAVINGS,3311.0,Doctor consultation
15-06-2022,Entertainment,4894.0,ATM withdrawal
,Food,528.0,Uber ride
04-07-24,food,8847.0,Shopping
,TRAVEL,4389.0,misc
30-01-21,Food,999999.0,Books
2024-06-20,Health,4636.0,misc
04/25/2022,Rentt,25221.0,asdfgh
09/04/2022,Fod,3776.0,Internet bill
2023-09-06,travel,8578.0,Monthly rent payment
07/12/2023,EDU,5323.0,ATM withdrawal
08/04/2024,Rnt,6489.0,Electricity bill
06/01/2022,Food,4410.0,test
05/17/2023,Salary,,Train ticket
04/01/2021,TRAVEL,7756.0,Gym membership
2023-04-11,Foodd,3980.0,Petrol
2023-10-17,Foodd,4273.0,Books
07-01-23,Others,57838.0,Movie tickets
18-05-21,entertainment,141.0,Books
06/18/2023,Freelance,71326.0,test
29-01-23,Saving,568.0,Grocery shopping
26-08-2024,Foods,3410.0,asdfgh
2024-10-05,Food,4074.0,EMI payment
2024-06-15,health,8337.0,Uber ride
2023-03-30,Salary,25379.0,Petrol
06/02/2024,savings,2551.0,Books
16-09-24,Misc,,Medicine
26-11-2023,rent,9734.0,Shopping
05/02/2023,Utilties,8833.0,Fixed deposit
2022-04-16,Travel,6001.0,!!!
2022-12-29,Fod,2122.0,Lunch
2023-09-18,entertainment,9154.0,Electricity bill
02/05/2023,Education,867.0,EMI payment
2023-02-28,EDU,0.0,Internet bill
01/21/2023,Food,672.0,Movie tickets
14-04-21,Rentt,10823.0,Restaurant dinner
02/10/2021,Utlities,3060.0,Monthly rent payment
2023-08-15,Travel,3271.0,asdfgh
03/03/2024,education,9692.0,Doctor consultation
2021-02-07,Rnt,2353.0,Fixed deposit
08/25/2022,Fod,6049.0,Restaurant dinner
02/10/2021,Health,817.0,Train ticket
11/24/2021,Fod,2252.0,Monthly rent payment
02-07-22,Foods,600.0,asdfgh
2023-10-12,Educaton,1544.0,xyz123
03/01/2022,RENT,1025.0,Gym membership
11/30/2022,Rent,21501.0,Doctor consultation
2021-11-03,Foods,999999.0,!!!
2021-04-05,Others,69656.0,Lunch
2021-06-29,Investment,49021.0,Coffee
06/10/2023,rent,4291.0,Electricity bill
07/08/2021,Entertain,4116.0,EMI payment
2024-02-28,Freelance,73105.0,!!!
18-05-24,FOOD,6998.0,test
02/09/2023,RENT,648.0,Restaurant dinner
2024-10-22,Travl,7779.0,asdfgh
12/17/2022,Others,67337.0,Medicine
2021-02-19,Freelance,47673.0,Medicine
21-07-24,Fod,3318.0,Restaurant dinner
04/24/2024,Entertain,4777.0,Shopping
2022-10-23,Entertain,5416.0,Shopping
2023-05-26,Utilities,5835.0,Online course
10/24/2024,Food,1889.0,Online course
2022-04-14,Fod,1300.0,Restaurant dinner
14-03-22,Rentt,18386.0,Online course
2023-11-23,RENT,8603.0,Restaurant dinner
13-01-24,food,3290.0,Books
10-04-2024,Freelance,25099.0,Shopping
07/05/2022,food,2926.0,Books
2021-03-02,Rnt,8956.0,asdfgh
10/09/2022,Traval,1762.0,!!!
09-10-2022,Rent,17393.0,ATM withdrawal
06-07-21,Salary,75689.0,misc
2023-06-03,Entrtnmnt,4566.0,Train ticket
2024-03-17,utilities,6208.0,Movie tickets
31-07-22,food,8970.0,Electricity bill
06/27/2024,Utilties,7759.0,!!!
01/20/2023,Salary,20195.0,Restaurant dinner
06/18/2021,Foods,3306.0,Shopping
01/03/2021,Travl,834.0,Uber ride
2021-10-13,FOOD,1259.0,Shopping
06/04/2021,TRAVEL,7920.0,Petrol
2024-03-06,Fod,6679.0,Lunch
2024-01-12,Food,1321.0,Internet bill
2023-12-28,SAVINGS,3832.0,Lunch
09/03/2023,RENT,2288.0,Gym membership
07-01-2022,Food,1636.0,asdfgh
12/12/2023,Educaton,4537.0,Fixed deposit
2024-10-12,Investment,54771.0,Books
08/31/2024,Freelance,31663.0,Petrol
2024-07-06,Entertainment,4876.0,Internet bill
09/13/2024,Rent,11329.0,Fixed deposit
2024-09-01,Freelance,11027.0,Uber ride
2021-04-07,utilities,6689.0,Petrol
21-11-23,Utlities,8300.0,Online course
09/10/2024,entertainment,5452.0,Petrol
04/25/2022,TRAVEL,3750.0,Online course
2023-11-23,Bonus,44729.0,EMI payment
25-04-21,utilities,5896.0,Books
05-04-24,Rent,31660.0,Fixed deposit
14-07-21,Rnt,1016.0,xyz123
12/16/2024,rent,9988.0,Internet bill
29-06-23,Others,24320.0,Shopping
2024-05-07,food,3559.0,Books
2024-12-20,Salary,14297.0,Electricity bill
22-12-21,SAVINGS,203.0,Coffee
,HEALTH,4288.0,xyz123
2023-05-19,Bonus,39718.0,xyz123
2021-09-05,Travel,,!!!
2021-08-16,FOOD,5005.0,Internet bill
01/01/2024,Travl,6806.0,Fixed deposit
2022-08-02,Traval,1249.0,!!!
06-07-2024,Utilities,3833.0,!!!
27-01-21,Foods,2865.0,Grocery shopping
06/02/2022,Travl,3588.0,xyz123
04/02/2024,Foodd,3777.0,Grocery shopping
21-05-24,RENT,5077.0,Restaurant dinner
2022-04-26,Food,2599.0,Lunch
2024-02-05,travel,2535.0,ATM withdrawal
11-08-2024,TRAVEL,4069.0,Electricity bill
22-11-21,rent,4643.0,Internet bill
09/23/2021,food,9249.0,Shopping
05-03-2021,EDU,3471.0,test
07-11-24,Food,,Restaurant dinner
01/16/2021,Misc,6786.0,Monthly rent payment
2021-02-22,education,3421.0,xyz123
16-01-2023,Food,3771.0,xyz123
2023-01-08,Investment,12377.0,Fixed deposit
19-09-22,Rentt,38137.0,Electricity bill
04/27/2021,travel,6963.0,Books
2021-03-09,Bonus,70223.0,Coffee
2023-01-14,Rent,26643.0,ATM withdrawal
09/29/2021,Traval,5071.0,Online course
20-05-21,FOOD,3172.0,Fixed deposit
2024-01-27,Fod,453.0,Grocery shopping
2023-01-19,Freelance,64553.0,Shopping
2024-03-14,SAVINGS,3552.0,Train ticket
01-10-2024,food,3338.0,Movie tickets
09/17/2021,Utilities,2309.0,test
08/30/2023,food,4107.0,Coffee
09/13/2021,Rent,9414.0,Lunch
05/13/2022,Traval,1763.0,Shopping
2021-04-18,TRAVEL,7501.0,Books
01/04/2022,Salary,69750.0,Fixed deposit
13-11-23,Utilties,5282.0,ATM withdrawal
03/20/2022,Utility,2771.0,EMI payment
11/29/2024,education,3199.0,Gym membership
30-12-2022,FOOD,1021.0,Shopping
2023-07-30,Utilities,,Shopping
2023-08-01,education,3101.0,Doctor consultation
11/15/2024,Traval,8149.0,Medicine
2021-02-26,education,4546.0,Electricity bill
28-01-2021,OTHERS,6064.0,Movie tickets
14-12-2023,Education,1897.0,Monthly rent payment
09/04/2021,Others,12555.0,Monthly rent payment
2022-04-18,Bonus,59348.0,Movie tickets
30-11-24,Travl,7800.0,EMI payment
2021-06-18,food,8620.0,Coffee
12/30/2023,entertainment,7841.0,Coffee
11/23/2021,Entertainment,377.0,Coffee
2021-07-22,rent,6857.0,Movie tickets
09/04/2022,Bonus,69187.0,Online course
01-12-24,food,3969.0,Lunch
2023-03-01,Foodd,3262.0,Shopping
06/11/2022,Rent,11395.0,Train ticket
01/13/2023,Entertainment,955.0,Medicine
29-05-2022,Others,71096.0,Petrol
2022-07-03,SAVINGS,2971.0,Doctor consultation
2024-05-15,Utilities,5280.0,Fixed deposit
05/05/2021,Utility,3999.0,Fixed deposit
02/14/2021,Investment,76935.0,Lunch
2021-07-21,Utilities,8026.0,Lunch
11/05/2023,RENT,9669.0,Coffee
11/12/2022,utilities,982.0,Books
01/22/2021,Fod,3860.0,Grocery shopping
05/01/2022,Rentt,15359.0,Gym membership
2024-12-23,Rentt,5337.0,Train ticket
08/07/2024,Savings,2072.0,Shopping
28-05-22,Entrtnmnt,6817.0,Internet bill
,travel,,Online course
2023-05-21,Entrtnmnt,9028.0,Gym membership
2024-02-15,FOOD,9063.0,Monthly rent payment
28-06-23,Rentt,42628.0,Internet bill
,Travel,1727.0,Petrol
2021-12-08,Educaton,7457.0,!!!
19-02-24,Rent,40333.0,Petrol
2023-07-24,food,4795.0,Electricity bill
2021-08-28,Travl,9178.0,Restaurant dinner
01/24/2024,FOOD,6863.0,Petrol
10/08/2021,FOOD,2678.0,Petrol
2022-04-18,Bonus,59348.0,Movie tickets
2024-12-21,Freelance,78359.0,!!!
2024-02-02,Utility,999999999.0,!!!
2021-08-18,Bonus,17142.0,Train ticket
09/15/2021,Fod,163.0,Movie tickets
01/30/2022,TRAVEL,5490.0,Grocery shopping
05-02-2023,Food,3096.0,!!!
07-03-21,education,7306.0,Train ticket
04/16/2021,Rentt,29916.0,Medicine
2021-08-15,FOOD,3482.0,Medicine
2023-08-04,education,4160.0,EMI payment
2021-08-26,Others,64935.0,!!!
10-06-22,Travl,3654.0,Gym membership
2023-01-10,Salary,11386.0,Uber ride
19-05-24,Rnt,7538.0,misc
2024-10-05,Entertainment,8167.0,Fixed deposit
2023-04-09,FOOD,333.0,Books
14-11-2024,Bonus,,Restaurant dinner
,Entrtnmnt,6722.0,Uber ride
05/10/2024,utilities,,Petrol
28-11-2023,RENT,9803.0,test
29-08-2023,rent,8019.0,Lunch
20-04-23,RENT,4176.0,Books
14-04-2024,education,2953.0,Coffee
2021-08-09,Investment,27046.0,xyz123
2024-05-06,Travl,8760.0,asdfgh
03/06/2021,Educaton,837.0,asdfgh
02-09-2023,Entrtnmnt,2921.0,test
10/23/2021,Entertain,4173.0,!!!
27-10-24,Entertainment,9627.0,Train ticket
2024-11-13,Salary,55629.0,xyz123
03/27/2021,Rnt,9470.0,Uber ride
11-07-2024,Rent,36536.0,xyz123
09-06-22,EDU,1358.0,Uber ride
2021-06-09,Utilities,2540.0,xyz123
01/05/2023,Others,76554.0,Petrol
2022-11-25,Investment,46512.0,Grocery shopping
2023-05-10,FOOD,5071.0,Coffee
03/24/2023,Freelance,42808.0,Train ticket
10/15/2021,FOOD,9780.0,Internet bill
01/24/2022,Utlities,3896.0,Grocery shopping
2022-07-05,Rent,24730.0,Gym membership
25-05-22,Bonus,35072.0,EMI payment
2023-10-19,Utility,908.0,xyz123
2021-05-07,Traval,4198.0,Internet bill
2024-10-19,education,8452.0,Fixed deposit
05-05-24,Utilties,5349.0,Electricity bill
04/07/2024,Bonus,40883.0,Petrol
2023-12-29,Investment,46285.0,Doctor consultation
05/15/2021,Rentt,37286.0,Grocery shopping
30-04-21,Travl,-500.0,Medicine
04-08-21,TRAVEL,9850.0,misc
2021-07-30,food,8981.0,Medicine
2023-01-28,utilities,7686.0,misc
2021-06-28,FOOD,3915.0,Grocery shopping
05/20/2024,Entertain,1921.0,Grocery shopping
,Saving,9885.0,Train ticket
08/24/2022,FOOD,3865.0,Online course
2024-10-31,travel,1544.0,Books
07-09-2022,RENT,6591.0,!!!
2021-06-16,Others,32514.0,Online course
14-10-2024,Bonus,25258.0,Gym membership
2023-09-16,Rnt,9577.0,Grocery shopping
2024-12-24,Food,1476.0,Online course
02/15/2022,Foods,4873.0,Grocery shopping
11/08/2021,EDU,9141.0,Restaurant dinner
03-09-24,Travl,6133.0,Shopping
10/13/2024,Entertain,6081.0,Doctor consultation
01/27/2022,Investment,,Internet bill
2024-06-25,Foods,4538.0,Doctor consultation
06/08/2022,RENT,7523.0,Electricity bill
2022-12-14,Travel,873.0,Train ticket
01/06/2022,Investment,73885.0,Electricity bill
,EDU,6780.0,Petrol
2021-05-24,Investment,10926.0,Electricity bill
03/01/2021,FOOD,6259.0,Doctor consultation
14-02-22,Education,8887.0,Coffee
2022-04-05,Entertainment,9886.0,Petrol
2021-08-15,Food,1752.0,Internet bill
2023-03-21,rent,1974.0,test
2023-01-27,RENT,,Grocery shopping
13-07-24,Salary,56796.0,Movie tickets
2024-07-25,Foodd,2134.0,test
08-10-21,Rnt,1641.0,Train ticket
08-06-24,RENT,8899.0,Electricity bill
2024-07-02,FOOD,,Medicine
2022-09-13,RENT,1152.0,Internet bill
06-11-22,Traval,7027.0,Restaurant dinner
2021-08-28,Food,1093.0,asdfgh
31-07-2023,entertainment,8542.0,Internet bill
02-04-21,RENT,3896.0,Movie tickets
2022-01-22,Travl,7839.0,Books
07/27/2024,Freelance,58313.0,ATM withdrawal
,Foods,1401.0,Movie tickets
07/02/2021,Travel,6928.0,EMI payment
2022-02-02,Educaton,9089.0,Petrol
03/18/2023,Utlities,1695.0,Electricity bill
11/23/2024,Investment,54685.0,Monthly rent payment
2023-10-08,Food,1620.0,Train ticket
09/21/2022,Salary,34947.0,Grocery shopping
15-04-22,EDU,5531.0,Doctor consultation
2021-10-19,Entertainment,3458.0,asdfgh
19-01-22,Salary,58526.0,EMI payment
2021-11-11,Foods,4318.0,Restaurant dinner
2021-07-04,entertainment,8501.0,Restaurant dinner
09/15/2023,rent,6192.0,EMI payment
08-03-2022,Freelance,72111.0,EMI payment
2024-02-23,others,9313.0,ATM withdrawal
,rent,999999999.0,Petrol
11-04-2022,Entrtnmnt,5666.0,asdfgh
09/18/2023,Foods,3178.0,Lunch
05/22/2024,Fod,1596.0,Petrol
23-07-23,utilities,3735.0,asdfgh
2022-09-04,health,8799.0,Fixed deposit
05-01-24,Rnt,6517.0,!!!
2024-10-04,Travel,,Electricity bill
12/17/2022,Utilties,339.0,asdfgh
11/05/2021,entertainment,3713.0,Doctor consultation
09/15/2023,education,,Grocery shopping
2024-08-25,Entertain,3689.0,Online course
05/04/2023,Fod,6443.0,Grocery shopping
12/23/2024,Salary,53920.0,!!!
,FOOD,8963.0,Lunch
2024-09-05,Traval,7543.0,misc
2022-12-19,Others,20419.0,Lunch
2021-04-13,Others,50731.0,ATM withdrawal
10/26/2024,food,907.0,EMI payment
2023-11-05,Utility,4194.0,misc
2022-08-16,Foodd,4044.0,Books
,entertainment,5782.0,Online course
15-08-2023,Foodd,3092.0,Train ticket
2023-12-27,Entrtnmnt,,Coffee
29-03-24,Education,6247.0,ATM withdrawal
06/25/2021,Food,1327.0,Online course
08-04-2024,Savings,1793.0,Monthly rent payment
2023-03-09,Utilties,9361.0,Train ticket
24-04-21,Others,25503.0,Monthly rent payment
09/02/2021,Travel,9488.0,Doctor consultation
2023-08-04,Food,1335.0,Online course
26-06-23,Entertainment,1175.0,Fixed deposit
11/06/2021,Health,4280.0,Grocery shopping
2023-11-21,Rent,24380.0,Doctor consultation
2021-05-02,Entertain,2912.0,misc
2024-09-11,education,1967.0,Grocery shopping
08-07-21,Rent,11268.0,Online course
09/28/2024,Salary,50409.0,Uber ride
18-04-21,Rnt,9518.0,Doctor consultation
2023-06-25,Traval,1640.0,Lunch
14-01-24,RENT,5132.0,test
06/20/2023,Education,1163.0,Online course
2022-09-26,food,5984.0,Petrol
09/21/2022,Food,1241.0,Coffee
14-03-2024,Utilties,8743.0,Internet bill
2021-07-28,Salary,20350.0,Grocery shopping
2023-09-03,Bonus,28444.0,Online course
2021-10-09,education,7284.0,!!!
25-08-22,Investment,68186.0,Gym membership
05/29/2021,SAVINGS,6648.0,Internet bill
12-12-2022,Utilities,4999.0,Online course
2021-08-26,FOOD,5311.0,Train ticket
2021-09-25,food,585.0,Shopping
2022-03-12,Travl,7892.0,Shopping
2021-07-16,Utilties,6241.0,Medicine
02/18/2021,food,4813.0,Movie tickets
06/24/2021,Education,,ATM withdrawal
2021-10-24,Education,8562.0,Internet bill
2022-07-07,food,6363.0,Movie tickets
01-02-22,Rentt,21341.0,test
2021-08-24,Freelance,17069.0,Books
01/16/2022,Investment,277040.0,Monthly rent payment
2024-07-22,Investment,57757.0,Lunch
17-01-21,Travl,7225.0,Coffee
11-04-23,Others,2086.0,asdfgh
14-02-21,Savings,6269.0,EMI payment
2021-06-19,Utilties,507.0,ATM withdrawal
2023-11-27,Entertainment,998.0,misc
18-09-23,Fod,8437.0,test
21-08-2022,Foods,4023.0,Electricity bill
2024-07-25,RENT,1130.0,Fixed deposit
2024-09-14,Foods,2214.0,Train ticket
05/12/2021,rent,228.0,Petrol
11-12-23,Travl,4746.0,Shopping
2021-02-25,Traval,6664.0,Fixed deposit
09/23/2022,TRAVEL,3790.0,EMI payment
04/16/2024,rent,6444.0,Doctor consultation
09/10/2021,Utility,9267.0,Train ticket
2023-12-02,others,6696.0,Online course
01/18/2022,Entrtnmnt,2743.0,Shopping
2024-06-12,Utility,798.0,Monthly rent payment
2021-12-09,Bonus,56061.0,Doctor consultation
2021-05-16,utilities,8995.0,asdfgh
23-02-21,Fod,663.0,Grocery shopping
01/08/2021,Others,18087.0,Electricity bill
05/31/2022,Rent,9294.0,Movie tickets
03/13/2021,rent,1042.0,Coffee
07/01/2023,Traval,9244.0,EMI payment
31-03-21,Foods,4266.0,Gym membership
10/10/2023,rent,9658.0,Shopping
06/15/2022,Rnt,4193.0,Movie tickets
08-10-2022,Foodd,2270.0,Restaurant dinner
20-08-2023,Others,38336.0,misc
,Utilties,1818.0,Monthly rent payment
2024-05-26,Investment,21687.0,Electricity bill
20-04-23,Travl,7575.0,!!!
12/13/2024,Bonus,28477.0,misc
05/03/2024,Saving,8642.0,test
11-04-23,Bonus,,Medicine
06/11/2022,health,7353.0,!!!
10-12-21,Utilities,8693.0,Restaurant dinner
01-04-22,FOOD,4213.0,Monthly rent payment
05-08-2021,Travel,624.0,Online course
01/19/2022,utilities,4674.0,Movie tickets
2023-11-13,entertainment,6552.0,Monthly rent payment
15-10-2022,Utilities,5770.0,xyz123
2022-01-24,Foods,3200.0,Coffee
2023-10-10,Educaton,9385.0,Fixed deposit
19-07-21,Rnt,211.0,EMI payment
08/30/2022,RENT,5770.0,Train ticket
02/05/2023,Utility,7738.0,Train ticket
26-04-2024,Freelance,30076.0,Electricity bill
02/21/2022,Travl,7881.0,Train ticket
17-09-2022,Travl,3711.0,Books
2024-05-03,Others,50616.0,Medicine
24-08-2022,Food,3162.0,Electricity bill
15-12-2023,Foodd,1741.0,Uber ride
06-08-2021,Rnt,2012.0,Shopping
04-05-23,rent,8240.0,Lunch
01/31/2021,Others,33703.0,Internet bill
2023-05-20,Rentt,23748.0,Coffee
11/30/2023,Entrtnmnt,4620.0,Books
25-04-2024,HEALTH,4578.0,asdfgh
2021-10-16,Rentt,24421.0,Internet bill
2021-05-16,travel,,Doctor consultation
05-08-21,rent,216.0,Coffee
2022-10-05,Education,995.0,Medicine
2022-02-23,health,5085.0,Monthly rent payment
04/07/2024,Foodd,553.0,Lunch
2021-11-11,Travel,4882.0,asdfgh
06/24/2022,food,2803.0,Electricity bill
2023-01-07,FOOD,5104.0,Medicine
01-11-23,Education,5269.0,asdfgh
19-09-23,Freelance,27272.0,Coffee
2022-09-15,Helth,7259.0,asdfgh
2023-08-12,education,7208.0,xyz123
15-07-24,Traval,7467.0,Grocery shopping
12-03-24,Food,2641.0,xyz123
04-01-22,Salary,66432.0,Movie tickets
22-11-22,RENT,6273.0,Restaurant dinner
2022-10-13,Traval,1547.0,Shopping
2023-04-14,Salary,36012.0,Online course
2021-02-03,Others,40149.0,Coffee
04/06/2022,Others,45615.0,Doctor consultation
05/07/2021,Traval,7539.0,asdfgh
24-01-23,Helth,4696.0,!!!
28-04-2021,utilities,7546.0,Shopping
,EDU,3706.0,Lunch
01/08/2024,Travl,,test
2023-12-05,Bonus,53078.0,Petrol
2024-06-08,Foodd,3840.0,Gym membership
2024-11-07,Educaton,1120.0,Lunch
25-07-2024,Food,4587.0,Doctor consultation
11/28/2024,Utilities,9750.0,test
2023-03-25,Education,4986.0,Electricity bill
02/09/2021,Utlities,9229.0,Internet bill
03/27/2024,Others,28003.0,Monthly rent payment
2023-08-15,Entertainment,2599.0,Uber ride
04-04-2021,Entrtnmnt,9677.0,Medicine
2022-07-05,Food,4120.0,Coffee
20-02-2023,Others,51440.0,Coffee
09-12-2021,Traval,2660.0,Electricity bill
05/18/2021,Rentt,36576.0,ATM withdrawal
11/11/2022,Utilities,4682.0,Train ticket
01/21/2024,Salary,20053.0,Restaurant dinner
2024-03-06,Entertainment,,Uber ride
08/24/2021,Investment,69778.0,!!!
2022-10-08,Utilties,,Shopping
2022-08-14,Fod,1350.0,Grocery shopping
11/18/2021,Travel,8578.0,Movie tickets
13-06-24,Bonus,75604.0,ATM withdrawal
12/04/2021,food,145.0,Gym membership
04-03-21,education,8923.0,Restaurant dinner
12/10/2024,Food,1035.0,Internet bill
07/29/2024,TRAVEL,1396.0,Internet bill
12/08/2021,Salary,43834.0,asdfgh
2024-03-24,Foodd,4026.0,Train ticket
,Entrtnmnt,3072.0,Books
,Traval,9535.0,Internet bill
01/23/2023,Foodd,824.0,Doctor consultation
2023-10-27,Rnt,5175.0,test
2021-03-19,Entertain,4398.0,Electricity bill
02/27/2022,Salary,245156.0,!!!
2021-03-06,rent,6051.0,Shopping
01-11-23,Utilities,2301.0,misc
2021-02-18,Freelance,40590.0,xyz123
09/08/2023,rent,6961.0,xyz123
04/28/2023,Food,4252.0,Petrol
2021-08-01,Rent,38906.0,Restaurant dinner
13-08-23,food,5783.0,Gym membership
2021-06-09,Rent,40318.0,Internet bill
2021-09-06,travel,2226.0,!!!
09-11-24,Fod,6252.0,!!!
2022-04-29,Rent,42162.0,Coffee
2022-11-05,Foods,3844.0,Doctor consultation
2024-06-14,Health,2575.0,ATM withdrawal
2021-03-14,Entertainment,2323.0,Gym membership
,Rentt,32511.0,Online course
2021-03-24,Utilties,5223.0,Medicine
2022-04-06,Foods,4856.0,Petrol
03/07/2021,food,6809.0,!!!
10/11/2024,Fod,,Coffee
03/31/2021,Foods,721.0,Gym membership
03/10/2021,Bonus,65623.0,test
2024-12-29,Salary,65957.0,Medicine
08-11-22,FOOD,9343.0,Petrol
21-04-21,OTHERS,5887.0,misc
2022-03-21,Travel,8063.0,Lunch
2021-04-19,Utlities,3802.0,test
16-01-21,Foods,4554.0,Doctor consultation
05/03/2022,Freelance,22324.0,Coffee
2021-04-04,food,7271.0,test
04/23/2024,Education,6436.0,Restaurant dinner
08/01/2023,rent,7751.0,Online course
2024-11-07,entertainment,7517.0,Electricity bill
2021-03-04,Food,4195.0,Doctor consultation
12-08-2022,Bonus,38497.0,Train ticket
01/07/2023,Utilties,648.0,EMI payment
2024-11-16,Entrtnmnt,1754.0,Petrol
07-09-2021,EDU,4297.0,Grocery shopping
2024-09-21,Foodd,2324.0,Internet bill
2024-12-05,Utilties,7572.0,Electricity bill
02/17/2023,Utilities,185.0,Shopping
26-01-2022,Rentt,5075.0,Grocery shopping
2024-09-23,Travel,999999999.0,Books
,Entrtnmnt,2293.0,Train ticket
2021-05-12,Utlities,4022.0,Train ticket
07/18/2024,FOOD,6217.0,xyz123
2023-07-03,Rentt,13682.0,Fixed deposit
01/27/2021,food,8793.0,asdfgh
2023-05-25,health,3658.0,Doctor consultation
31-12-21,travel,7061.0,xyz123
07-07-21,Health,8777.0,Petrol
2022-07-12,Others,77593.0,Grocery shopping
2024-05-23,Travl,2673.0,Electricity bill
04-03-23,Traval,5127.0,Petrol
16-09-21,Helth,6896.0,Coffee
12/17/2023,RENT,3940.0,Doctor consultation
2022-06-03,Education,7222.0,Movie tickets
2022-11-06,Other,999999999.0,EMI payment
05/17/2021,entertainment,4925.0,Shopping
09/24/2023,Food,1624.0,!!!
17-04-21,Entertain,4164.0,Petrol
01/04/2023,savings,1315.0,Electricity bill
02/22/2024,FOOD,5213.0,Train ticket
2024-06-03,Entertain,9531.0,Uber ride
,Rentt,13343.0,xyz123
05-04-22,Health,-500.0,Monthly rent payment
25-11-22,Utility,7809.0,Online course
2023-06-23,RENT,5172.0,Uber ride
09/21/2024,food,999999.0,test
2022-03-25,EDU,6963.0,Gym membership
30-12-2021,Investment,73953.0,Electricity bill
04/08/2022,Utlities,6660.0,Lunch
12-04-22,Food,2784.0,test
2024-03-11,Investment,64156.0,Monthly rent payment
06/08/2022,Entertainment,1124.0,Internet bill
03/14/2021,Travel,964.0,EMI payment
31-01-24,entertainment,3582.0,asdfgh
16-06-24,travel,3156.0,EMI payment
2023-05-01,Rent,22203.0,!!!
09-02-24,Utlities,5245.0,Monthly rent payment
12/30/2022,RENT,6250.0,Online course
01-01-2024,utilities,2403.0,Books
14-03-23,Rnt,3320.0,Grocery shopping
,food,5304.0,Shopping
2022-05-29,FOOD,2407.0,Movie tickets
08-02-22,Saving,4252.0,Shopping
2024-09-05,Entertain,787.0,Uber ride
2023-08-31,rent,2581.0,Fixed deposit
26-03-24,Food,4739.0,misc
2024-04-05,travel,3605.0,Doctor consultation
2024-09-28,Entertainment,,Gym membership
12/18/2024,OTHERS,9456.0,test
,Food,805.0,misc
12/31/2022,Education,4334.0,Books
09/15/2023,EDU,503.0,test
20-10-23,Fod,9391.0,Uber ride
,TRAVEL,1034.0,Petrol
06/20/2021,Utilties,7835.0,Monthly rent payment
2022-09-27,Saving,604.0,asdfgh
05/06/2022,Utilities,8377.0,ATM withdrawal
2022-01-16,rent,3464.0,Fixed deposit
2024-01-30,Utlities,7134.0,Online course
06/15/2021,Utlities,5546.0,ATM withdrawal
16-09-22,Traval,,Lunch
11/24/2021,Traval,330.0,Train ticket
04/21/2024,Investment,58808.0,asdfgh
04/21/2023,FOOD,2027.0,Gym membership
08/14/2021,education,4867.0,ATM withdrawal
2024-10-01,Utlities,6700.0,Doctor consultation
04/28/2022,Bonus,53734.0,Uber ride
11/26/2022,Utlities,3749.0,Lunch
2022-01-11,Investment,71333.0,!!!
04-09-23,rent,2581.0,xyz123
08/21/2022,Rent,0.0,Train ticket
11/24/2023,Rentt,17314.0,Fixed deposit
2021-12-23,Education,9998.0,Fixed deposit
2022-11-20,Entertainment,2788.0,Coffee
2024-12-10,Traval,,Electricity bill
07/21/2021,Rent,8144.0,Monthly rent payment
2022-10-03,food,9164.0,asdfgh
2022-02-02,Salary,59269.0,Doctor consultation
07-08-23,Rentt,15509.0,Internet bill
03/09/2024,Travel,7077.0,xyz123
2023-02-26,Educaton,8254.0,Fixed deposit
02-02-24,Entrtnmnt,1555.0,Electricity bill
12/20/2021,utilities,5017.0,Internet bill
09/04/2021,Food,2941.0,xyz123
2022-01-16,Rentt,49122.0,Petrol
2024-08-16,health,1761.0,!!!
03/25/2022,Rentt,10003.0,Coffee
15-11-21,Rnt,420.0,Restaurant dinner
11-01-21,Bonus,20062.0,Lunch
2021-02-21,Bonus,,Petrol
02-06-2023,Saving,-500.0,Shopping
2021-01-23,Travl,4603.0,!!!
12-05-2024,Entertainment,9986.0,Train ticket
11/06/2021,food,7886.0,Internet bill
2024-12-18,RENT,6330.0,EMI payment
2022-06-07,HEALTH,4109.0,Electricity bill
12-12-22,Foods,,Books
23-03-2021,Entertainment,2491.0,test
,RENT,,Movie tickets
28-09-24,Rentt,37722.0,!!!
08/20/2022,Rnt,4508.0,Internet bill
2022-05-03,Rnt,9199.0,Doctor consultation
2021-01-29,EDU,2704.0,!!!
06-05-23,food,5560.0,asdfgh
10/25/2022,Food,2080.0,Coffee
2024-11-02,food,1792.0,Internet bill
2021-03-25,utilities,279.0,Monthly rent payment
02/05/2024,Rentt,37190.0,Electricity bill
06/20/2024,Travl,,test
21-01-22,Education,536.0,misc
2022-07-13,Foods,4876.0,Medicine
10-04-2022,Education,999999.0,Grocery shopping
29-04-2021,Utlities,634.0,ATM withdrawal
01/27/2022,Entertain,1670.0,Fixed deposit
04-11-21,Rent,10249.0,Internet bill
03/13/2022,Bonus,37131.0,Fixed deposit
23-09-24,FOOD,442.0,Electricity bill
09-07-23,Travl,7261.0,Coffee
11/28/2021,Utility,3749.0,Uber ride
2024-04-25,Foods,1316.0,Train ticket
2023-08-06,Helth,1891.0,Uber ride
2023-03-10,Utilties,877.0,Shopping
07/25/2023,Others,25449.0,Restaurant dinner
06-10-24,rent,7345.0,ATM withdrawal
17-06-24,Bonus,10326.0,misc
2022-02-18,Travl,5563.0,Books
11/03/2021,Freelance,27223.0,EMI payment
10/16/2021,rent,4522.0,Coffee
01/27/2021,Rnt,3204.0,Uber ride
11/12/2022,utilities,2442.0,Fixed deposit
2023-12-22,Others,54330.0,ATM withdrawal
2023-05-21,Others,550580.0,Medicine
11/14/2023,Foodd,220.0,Electricity bill
2023-01-07,Salary,11603.0,Petrol
15-01-23,Educaton,3503.0,Grocery shopping
2024-12-28,Freelance,20421.0,asdfgh
2023-06-17,RENT,2970.0,Grocery shopping
05/11/2024,Education,6357.0,xyz123
10/07/2024,FOOD,3833.0,Fixed deposit
2023-01-14,Rent,26643.0,ATM withdrawal
07/20/2022,rent,9525.0,Restaurant dinner
2022-03-13,Investment,46178.0,!!!
02/27/2022,Travl,9960.0,Grocery shopping
08/17/2024,Entertain,9838.0,!!!
15-09-2023,education,7275.0,test
04/07/2024,Educaton,9891.0,Grocery shopping
07/19/2024,Entertain,999999.0,EMI payment
2021-12-06,RENT,6362.0,Uber ride
06/06/2023,utilities,1763.0,test
2024-08-01,FOOD,2115.0,Coffee
2022-12-06,food,9075.0,test
07-06-21,Entrtnmnt,999999.0,Coffee
2021-09-10,Entertain,4446.0,Medicine
2023-01-11,Entrtnmnt,8348.0,Electricity bill
06/02/2024,Utilities,6822.0,Monthly rent payment
,RENT,3797.0,Petrol
16-03-23,FOOD,5058.0,Gym membership
25-05-2021,Investment,58968.0,Restaurant dinner
19-10-2023,utilities,9480.0,Doctor consultation
2022-10-31,Travl,5560.0,Fixed deposit
2022-10-17,FOOD,4012.0,Monthly rent payment
07-02-2024,food,4603.0,Books
11/02/2023,Rnt,1454.0,Petrol
20-08-22,FOOD,6007.0,Movie tickets
2022-12-24,Others,9581.0,Petrol
23-02-23,Food,3690.0,Internet bill
2022-04-03,FOOD,4040.0,Internet bill
04/22/2022,travel,,Movie tickets
2022-11-02,rent,2619.0,Restaurant dinner
09/27/2021,Foods,4037.0,Books
2022-07-07,FOOD,,Books
09/22/2022,Health,596.0,Lunch
2021-06-25,Foodd,4070.0,misc
2021-06-04,Investment,34515.0,Restaurant dinner
01-04-24,Others,25678.0,Restaurant dinner
01/16/2022,rent,9284.0,Grocery shopping
10/05/2021,Bonus,24104.0,!!!
17-04-22,Others,21175.0,Gym membership
05/09/2021,Educaton,,Electricity bill
13-11-2024,Others,25701.0,misc
10/18/2021,HEALTH,5335.0,Gym membership
12/03/2023,RENT,7453.0,Lunch
2024-08-03,Freelance,68176.0,asdfgh
20-03-21,Traval,6624.0,Movie tickets
2021-05-22,Entertain,9602.0,Coffee
07/20/2023,Rent,24848.0,!!!
2024-06-13,education,9314.0,Movie tickets
24-03-24,Savings,259.0,Monthly rent payment
2023-05-03,entertainment,9315.0,Internet bill
13-05-2021,TRAVEL,8347.0,EMI payment
2024-07-10,Food,3644.0,Lunch
2023-09-07,FOOD,1491.0,Lunch
06/26/2024,Investment,,Medicine
02-02-24,rent,3753.0,Medicine
2021-05-22,travel,7640.0,Lunch
11/26/2024,Travel,9855.0,Gym membership
2023-08-02,Entrtnmnt,3692.0,Doctor consultation
2023-10-06,Others,10693.0,EMI payment
23-10-24,RENT,8540.0,Medicine
2022-07-19,entertainment,7319.0,Doctor consultation
23-09-24,Education,8251.0,Electricity bill
2021-02-08,utilities,,Monthly rent payment
14-07-2022,entertainment,5784.0,Fixed deposit
29-07-22,Salary,29590.0,Movie tickets
16-09-22,Foodd,4799.0,Movie tickets
03-10-2024,Rent,25493.0,Petrol
2023-07-01,rent,8623.0,ATM withdrawal
2023-09-04,Savings,2421.0,Gym membership
13-04-23,Food,2405.0,Doctor consultation
08-09-21,Travl,3965.0,Electricity bill
01/29/2023,Rent,21911.0,Restaurant dinner
2024-08-20,Entertainment,1233.0,Electricity bill
05/05/2023,Foodd,252.0,EMI payment
2021-03-05,Foods,2969.0,Lunch
27-04-2021,Rentt,34322.0,xyz123
07/25/2024,EDU,3905.0,!!!
2021-02-09,Utility,749.0,Grocery shopping
12-06-2021,education,7016.0,Fixed deposit
23-06-2024,RENT,4266.0,Grocery shopping
19-11-2023,Fod,512.0,Medicine
08/13/2022,Travel,1482.0,Grocery shopping
20-07-24,Rnt,6825.0,misc
2021-01-05,Rentt,9560.0,Shopping
,Bonus,39326.0,Monthly rent payment
2021-07-28,Foodd,3820.0,Internet bill
2022-08-30,rent,,Train ticket
06-08-22,Rent,25522.0,Uber ride
26-05-24,Rnt,4225.0,Medicine
2023-04-12,Utilties,179.0,test
2022-04-01,rent,5122.0,Movie tickets
,Freelance,,Restaurant dinner
2022-03-15,Fod,1261.0,Petrol
12/27/2022,Food,4935.0,misc
05/26/2024,Helth,2555.0,Internet bill
09/02/2021,health,7636.0,Coffee
2023-12-10,Rnt,2166.0,EMI payment
29-01-22,FOOD,3633.0,Grocery shopping
02/19/2024,SAVINGS,7864.0,ATM withdrawal
,EDU,9892.0,test
01/21/2023,Others,42712.0,Uber ride
2021-10-09,Misc,9794.0,Internet bill
02-07-24,Fod,5884.0,ATM withdrawal
05-11-2023,Health,2464.0,Books
2024-02-28,Fod,8027.0,Uber ride
07/12/2024,Travl,9225.0,Restaurant dinner
2021-11-29,FOOD,8156.0,Gym membership
2023-05-24,Foods,,Train ticket
12/29/2023,Travel,1547.0,Coffee
2023-04-19,Rent,41736.0,Restaurant dinner
2021-01-10,Utlities,6392.0,Medicine
11-12-21,Bonus,32753.0,Medicine
03/30/2024,Utilities,,!!!
12/30/2021,TRAVEL,6344.0,misc
2022-12-06,EDU,754.0,Movie tickets
27-05-22,TRAVEL,760.0,test
2024-06-15,Entertainment,8181.0,Lunch
02/13/2021,Rnt,2657.0,Restaurant dinner
05/22/2022,TRAVEL,9290.0,asdfgh
,Foodd,4814.0,Lunch
30-10-22,Bonus,30953.0,Train ticket
2024-10-29,Investment,69768.0,Fixed deposit
07/21/2022,food,7859.0,Internet bill
2022-01-24,rent,2376.0,ATM withdrawal
25-03-23,FOOD,8973.0,Uber ride
02/15/2022,education,3177.0,Fixed deposit
2024-10-22,Foods,3087.0,Restaurant dinner
2021-08-08,Saving,7287.0,asdfgh
2023-06-27,Rentt,23603.0,ATM withdrawal
2024-05-14,entertainment,4715.0,Coffee
03/23/2021,Entertain,7405.0,asdfgh
06/10/2021,health,4481.0,Fixed deposit
11/21/2023,Travl,5325.0,xyz123
24-05-21,FOOD,833.0,Coffee
03/22/2024,Food,881.0,Electricity bill
2024-06-05,Foodd,1611.0,Fixed deposit
01/19/2023,SAVINGS,4898.0,Books
03-10-23,Entertainment,8775.0,Gym membership
13-04-22,Travel,6644.0,Online course
2021-04-18,Freelance,44598.0,Doctor consultation
2024-05-04,Entertainment,5302.0,ATM withdrawal
10/20/2024,Travel,1992.0,Grocery shopping
04/03/2022,RENT,6641.0,Uber ride
2024-06-03,Fod,,Shopping
2022-05-06,Entertain,999999999.0,Train ticket
31-01-22,Educaton,5912.0,test
19-10-2024,Foods,1260.0,Gym membership
2021-09-17,education,,EMI payment
2023-10-03,FOOD,3120.0,Electricity bill
06-04-24,Foods,2855.0,misc
2024-04-01,Utility,4081.0,ATM withdrawal
03/02/2022,Foodd,664.0,ATM withdrawal
22-09-2022,TRAVEL,783.0,Gym membership
21-08-2022,Rent,29112.0,Gym membership
02/02/2022,Foods,4797.0,Online course
08/12/2023,rent,2508.0,Movie tickets
2021-02-02,Bonus,69323.0,asdfgh
2021-03-30,utilities,9423.0,Train ticket
2023-09-30,Rnt,6187.0,EMI payment
,travel,1845.0,Uber ride
09-04-22,Rent,38889.0,Fixed deposit
01/03/2022,Entrtnmnt,7781.0,misc
16-07-2023,entertainment,790.0,xyz123
29-05-22,Health,167.0,Train ticket
2022-08-17,RENT,3218.0,!!!
01/03/2023,Rent,10193.0,Monthly rent payment
23-09-22,Foods,301.0,Internet bill
2024-11-12,Education,5161.0,xyz123
06-03-21,FOOD,999999999.0,Grocery shopping
03-02-21,FOOD,6557.0,EMI payment
26-04-21,travel,6818.0,Internet bill
10/13/2024,Traval,1240.0,ATM withdrawal
23-11-2024,RENT,1689.0,Lunch
10-08-2022,Educaton,882.0,Medicine
09/04/2023,Investment,37592.0,Movie tickets
12/24/2021,FOOD,7995.0,Medicine
30-11-2024,Freelance,40518.0,Movie tickets
2022-11-03,Rentt,35442.0,Petrol
05/02/2024,Foodd,3675.0,Electricity bill
2023-09-19,Rentt,11161.0,!!!
21-03-24,Others,75246.0,test
2022-10-18,Utilities,7236.0,ATM withdrawal
2024-03-12,Foodd,2570.0,Books
20-02-23,Bonus,30490.0,Medicine
2022-06-11,education,6108.0,ATM withdrawal
06/01/2021,Investment,,Uber ride
06-11-2022,Education,9328.0,asdfgh
2024-07-02,Traval,3023.0,Gym membership
2021-03-16,food,6856.0,Books
12-08-24,rent,7401.0,Online course
2022-07-09,Saving,9356.0,xyz123
2023-01-27,Entrtnmnt,8631.0,EMI payment
07-05-22,food,7954.0,Books
2021-03-17,Entertainment,6530.0,Grocery shopping
2022-09-18,Utlities,7698.0,asdfgh
07/22/2024,FOOD,2416.0,Internet bill
2022-08-02,Freelance,34663.0,Monthly rent payment
2022-05-16,Educaton,999999.0,Shopping
23-07-23,health,3002.0,Lunch
03/08/2021,Rent,16470.0,Uber ride
07/12/2023,Bonus,18838.0,!!!
2024-11-06,Educaton,6177.0,Restaurant dinner
2024-01-07,Fod,2415.0,Medicine
2021-10-03,Salary,18526.0,misc
09/03/2024,Fod,5401.0,Shopping
2021-03-04,Other,2227.0,ATM withdrawal
04/08/2022,education,5481.0,asdfgh
30-08-23,Utility,133.0,Uber ride
03-01-2021,Travl,3534.0,Petrol
2023-03-30,Saving,5453.0,Electricity bill
06/24/2024,RENT,1701.0,Doctor consultation
07/16/2024,Travl,1989.0,Electricity bill
2024-02-14,RENT,9134.0,Gym membership
2024-02-11,Salary,49068.0,Lunch
25-06-24,Rnt,824.0,Grocery shopping
04/26/2024,rent,8519.0,Electricity bill
08/29/2021,RENT,1392.0,Lunch
2023-02-11,Educaton,1917.0,Monthly rent payment
2022-01-02,Entertain,5387.0,EMI payment
2024-11-10,FOOD,8768.0,misc
2024-11-17,Utilities,7185.0,ATM withdrawal
02-10-2022,entertainment,9619.0,Petrol
2024-10-17,Utilities,999999.0,Coffee
31-07-2023,rent,8812.0,Coffee
11/03/2021,entertainment,8230.0,EMI payment
2021-03-27,Educaton,7829.0,Electricity bill
08/11/2023,Misc,3935.0,Shopping
25-02-2023,TRAVEL,8070.0,Uber ride
09/13/2022,Others,13243.0,Doctor consultation
09/02/2021,Freelance,54332.0,xyz123
2024-01-06,Foods,2417.0,Doctor consultation
2021-02-14,FOOD,9427.0,xyz123
05/26/2022,Rnt,7778.0,EMI payment
09-02-2021,Health,2707.0,Movie tickets
01-04-21,Food,4632.0,ATM withdrawal
2023-11-08,RENT,678.0,Grocery shopping
2022-01-30,FOOD,3518.0,Monthly rent payment
01/05/2023,TRAVEL,806.0,Uber ride
2021-05-10,Investment,26841.0,Monthly rent payment
2021-06-14,Health,8863.0,Electricity bill
08/23/2021,utilities,5816.0,Fixed deposit
2023-08-12,Freelance,,Train ticket
2023-02-18,Foods,3409.0,Gym membership
2024-01-21,RENT,6474.0,Medicine
03/19/2022,Education,2243.0,Uber ride
03/20/2022,Salary,72341.0,Internet bill
2022-10-17,Education,976.0,Internet bill
2021-12-13,Education,6137.0,Lunch
17-08-2021,food,4220.0,xyz123
26-01-23,Food,4242.0,Uber ride
10-08-22,rent,8401.0,Monthly rent payment
2022-04-16,Travel,146.0,Books
11/09/2023,Others,23923.0,misc
09-04-21,utilities,7818.0,Internet bill
2024-01-25,Fod,3890.0,xyz123
29-04-22,Educaton,2624.0,Electricity bill
11/26/2023,Entertain,2984.0,misc
10/13/2024,Entrtnmnt,9460.0,Medicine
09/13/2022,rent,7301.0,Internet bill
2023-11-23,RENT,8603.0,Restaurant dinner
2022-01-19,Utilities,999999999.0,Gym membership
2021-03-03,Entrtnmnt,2717.0,xyz123
21-09-23,Rnt,8375.0,Coffee
05-03-23,travel,5047.0,!!!
11-11-23,Helth,1518.0,test
02-09-22,Others,36762.0,EMI payment
27-06-2023,Utility,3318.0,Train ticket
2021-03-12,Traval,6441.0,Restaurant dinner
13-07-21,food,9840.0,Grocery shopping
2021-09-08,SAVINGS,5331.0,asdfgh
2022-08-19,Food,3346.0,Train ticket
2022-04-07,FOOD,4096.0,test
23-10-24,Rnt,4568.0,Lunch
09-03-2022,Others,29727.0,Shopping
2022-01-08,rent,4670.0,EMI payment
07/25/2023,Utility,2238.0,ATM withdrawal
2022-09-11,Freelance,,Train ticket
2024-05-14,education,2104.0,Gym membership
03/25/2022,Fod,668.0,Petrol
08-10-21,Education,4213.0,Online course
2022-05-21,savings,8005.0,Coffee
2023-04-07,TRAVEL,8784.0,Fixed deposit
01/24/2023,Entertainment,211.0,xyz123
09-06-2022,Fod,6729.0,EMI payment
08/26/2023,Rent,10381.0,Lunch
2021-02-17,Bonus,72923.0,Electricity bill
06/13/2022,Foodd,4259.0,xyz123
06/27/2022,Foodd,4655.0,!!!
2024-02-10,food,4592.0,ATM withdrawal
16-10-23,Utilties,6869.0,Coffee
03/08/2021,FOOD,2023.0,Books
24-07-2024,Rent,19693.0,Train ticket
13-12-22,RENT,1798.0,test
22-01-22,entertainment,5048.0,Coffee
10/06/2022,Entertain,6609.0,Online course
09/18/2023,education,4922.0,Fixed deposit
2024-02-06,travel,5566.0,test
12/25/2021,savings,7241.0,Petrol
02/18/2023,Rent,,Gym membership
2024-12-19,Rent,45547.0,Restaurant dinner
05-12-2023,Food,934.0,!!!
2021-01-28,Fod,3006.0,xyz123
09-09-23,Rent,19981.0,Electricity bill
24-10-24,travel,5212.0,Gym membership
2021-06-27,rent,6714.0,Online course
05/30/2023,Others,36899.0,Grocery shopping
06-02-24,Foodd,4387.0,Movie tickets
2023-08-03,Utilties,3794.0,Monthly rent payment
2021-08-27,entertainment,1358.0,Petrol
07/04/2024,Bonus,62215.0,Gym membership
2021-07-31,Rent,36727.0,Gym membership
,Utility,3635.0,Restaurant dinner
05/08/2021,Educaton,4933.0,misc
2023-09-06,Utlities,5585.0,EMI payment
2021-12-03,RENT,8689.0,test
2021-02-01,Investment,51266.0,Shopping
23-03-23,Utilities,7938.0,test
10/28/2024,Freelance,74952.0,ATM withdrawal
09/08/2021,Rnt,6540.0,Restaurant dinner
2022-02-07,Salary,47094.0,Restaurant dinner
09-07-24,travel,6887.0,Train ticket
2022-02-17,health,126.0,Doctor consultation
05/16/2021,Travel,8186.0,Grocery shopping
,entertainment,3570.0,Electricity bill
01/07/2022,Travel,4856.0,test
2022-09-03,Fod,5253.0,Monthly rent payment
2023-05-10,Rnt,1034.0,Coffee
07/20/2021,Entertain,7303.0,ATM withdrawal
25-02-23,Rnt,1817.0,Coffee
07/20/2024,Salary,35930.0,Monthly rent payment
02/07/2024,Traval,3928.0,Train ticket
2024-01-04,savings,7012.0,Petrol
2024-09-16,Others,59046.0,Internet bill
20-08-24,Foods,365.0,Internet bill
2024-02-09,Utility,6463.0,Restaurant dinner
2023-08-12,travel,9875.0,Restaurant dinner
2022-04-28,Educaton,5593.0,asdfgh
03/19/2022,SAVINGS,3762.0,Grocery shopping
2022-09-28,Entrtnmnt,6631.0,Gym membership
2022-07-05,Utilties,2478.0,Books
2022-09-27,Education,1013.0,Uber ride
07/15/2022,Travel,4725.0,Fixed deposit
10/15/2024,Entertainment,6924.0,Internet bill
2023-01-24,EDU,3622.0,Coffee
04-12-2022,education,6419.0,Medicine
,Traval,5178.0,Fixed deposit
08/16/2024,Savings,8701.0,Books
03/27/2021,FOOD,4615.0,EMI payment
12/26/2022,rent,827.0,asdfgh
2024-01-21,Bonus,34145.0,!!!
05-08-2021,Foods,1160.0,Electricity bill
02-02-2021,Utility,4219.0,Electricity bill
2022-04-17,Salary,65727.0,Books
03-08-2021,travel,2968.0,Electricity bill
10/17/2021,Food,3642.0,Shopping
2023-04-08,Traval,1587.0,Movie tickets
2023-03-09,Entertain,2190.0,Electricity bill
2022-06-08,Food,4765.0,Shopping
03/04/2023,Food,1792.0,Grocery shopping
10/20/2022,Other,3878.0,Doctor consultation
2024-10-26,Education,2641.0,Online course
2024-06-22,Education,5353.0,Fixed deposit
2023-10-30,Rnt,9088.0,Petrol
2024-09-28,OTHERS,999999999.0,!!!
11-02-2021,Foodd,4105.0,EMI payment
30-10-2021,Others,,Doctor consultation
17-11-21,Education,1393.0,Lunch
18-06-22,Food,4693.0,Doctor consultation
04/17/2022,Investment,,test
2021-10-02,food,4283.0,Books
05/21/2021,Others,36097.0,Restaurant dinner
2023-11-27,Fod,5756.0,Medicine
10/30/2022,Foodd,3158.0,Shopping
08-12-21,food,9126.0,!!!
01/17/2024,Investment,76415.0,Uber ride
2022-06-23,Traval,4502.0,xyz123
,Utilties,6457.0,test
18-08-21,Fod,999999.0,Shopping
02-12-23,Rent,43120.0,Medicine
23-08-2024,travel,2446.0,Petrol
30-06-21,Fod,9065.0,Online course
26-07-24,Educaton,7991.0,Grocery shopping
2022-04-07,Others,15675.0,Grocery shopping
11-10-2021,TRAVEL,4396.0,xyz123
04/05/2023,Food,3310.0,Internet bill
2022-11-17,Entertain,2512.0,Monthly rent payment
07/22/2024,Fod,3740.0,Gym membership
25-04-22,health,973.0,Lunch
16-05-24,Travl,3596.0,Online course
22-08-22,Investment,55694.0,Restaurant dinner
29-09-23,Foodd,3241.0,Online course
08/10/2023,Rent,21830.0,Movie tickets
23-04-2023,Educaton,6774.0,Train ticket
2024-12-31,Others,21061.0,Grocery shopping
01-02-23,Utlities,1483.0,Online course
05/23/2024,Freelance,48282.0,Petrol
09/03/2023,food,1889.0,asdfgh
04/10/2022,Utlities,1560.0,Electricity bill
28-11-2024,utilities,5321.0,Train ticket
2024-03-28,rent,9679.0,Internet bill
2024-04-16,rent,,asdfgh
2023-12-07,Entertain,6317.0,Train ticket
06/10/2021,Rnt,8509.0,asdfgh
,Fod,1986.0,Restaurant dinner
12-07-2021,Traval,7846.0,EMI payment
09-09-23,Salary,31075.0,Uber ride
05/18/2021,Travel,3284.0,Shopping
28-09-2023,EDU,9596.0,Uber ride
2023-09-09,Foodd,-1000.0,Coffee
28-06-23,Education,7510.0,xyz123
2024-09-21,Entertain,9794.0,asdfgh
2023-12-02,Traval,3965.0,misc
2021-05-26,Fod,3422.0,Movie tickets
2023-08-15,Utility,-1000.0,!!!
06/02/2022,Foodd,1256.0,asdfgh
02/05/2023,savings,9372.0,Gym membership
2023-03-18,Freelance,77128.0,xyz123
05/16/2024,Utility,3271.0,Coffee
07-04-23,entertainment,7648.0,Lunch
2021-08-25,Education,990.0,Internet bill
2021-04-25,Rent,12794.0,Petrol
10/04/2021,Food,1891.0,Lunch
08/23/2024,Utilties,7211.0,Online course
2024-04-13,Educaton,4796.0,Books
29-04-22,Travl,9540.0,Restaurant dinner
04/01/2022,Utilities,8851.0,ATM withdrawal
11-04-21,TRAVEL,627.0,!!!
06/19/2024,Foods,1833.0,ATM withdrawal
12/11/2022,savings,7849.0,Internet bill
12-11-22,Freelance,54627.0,Uber ride
2022-09-20,Utilities,6901.0,Grocery shopping
09/09/2023,food,7327.0,Medicine
05/28/2023,Others,65899.0,Train ticket
11/18/2021,Entertainment,,Online course
20-07-24,OTHERS,9515.0,Monthly rent payment
07/14/2021,Utility,6920.0,Coffee
12/22/2024,rent,4371.0,misc
,Freelance,16715.0,Grocery shopping
,Bonus,,asdfgh
,RENT,9516.0,xyz123
2021-01-06,Rnt,7762.0,Medicine
2021-04-18,Freelance,73105.0,Monthly rent payment
05/25/2022,others,-500.0,test
11-06-22,FOOD,9832.0,Medicine
26-04-2022,health,5300.0,Coffee
2024-04-25,Foodd,3646.0,xyz123
10/30/2024,Bonus,79488.0,Online course
2021-07-01,Bonus,32634.0,Grocery shopping
2023-04-22,Rent,30379.0,Coffee
2022-12-10,Foods,,ATM withdrawal
2022-02-18,Food,999999999.0,test
2023-12-04,Salary,34321.0,Lunch
2024-09-08,savings,,xyz123
2024-03-22,Fod,,!!!
2021-05-20,Rnt,4673.0,Restaurant dinner
2024-09-04,Foodd,1771.0,test
2024-06-17,Others,67153.0,EMI payment
12-07-22,Entertain,,Coffee
09-07-2023,Utlities,1924.0,Online course
07/10/2024,SAVINGS,4061.0,Grocery shopping
03/10/2022,Entertainment,6172.0,Online course
2024-06-05,utilities,5394.0,Electricity bill
02/05/2022,Educaton,1140.0,Medicine
2024-12-05,Rent,29543.0,Petrol
2022-06-11,food,2247.0,Uber ride
05-06-2023,Entertainment,9644.0,misc
09/09/2023,Travl,6893.0,Lunch
2022-01-08,Utility,9948.0,EMI payment
16-07-2021,Utilities,4918.0,xyz123
02/17/2022,Travel,3244.0,Monthly rent payment
2023-12-01,Rent,16368.0,Gym membership
04/07/2021,health,2976.0,EMI payment
08-07-2024,food,999999.0,xyz123
06-06-21,Foodd,611.0,Lunch
2024-10-08,Investment,29391.0,Shopping
2021-04-16,utilities,6224.0,Fixed deposit
07/21/2021,Rent,8144.0,Monthly rent payment
09-12-2023,FOOD,8248.0,Books
09/10/2024,Others,71745.0,Internet bill
24-03-21,Travel,9775.0,Petrol
2021-10-08,Educaton,3305.0,Medicine
23-05-24,Utilties,5347.0,Petrol
2023-09-30,FOOD,2847.0,xyz123
17-12-21,utilities,999999.0,Lunch
03-10-21,Education,1149.0,misc
,RENT,484.0,Movie tickets
07-01-24,Bonus,33944.0,Train ticket
25-12-21,Travel,7437.0,test
08/30/2022,Food,,Online course
21-06-24,Rentt,21746.0,Movie tickets
2023-05-27,rent,6142.0,Internet bill
,Freelance,10702.0,Electricity bill
2023-01-31,Rent,35978.0,ATM withdrawal
2022-05-20,Foods,2051.0,asdfgh
27-03-22,entertainment,8733.0,Movie tickets
01/18/2021,Health,3900.0,ATM withdrawal
07-07-2021,TRAVEL,7370.0,EMI payment
2024-02-11,FOOD,2814.0,Train ticket
2024-02-29,Entertainment,,Restaurant dinner
13-09-23,Rnt,5862.0,xyz123
10/01/2023,Health,4654.0,Movie tickets
12-11-22,entertainment,5792.0,Shopping
29-12-22,travel,8751.0,Books
23-06-2021,utilities,5744.0,asdfgh
2024-05-02,Investment,20996.0,Electricity bill
04/24/2023,HEALTH,8786.0,Gym membership
,Entrtnmnt,8118.0,Electricity bill
2023-07-11,rent,8358.0,Electricity bill
06/04/2024,Utility,6989.0,Movie tickets
10-12-2023,Fod,8612.0,Shopping
08/13/2023,food,3568.0,test
2021-05-05,RENT,4181.0,Uber ride
2023-01-07,Traval,3721.0,Monthly rent payment
19-06-2024,entertainment,9871.0,Uber ride
05/07/2021,Food,697.0,Grocery shopping
2022-02-20,Savings,7735.0,Restaurant dinner
2023-08-14,Bonus,12254.0,Train ticket
2023-08-06,Utility,6595.0,Medicine
05/19/2021,Travl,1498.0,Shopping
2022-07-11,Others,52079.0,Fixed deposit
10/07/2022,education,423.0,ATM withdrawal
08/02/2024,Rentt,40988.0,Doctor consultation
2024-05-29,Education,1446.0,ATM withdrawal
,rent,7601.0,Medicine
,Rnt,6612.0,Lunch
2023-08-10,Bonus,63645.0,Movie tickets
29-12-22,FOOD,9752.0,asdfgh
10/28/2024,Investment,23182.0,misc
2022-06-17,Rnt,999999.0,Train ticket
07-01-24,FOOD,4085.0,Restaurant dinner
2021-09-25,FOOD,3335.0,test
2021-11-13,Saving,5516.0,Coffee
2023-04-20,Fod,9476.0,Electricity bill
26-07-2022,education,4921.0,test
2022-03-01,Rnt,7063.0,Online course
04/13/2023,HEALTH,6022.0,Fixed deposit
2023-02-15,Food,1794.0,Online course
03-06-23,Educaton,3827.0,asdfgh
26-04-2023,Rentt,47325.0,Restaurant dinner
2024-05-06,RENT,,Online course
2023-04-30,Utility,314.0,!!!
08/11/2023,Education,9407.0,Internet bill
2021-07-23,Food,4399.0,!!!
,Entrtnmnt,7927.0,Fixed deposit
11/16/2023,Utilties,2471.0,Lunch
30-12-24,Educaton,6968.0,Shopping
2021-09-28,RENT,8910.0,Fixed deposit
12/26/2024,rent,2265.0,Petrol
26-10-2023,utilities,9365.0,Internet bill
03/31/2024,FOOD,2034.0,Train ticket
2023-10-21,utilities,384.0,ATM withdrawal
2024-09-16,Fod,9138.0,EMI payment
23-07-21,education,887.0,Fixed deposit
11/13/2023,Utility,2617.0,Petrol
10/11/2022,Others,46727.0,Petrol
2021-03-14,Entertain,367.0,Coffee
06-01-2024,Travel,5813.0,!!!
14-05-22,Utilities,0.0,Lunch
08/12/2021,Health,2527.0,Internet bill
2024-12-05,travel,2329.0,EMI payment
2022-07-05,Salary,13928.0,Books
28-01-23,Travel,5618.0,Movie tickets
01/01/2023,TRAVEL,1267.0,Fixed deposit
2024-05-06,RENT,,Online course
2024-09-21,TRAVEL,7550.0,Train ticket
29-06-21,Rent,19022.0,Online course
2023-01-27,Fod,2779.0,Electricity bill
10/25/2021,Utility,,Shopping
2023-06-14,Bonus,12315.0,Gym membership
14-03-24,food,2913.0,!!!
09/28/2024,Rent,30637.0,Petrol
11/02/2021,Rent,-500.0,Medicine
2022-05-17,Rnt,6365.0,Fixed deposit
2021-06-16,FOOD,3918.0,Train ticket
2023-11-09,food,7845.0,Lunch
08/20/2021,Education,4398.0,xyz123
2021-04-16,Savings,7320.0,ATM withdrawal
2023-02-15,entertainment,5791.0,EMI payment
2023-08-07,Rnt,2997.0,Doctor consultation
2022-01-12,Traval,5732.0,Grocery shopping
07-02-24,Entrtnmnt,9937.0,Online course
2021-01-13,Saving,,Restaurant dinner
2024-12-21,Utility,6183.0,Electricity bill
21-04-24,FOOD,2507.0,Restaurant dinner
2023-03-14,utilities,419.0,EMI payment
13-10-22,RENT,4971.0,Lunch
09/21/2021,entertainment,8083.0,Online course
21-01-24,food,5182.0,EMI payment
05/19/2023,Others,77757.0,Uber ride
06/16/2023,Travel,9853.0,Medicine
2023-02-18,Fod,2673.0,Monthly rent payment
2023-10-01,rent,7602.0,Gym membership
2022-03-28,Foods,4633.0,Fixed deposit
27-10-2022,Travl,6703.0,test
08-11-24,Traval,2009.0,misc
2024-10-28,travel,9403.0,Movie tickets
18-08-23,Food,951.0,test
23-12-24,Rent,28798.0,Coffee
2024-12-11,Rent,9497.0,test
20-08-2022,Utility,7665.0,Internet bill
2021-05-21,Others,51678.0,Lunch
2021-02-13,utilities,5351.0,Medicine
28-05-2024,Investment,71268.0,Monthly rent payment
,Foodd,1744.0,Shopping
08-11-21,Entertainment,690.0,Petrol
2022-03-17,Traval,7111.0,EMI payment
01/17/2023,Traval,,Fixed deposit
2022-03-08,Entrtnmnt,3570.0,Uber ride
07-02-21,Travl,418.0,Petrol
21-11-2022,Fod,,Shopping
29-12-2023,Foods,2853.0,Uber ride
08/15/2022,utilities,2650.0,Shopping
09-12-21,Helth,9857.0,Movie tickets
13-02-22,Foods,1550.0,ATM withdrawal
04-01-24,Freelance,,Shopping
28-11-23,FOOD,4374.0,Doctor consultation
03-09-21,Education,4776.0,test
2021-05-01,FOOD,8197.0,asdfgh
02/21/2021,Others,44657.0,xyz123
2022-11-26,Rentt,6677.0,Uber ride
2022-10-31,Foodd,-500.0,Online course
05/14/2021,FOOD,9023.0,Doctor consultation
10/23/2022,Foodd,2627.0,Medicine
05/03/2022,Entertainment,5567.0,xyz123
,Freelance,77181.0,Uber ride
01/21/2023,Entertainment,6372.0,Petrol
2024-03-31,Travel,7119.0,Movie tickets
,FOOD,5023.0,Medicine
2023-04-23,rent,7647.0,test
2023-05-17,Food,4373.0,asdfgh
24-04-22,travel,9850.0,EMI payment
11/21/2024,Education,8525.0,Movie tickets
,Rent,36563.0,!!!
02/23/2023,Food,311.0,Books
02-04-21,Rnt,9098.0,Lunch
2022-08-04,Fod,8183.0,Internet bill
01/23/2024,SAVINGS,6543.0,Fixed deposit
10/10/2022,Others,55080.0,Gym membership
11/16/2022,RENT,8481.0,asdfgh
10-05-24,Others,15471.0,Gym membership
2024-02-11,Salary,49068.0,Lunch
05/16/2023,Utilties,580.0,misc
17-07-21,Foodd,306.0,Gym membership
2021-09-04,Fod,5083.0,Train ticket
29-04-22,RENT,5189.0,test
12/11/2022,Rnt,1258.0,Lunch
11-03-2023,Foods,3919.0,Train ticket
2024-02-15,Utilities,114.0,Train ticket
2023-02-11,food,3287.0,ATM withdrawal
2022-10-24,TRAVEL,7211.0,Gym membership
14-02-21,Travel,8513.0,Online course
12/25/2022,RENT,5725.0,Coffee
11-06-21,Foodd,4996.0,misc
2023-11-27,Foodd,79.0,asdfgh
2021-01-06,Bonus,49741.0,Gym membership
13-09-23,Rentt,12302.0,ATM withdrawal
16-12-2023,Traval,5857.0,Movie tickets
04/08/2022,travel,1226.0,Fixed deposit
2022-09-22,Rent,29405.0,Electricity bill
2023-03-17,food,3746.0,Books
15-12-2022,travel,9113.0,Doctor consultation
2021-01-17,Bonus,37741.0,Monthly rent payment
2022-08-23,Others,55339.0,Shopping
2024-12-02,education,7002.0,xyz123
2021-01-23,Travel,3681.0,Online course
12/17/2021,Rent,26210.0,Grocery shopping
2024-11-12,Bonus,17251.0,asdfgh
29-06-24,Rnt,8438.0,Petrol
05/28/2022,Entertain,3030.0,Fixed deposit
2023-01-02,travel,8150.0,Coffee
06-08-2024,rent,9055.0,Restaurant dinner
2021-02-03,Utlities,1095.0,Coffee
10/26/2021,Rnt,8046.0,Restaurant dinner
12/26/2021,rent,999999.0,Monthly rent payment
03-11-2024,EDU,7718.0,Online course
2024-01-06,Bonus,42468.0,Lunch
06/03/2022,Investment,72645.0,Restaurant dinner
08/14/2023,Rnt,,!!!
2021-08-17,Utilities,2187.0,xyz123
23-07-2023,Entertainment,3574.0,misc
2022-05-23,RENT,9302.0,Electricity bill
11-10-21,Food,1999.0,Doctor consultation
10/01/2021,Food,2899.0,misc
01/09/2023,savings,6288.0,ATM withdrawal
2023-07-23,Entrtnmnt,511.0,Internet bill
09/22/2021,Utilties,5459.0,ATM withdrawal
27-08-23,health,6802.0,Lunch
2023-02-27,Rentt,48417.0,Doctor consultation
17-06-2022,Food,1838.0,test
07/30/2021,rent,-500.0,xyz123
08-05-2022,Helth,7834.0,Uber ride
2023-04-15,travel,3917.0,Restaurant dinner
2021-10-20,Entertain,3438.0,asdfgh
11-07-22,Others,52828.0,!!!
30-07-24,travel,8184.0,!!!
24-12-2022,Travl,4770.0,Coffee
30-10-21,Fod,7173.0,Petrol
10/02/2022,Entertain,1534.0,Medicine
05/07/2022,Utility,5420.0,xyz123
09/12/2021,Investment,15232.0,Gym membership
15-02-22,SAVINGS,7667.0,!!!
2021-12-13,Utlities,2342.0,Coffee
2021-12-12,entertainment,8622.0,Doctor consultation
2022-03-30,Travel,1745.0,asdfgh
2022-01-06,Rentt,45085.0,Grocery shopping
04/24/2022,Entertain,3329.0,ATM withdrawal
,travel,4296.0,Petrol
07/21/2022,HEALTH,0.0,ATM withdrawal
08/27/2021,Foodd,4853.0,Medicine
23-03-21,Entrtnmnt,565.0,Grocery shopping
2021-03-18,Food,231.0,Uber ride
2022-05-03,Entertain,5138.0,Train ticket
01/26/2023,Foodd,2691.0,Restaurant dinner
05/11/2024,Travel,9738.0,Petrol
05/12/2023,food,5526.0,misc
2022-06-03,health,5612.0,Electricity bill
,travel,7670.0,ATM withdrawal
08-07-24,Fod,7530.0,test
05/23/2021,Freelance,66525.0,Doctor consultation
08-02-21,Entertain,3585.0,ATM withdrawal
10/24/2021,Travel,3269.0,Doctor consultation
2021-01-17,utilities,3532.0,Restaurant dinner
14-07-2023,Entertain,,Petrol
2022-03-17,Rentt,25754.0,Uber ride
08-02-24,food,8506.0,ATM withdrawal
05/10/2021,Rentt,16536.0,Movie tickets
01-06-24,FOOD,1349.0,Coffee
12/23/2024,Rent,44296.0,Electricity bill
03/01/2021,Utlities,3605.0,Uber ride
2024-08-30,TRAVEL,2825.0,EMI payment
07/21/2024,Rent,15069.0,Fixed deposit
13-06-2021,Entertain,8804.0,Books
2023-05-14,Investment,57294.0,Internet bill
,Entrtnmnt,5055.0,Doctor consultation
22-11-23,Others,75351.0,ATM withdrawal
04/16/2022,Freelance,,xyz123
02/02/2023,Others,76388.0,Movie tickets
2022-02-28,Others,19017.0,Doctor consultation
02/18/2021,health,862.0,Books
04/25/2021,entertainment,8894.0,ATM withdrawal
05/25/2022,Entertain,144.0,Restaurant dinner
2021-05-24,Foodd,1350.0,EMI payment
05/05/2022,FOOD,6816.0,Restaurant dinner
2022-06-01,TRAVEL,3803.0,EMI payment
2021-09-12,EDU,5811.0,Internet bill
2024-03-11,Traval,3319.0,ATM withdrawal
12-02-2023,Foodd,1067.0,Movie tickets
08-08-23,Investment,13588.0,test
24-07-2021,Traval,3973.0,Movie tickets
2021-12-16,Utlities,7754.0,Train ticket
2023-11-20,entertainment,9869.0,Medicine
2023-11-26,Bonus,75385.0,test
2022-03-24,Foodd,4341.0,Shopping
2024-07-17,Food,706.0,Petrol
2023-09-23,FOOD,6456.0,Doctor consultation
29-11-22,Utility,8457.0,Online course
04-10-21,Rentt,13209.0,test
,Fod,793.0,Grocery shopping
05/10/2021,Foodd,2695.0,Lunch
2023-09-10,Education,4266.0,Movie tickets
17-11-21,TRAVEL,2432.0,!!!
2024-02-21,Bonus,35494.0,Train ticket
23-02-22,Entrtnmnt,2996.0,Petrol
04/14/2021,Utilities,4652.0,Electricity bill
22-09-22,Rnt,3724.0,Movie tickets
05/27/2024,Freelance,,EMI payment
17-03-21,EDU,1900.0,Fixed deposit
03-09-22,savings,4350.0,Petrol
2024-04-17,food,7341.0,Electricity bill
30-11-21,Salary,44884.0,Internet bill
2024-11-30,Rentt,49775.0,Gym membership
12/19/2021,Freelance,40669.0,Fixed deposit
11-04-23,Rentt,,Internet bill
04-03-2024,RENT,2994.0,Gym membership
2021-07-22,Food,1504.0,!!!
02/23/2021,Rentt,37902.0,Doctor consultation
14-03-24,Food,184.0,Books
09/25/2023,Salary,66045.0,Books
2022-04-28,utilities,8453.0,test
2024-12-30,Bonus,78318.0,Doctor consultation
23-02-24,rent,6587.0,Grocery shopping
10/12/2023,rent,1920.0,Restaurant dinner
06/17/2022,SAVINGS,3803.0,Online course
10/14/2023,savings,426.0,asdfgh
2024-07-05,Others,13374.0,Coffee
13-02-2023,Salary,,Train ticket
19-08-22,Travel,9329.0,xyz123
29-05-23,Educaton,4616.0,Electricity bill
17-02-23,FOOD,1543.0,Gym membership
12-10-23,RENT,4422.0,EMI payment
05/28/2021,RENT,9502.0,Movie tickets
11/24/2023,Traval,8367.0,Train ticket
2024-05-31,TRAVEL,9916.0,EMI payment
2021-12-16,utilities,3097.0,Doctor consultation
2021-08-29,Foodd,1498.0,xyz123
29-09-21,Salary,37350.0,!!!
06-03-2022,Freelance,66035.0,Uber ride
06/01/2022,Bonus,27979.0,Doctor consultation
07-01-21,Rent,39496.0,misc
03-12-22,education,5630.0,ATM withdrawal
09/30/2022,Freelance,668369.0,!!!
12/09/2023,FOOD,9303.0,xyz123
2022-10-08,others,9440.0,Grocery shopping
2021-03-01,Bonus,78925.0,Online course
2022-10-13,Others,79183.0,Fixed deposit
08-09-2021,RENT,2254.0,Uber ride
2023-08-30,Rentt,19429.0,Medicine
05/29/2024,Travel,3815.0,Books
06-09-21,rent,2449.0,Doctor consultation
24-10-2022,EDU,2345.0,!!!
08/26/2021,education,7656.0,Electricity bill
2022-05-22,Rentt,34555.0,Uber ride
04-09-2022,Travl,1920.0,Shopping
2024-11-05,Utlities,3064.0,Shopping
24-11-2023,HEALTH,5139.0,test
2024-09-16,Utilties,,Shopping
05/29/2024,Rent,42295.0,Shopping
07-07-23,Investment,65257.0,Lunch
07/12/2023,Education,2130.0,misc
2022-12-05,Travl,6316.0,ATM withdrawal
2022-07-05,EDU,8970.0,Medicine
2023-12-08,Education,8470.0,Books
2021-08-24,Fod,4019.0,Monthly rent payment
09/04/2021,HEALTH,9547.0,Books
10/30/2022,health,702.0,Medicine
25-09-22,Utilities,6942.0,Movie tickets
2024-06-13,education,5547.0,Medicine
2024-01-07,Entertain,7288.0,asdfgh
2024-01-30,FOOD,9125.0,Movie tickets
2022-11-27,Utilties,6246.0,Doctor consultation
19-06-23,Fod,2327.0,Fixed deposit
07/25/2022,FOOD,,Doctor consultation
10/23/2022,Foodd,3339.0,misc
2022-10-17,travel,2446.0,Internet bill
,Traval,508.0,!!!
05-12-2022,RENT,2161.0,Restaurant dinner
02-08-2023,RENT,7185.0,Books
2022-01-22,Food,4925.0,Monthly rent payment
2024-05-15,Foods,4961.0,Restaurant dinner
2024-08-21,Bonus,33081.0,Petrol
18-11-24,Health,4690.0,test
2022-07-26,Utility,1046.0,Shopping
2021-08-21,Health,4364.0,asdfgh
2021-10-01,Investment,20710.0,asdfgh
03/06/2021,Utlities,9103.0,Electricity bill
28-02-23,Rnt,8754.0,Medicine
17-12-23,entertainment,2625.0,Books
12-08-24,Savings,9586.0,Petrol
08/10/2021,RENT,4378.0,Electricity bill
05/08/2022,Utilities,5849.0,Medicine
2022-06-01,Rnt,2460.0,Lunch
27-07-22,Salary,38500.0,Uber ride
2021-04-16,Foodd,1161.0,asdfgh
2024-05-07,RENT,6140.0,Restaurant dinner
2023-06-08,Others,63888.0,Grocery shopping
03-08-21,FOOD,3595.0,Internet bill
11/30/2022,rent,999999999.0,xyz123
04/11/2021,Helth,655.0,Restaurant dinner
30-11-24,Foods,2629.0,Coffee
09-07-2024,Others,13867.0,Books
08-12-2023,Freelance,67458.0,xyz123
21-03-2024,Foodd,2718.0,Fixed deposit
2022-05-11,Rent,9911.0,Electricity bill
2021-10-24,Health,9531.0,Electricity bill
2024-12-09,Entrtnmnt,6921.0,!!!
03/20/2022,Rent,10584.0,misc
2024-05-21,rent,2319.0,Monthly rent payment
2021-06-27,Rent,37667.0,Petrol
03-03-22,Utlities,962.0,Movie tickets
06/07/2022,food,693.0,Gym membership
2022-04-18,FOOD,3783.0,Lunch
2023-01-28,Travel,4565.0,Doctor consultation
05/23/2022,Entertain,863.0,!!!
2023-11-16,Saving,6289.0,Restaurant dinner
05-01-24,Salary,66560.0,Restaurant dinner
2022-01-31,Others,12787.0,Grocery shopping
2024-09-23,Entertain,6379.0,!!!
07/17/2021,Helth,2480.0,Shopping
09/09/2021,TRAVEL,3499.0,Gym membership
2021-04-11,Others,25892.0,Electricity bill
09/28/2023,rent,5084.0,Shopping
11/13/2021,Foodd,1422.0,Online course
07/05/2024,Entrtnmnt,9935.0,Shopping
01-12-22,Traval,1472.0,Lunch
2021-12-16,travel,224.0,Petrol
2022-10-19,Rentt,17119.0,Medicine
12/01/2022,travel,6634.0,Internet bill
01/06/2023,TRAVEL,5528.0,Doctor consultation
06/02/2023,Investment,65852.0,Doctor consultation
25-03-22,entertainment,381.0,Internet bill
08-12-21,Utlities,7129.0,misc
26-03-22,SAVINGS,6354.0,!!!
2022-11-15,Rnt,,Books
10/05/2021,utilities,6365.0,Internet bill
2023-08-21,Others,42631.0,Books
2024-02-21,Others,24584.0,Online course
20-01-23,Utlities,3940.0,Doctor consultation
2023-09-27,Foodd,1395.0,Fixed deposit
20-09-23,Fod,3583.0,Restaurant dinner
2023-01-25,Rnt,7854.0,Gym membership
2023-06-25,FOOD,8477.0,Lunch
05-02-2022,Travel,7627.0,Grocery shopping
08/16/2023,RENT,8970.0,ATM withdrawal
29-12-24,Utilities,8184.0,Lunch
17-01-24,Foods,3047.0,Grocery shopping
2021-11-27,Entertainment,5011.0,asdfgh
2021-02-19,Rentt,28005.0,!!!
06/09/2024,Rnt,4260.0,Restaurant dinner
27-04-21,Bonus,59798.0,Restaurant dinner
2021-01-06,Fod,9276.0,Petrol
03/23/2023,utilities,0.0,xyz123
05/13/2021,Entertain,5925.0,Lunch
07/08/2021,Utilities,9653.0,Gym membership
2024-04-15,Others,65636.0,Electricity bill
04-06-24,Travel,1143.0,Monthly rent payment
06/20/2023,Freelance,43373.0,Online course
05/09/2021,Traval,571.0,Shopping
05/04/2021,Utilties,9816.0,Movie tickets
2022-01-03,health,4747.0,Train ticket
2022-09-17,Others,49059.0,Petrol
29-06-24,Entertain,4821.0,Coffee
08/28/2024,Others,56138.0,Restaurant dinner
13-09-21,utilities,8292.0,Books
01/19/2023,Rentt,29344.0,xyz123
06/22/2024,Foodd,359.0,Petrol
12/14/2023,RENT,1820.0,Grocery shopping
09-10-22,Fod,1721.0,Coffee
04/12/2022,Investment,79102.0,Online course
03-05-2023,Fod,7330.0,Medicine
2024-12-04,food,738.0,Petrol
23-08-24,Fod,7118.0,xyz123
12/29/2022,HEALTH,9789.0,!!!
2022-07-12,Travl,9794.0,Internet bill
23-03-23,Rentt,6002.0,asdfgh
02/08/2023,rent,6551.0,Internet bill
06/24/2022,Foods,3805.0,Doctor consultation
11/17/2022,utilities,,Coffee
2021-02-14,Foodd,1359.0,misc
,Entertainment,6699.0,Internet bill
09/08/2022,rent,2295.0,misc
01/10/2023,Food,4524.0,EMI payment
10-09-2021,health,2518.0,Petrol
2024-10-26,education,9756.0,Train ticket
2022-01-16,Utilities,7734.0,xyz123
2022-12-15,Travl,9818.0,Uber ride
2023-01-30,Rnt,4039.0,Coffee
01/10/2021,Rnt,9675.0,Doctor consultation
2021-03-22,RENT,5519.0,Gym membership
2024-02-02,Entertain,7262.0,!!!
2023-08-04,entertainment,8669.0,Books
01/14/2021,Foodd,660.0,ATM withdrawal
,Fod,6693.0,Train ticket
19-02-2021,Food,3872.0,Fixed deposit
11/11/2024,Foodd,2000.0,Gym membership
27-04-2024,travel,1628.0,Fixed deposit
21-09-23,Salary,70238.0,Medicine
07-12-22,Entrtnmnt,1590.0,Coffee
2024-08-13,Utility,8301.0,Petrol
2023-11-04,food,731.0,!!!
2021-09-20,Rnt,7451.0,asdfgh
27-12-2022,Bonus,10702.0,Uber ride
02/02/2024,Others,24063.0,!!!
2021-07-11,Utlities,3209.0,Monthly rent payment
2022-11-02,Travel,6984.0,misc
2024-01-20,Foodd,2062.0,Uber ride
2021-05-05,Fod,5934.0,Electricity bill
01/19/2022,Utilities,4413.0,Lunch
20-11-2021,rent,9946.0,Gym membership
14-08-21,Education,1469.0,Online course
2024-11-15,Food,2832.0,Shopping
02-04-2023,Investment,36725.0,Lunch
08/06/2023,RENT,5721.0,!!!
07/13/2023,rent,-1000.0,Train ticket
2023-02-08,food,4300.0,misc
27-08-21,SAVINGS,2114.0,Online course
06-03-2022,Fod,2680.0,ATM withdrawal
07/09/2023,Rent,11099.0,Internet bill
10/11/2021,Foods,4174.0,Monthly rent payment
2024-09-17,food,9997.0,Coffee
03/12/2022,Utilties,485.0,Movie tickets
09/25/2021,utilities,4386.0,Movie tickets
2023-06-09,Travel,4899.0,Online course
2022-12-21,Entertainment,5292.0,asdfgh
03/05/2021,Bonus,61203.0,Gym membership
25-06-24,Rentt,33775.0,Shopping
2022-06-06,Fod,5526.0,Uber ride
13-11-24,Traval,1060.0,xyz123
2021-02-12,Health,3427.0,Restaurant dinner
16-02-2021,Food,3696.0,Electricity bill
11/23/2021,entertainment,399.0,Books
03/10/2022,Entertainment,6172.0,Online course
2021-02-12,RENT,6147.0,Monthly rent payment
2024-09-25,Health,2955.0,Doctor consultation
25-05-22,Rnt,6090.0,Electricity bill
09-12-2024,entertainment,3311.0,Internet bill
12-03-22,Travel,,Medicine
30-09-2024,Others,9135.0,Doctor consultation
2024-01-12,travel,3962.0,Doctor consultation
30-03-21,Utilities,8920.0,Electricity bill
08-02-21,HEALTH,8533.0,Fixed deposit
02/15/2021,Utlities,6997.0,Electricity bill
05/26/2023,Investment,48319.0,Shopping
04/20/2024,Salary,15480.0,Doctor consultation
2023-11-08,Rent,35731.0,xyz123
14-08-24,Food,3522.0,!!!
2023-02-18,Entertainment,7288.0,Medicine
02/09/2023,Others,66289.0,test
28-12-24,health,,Petrol
27-04-2024,travel,1628.0,Fixed deposit
2022-03-30,Food,1064.0,Uber ride
2024-03-09,Entertain,2283.0,Medicine
2021-12-16,Food,403.0,Electricity bill
04/30/2024,Foods,999999.0,Electricity bill
,Freelance,30879.0,EMI payment
,Salary,19105.0,Online course
06/24/2021,Fod,1915.0,Books
10-03-2023,Others,24620.0,Gym membership
01/19/2021,Foods,1208.0,Train ticket
07/19/2024,Rent,-1000.0,asdfgh
10/10/2023,Entrtnmnt,6434.0,Movie tickets
10-08-24,Traval,4800.0,asdfgh
2021-11-25,food,5810.0,Gym membership
18-09-2022,EDU,1019.0,test
01-04-2021,RENT,7751.0,ATM withdrawal
2023-01-05,Travl,7897.0,Monthly rent payment
2024-12-05,FOOD,2069.0,Doctor consultation
2021-01-12,Freelance,30717.0,Doctor consultation
10/18/2024,Other,5963.0,Uber ride
06-04-2022,food,9790.0,Medicine
16-12-21,RENT,3829.0,!!!
04-06-24,Rent,47633.0,asdfgh
2024-06-13,Food,3988.0,Books
10/27/2021,Education,8402.0,Doctor consultation
11/26/2021,Food,2583.0,Monthly rent payment
03/08/2021,Rentt,45362.0,EMI payment
06/15/2021,Investment,64577.0,Lunch
2022-06-26,Helth,3774.0,Train ticket
26-12-2022,Foodd,4448.0,Movie tickets
09/03/2024,Fod,5401.0,Shopping
04/06/2021,Freelance,40494.0,Online course
15-03-2023,Food,835.0,EMI payment
25-10-2024,Travel,4279.0,Internet bill
16-11-24,food,3982.0,misc
2024-12-30,Entertain,2928.0,Uber ride
02-09-22,education,2936.0,misc
12-01-21,Entrtnmnt,9914.0,ATM withdrawal
2021-05-19,Traval,1115.0,Internet bill
03-06-2024,Rent,39890.0,EMI payment
,entertainment,2875.0,xyz123
2024-03-16,Foodd,1537.0,Online course
03/20/2023,Others,17415.0,Gym membership
2023-10-19,Freelance,51876.0,Monthly rent payment
2022-11-09,Utilities,9262.0,Gym membership
10-10-2023,Education,4995.0,Doctor consultation
2022-03-22,Foods,1844.0,ATM withdrawal
11/30/2021,Bonus,59787.0,Movie tickets
2021-08-16,Others,539.0,Gym membership
23-06-2021,Foods,2947.0,asdfgh
2022-04-28,Freelance,24178.0,Lunch
29-05-22,food,9879.0,Coffee
2024-02-10,Rnt,2217.0,misc
2023-05-16,Others,30481.0,EMI payment
2023-02-04,Foodd,748.0,Petrol
11-01-23,Food,2518.0,Shopping
05/26/2022,Fod,589.0,Gym membership
2023-08-29,Traval,2258.0,asdfgh
2021-09-27,Bonus,75302.0,Monthly rent payment
07/17/2024,food,5718.0,Fixed deposit
29-10-21,rent,5721.0,Lunch
2023-12-06,TRAVEL,8434.0,Lunch
03/28/2023,health,2959.0,Lunch
2021-05-28,health,6652.0,misc
16-07-2022,rent,5269.0,Gym membership
02/16/2021,Foods,977.0,misc
2024-04-17,FOOD,8284.0,Coffee
06/25/2022,Food,1919.0,Online course
04/06/2023,Foods,3930.0,Restaurant dinner
27-10-23,Foodd,3770.0,Restaurant dinner
01/27/2023,Foodd,3752.0,Train ticket
2022-11-22,Rent,41374.0,Shopping
05/22/2022,Others,75005.0,Lunch
2022-02-27,Fod,8769.0,Movie tickets
04-04-22,Entrtnmnt,6215.0,Electricity bill
11/28/2024,savings,4166.0,Monthly rent payment
2021-10-31,Entertainment,6669.0,xyz123
2024-09-02,Others,199798.0,ATM withdrawal
02/07/2024,Misc,5322.0,xyz123
12/17/2024,Utility,5700.0,Doctor consultation
10/03/2024,RENT,2574.0,Lunch
04-11-24,Entertain,4938.0,Monthly rent payment
02/21/2022,Investment,42634.0,Grocery shopping
21-07-2023,Traval,,Shopping
09/25/2024,Fod,1594.0,xyz123
2022-02-02,TRAVEL,-1000.0,Train ticket
01-03-2021,rent,1992.0,Doctor consultation
2022-04-25,Foodd,2813.0,Gym membership
2024-06-19,EDU,9732.0,Restaurant dinner
05/22/2023,food,6054.0,Grocery shopping
2022-09-05,Fod,3579.0,Movie tickets
09/12/2022,Rentt,15508.0,misc
28-10-2022,Rent,16520.0,Books
16-11-23,Utilities,3351.0,asdfgh
09/09/2021,Traval,6480.0,Coffee
2023-03-11,Travl,9715.0,Internet bill
2021-06-01,RENT,4927.0,Coffee
05/17/2024,FOOD,6121.0,!!!
2023-01-06,RENT,109.0,asdfgh
2022-07-31,Salary,76688.0,Internet bill
2021-04-06,Foodd,4051.0,Grocery shopping
12/02/2024,OTHERS,8181.0,EMI payment
2022-12-28,Utility,1281.0,Internet bill
10/19/2024,Foodd,3494.0,asdfgh
04/08/2024,Rnt,5590.0,asdfgh
16-09-22,health,4209.0,Internet bill
11/27/2021,rent,1070.0,EMI payment
2024-05-26,Bonus,48594.0,Books
07/05/2023,Rent,-500.0,Coffee
12-08-2022,Bonus,106098.0,Uber ride
04/04/2023,rent,8884.0,EMI payment
08/01/2021,Others,42463.0,Shopping
2023-10-18,Investment,13975.0,Petrol
08/04/2022,Others,527025.0,Lunch
2024-05-10,Freelance,709506.0,Grocery shopping
,Utilities,396.0,Uber ride
16-09-2022,education,5980.0,Monthly rent payment
2022-02-06,TRAVEL,973.0,Movie tickets
2023-11-10,Freelance,14729.0,Uber ride
2021-02-08,FOOD,6592.0,Shopping
16-08-24,Saving,1329.0,misc
23-11-24,Entertain,3990.0,misc
2022-09-24,Helth,5237.0,EMI payment
11/24/2024,food,6671.0,Shopping
03/30/2024,food,9191.0,Doctor consultation
2022-04-01,Freelance,808527.0,Fixed deposit
12-04-22,Rent,5917.0,Restaurant dinner
01-02-23,rent,4177.0,xyz123
04/13/2022,Travel,8209.0,Movie tickets
2024-07-21,Travl,5134.0,EMI payment
09/01/2022,Freelance,64953.0,Movie tickets
08/11/2022,Investment,53696.0,Coffee
2023-03-04,Food,3607.0,misc
14-05-2023,Other,3697.0,xyz123
2024-03-11,Food,,ATM withdrawal
09/15/2024,Utility,8607.0,Electricity bill
12/30/2023,Traval,8415.0,Books
2023-11-29,food,8003.0,Medicine
11/22/2022,FOOD,2380.0,Uber ride
2024-08-31,Rent,29663.0,Grocery shopping
2021-02-20,Foodd,761.0,Coffee
12/11/2023,entertainment,1042.0,Grocery shopping
06-02-2021,Foodd,3822.0,misc
10/18/2024,Salary,30607.0,Gym membership
24-01-24,Food,907.0,Monthly rent payment
2023-11-13,Investment,386572.0,!!!
2022-10-14,Utility,2121.0,Petrol
08/17/2024,Travl,,Doctor consultation
2022-02-28,utilities,2553.0,Shopping
06/17/2022,Bonus,58508.0,ATM withdrawal
25-07-21,travel,,ATM withdrawal
06-12-2021,Entertainment,9594.0,Movie tickets
12/23/2024,Foods,,Books
2024-04-19,food,5990.0,Monthly rent payment
10/16/2021,Food,2142.0,Coffee
06-08-2022,Travel,6549.0,test
13-03-2023,TRAVEL,1798.0,Coffee
11/13/2023,Helth,3038.0,Medicine
04-05-21,Food,,Train ticket
02-05-23,travel,6116.0,Coffee
2022-11-24,FOOD,5467.0,Internet bill
2024-12-27,Foods,894.0,Uber ride
07-02-2023,Utlities,723.0,asdfgh
04/25/2022,Others,12545.0,xyz123
2021-03-24,Travl,3210.0,Coffee
06/20/2021,Salary,68627.0,Medicine
05/27/2023,Savings,153.0,Coffee
2021-03-20,health,1383.0,Doctor consultation
2021-11-28,Utility,5992.0,Grocery shopping
01/13/2024,Utility,9464.0,Monthly rent payment
16-06-24,education,4444.0,Uber ride
02/15/2022,savings,8933.0,Shopping
10/06/2023,food,5655.0,EMI payment
03-03-22,Salary,79684.0,Online course
02/03/2022,education,3276.0,Doctor consultation
2022-09-23,entertainment,3512.0,Petrol
2021-09-17,Utility,8586.0,Restaurant dinner
2024-02-27,TRAVEL,1272.0,Electricity bill
2023-09-30,Entertain,6960.0,EMI payment
20-10-22,Salary,75971.0,test
27-11-22,Education,999999999.0,Gym membership
2022-12-17,Bonus,52172.0,Fixed deposit
02/17/2021,Foods,2504.0,Petrol
2021-04-25,Rent,,Gym membership
25-01-2023,Rnt,2193.0,Movie tickets
09/17/2023,Salary,57318.0,Monthly rent payment
26-12-22,Traval,7249.0,Petrol
2024-11-26,Bonus,38244.0,Movie tickets
,Educaton,6427.0,ATM withdrawal
2024-08-04,Food,211.0,Books
12-10-2024,Entertainment,8933.0,Restaurant dinner
06-12-23,Education,2109.0,Online course
21-04-23,Rnt,4432.0,Medicine
2021-05-01,TRAVEL,3599.0,Grocery shopping
2024-11-02,education,3255.0,Uber ride
15-09-22,Utilties,4499.0,Electricity bill
07-10-2021,Rentt,12304.0,Monthly rent payment
06/02/2022,Travl,1582.0,Monthly rent payment
2024-12-15,Rnt,1114.0,EMI payment
2024-06-13,Salary,73413.0,Restaurant dinner
06/07/2024,Utilities,806.0,Medicine
04-09-24,travel,9053.0,Petrol
04/11/2023,Bonus,,Electricity bill
11/24/2024,food,920.0,Train ticket
2021-02-23,education,1512.0,Doctor consultation
06-04-2023,Fod,1168.0,Grocery shopping
07-09-21,HEALTH,355.0,ATM withdrawal
20-05-21,Others,22805.0,Petrol
22-11-2023,Freelance,412288.0,Online course
11-08-2024,Salary,63677.0,ATM withdrawal
2021-06-04,rent,3987.0,Doctor consultation
10-10-23,HEALTH,4852.0,Monthly rent payment
08/22/2023,Utilties,9061.0,Electricity bill
14-11-2021,entertainment,895.0,Uber ride
08-12-23,Foods,2144.0,Doctor consultation
2021-12-27,HEALTH,445.0,xyz123
24-10-2024,Foodd,1777.0,Monthly rent payment
2024-05-12,food,8293.0,Coffee
2023-11-13,Utlities,3209.0,Train ticket
2022-04-24,TRAVEL,3370.0,Train ticket
05/31/2022,utilities,649.0,Shopping
2023-08-20,RENT,1404.0,Monthly rent payment
2021-10-07,Other,8170.0,Shopping
03-04-23,EDU,3047.0,Online course
01/07/2021,Salary,13463.0,Movie tickets
2024-01-31,Educaton,6798.0,!!!
01/16/2024,Foodd,3387.0,Train ticket
2022-10-24,Others,25499.0,Coffee
24-06-22,Others,,Fixed deposit
05-02-2023,Foodd,3460.0,Books
02-07-21,Entrtnmnt,745.0,Restaurant dinner
2021-02-07,utilities,936.0,Books
06-01-2024,Investment,150335.0,Fixed deposit
29-08-24,Foodd,738.0,xyz123
07-10-2023,EDU,9801.0,Train ticket
2021-10-31,FOOD,9998.0,Doctor consultation
11/28/2021,Traval,,xyz123
04/02/2023,Health,2143.0,asdfgh
2023-05-12,Rnt,1304.0,Uber ride
26-06-2023,food,7902.0,ATM withdrawal
2022-10-25,RENT,2363.0,Internet bill
04-04-21,Travel,4430.0,Books
2023-10-30,Fod,555.0,Monthly rent payment
,Freelance,59368.0,Doctor consultation
08/02/2024,Foodd,4735.0,test
06/08/2023,Entertain,9895.0,ATM withdrawal
2023-11-30,TRAVEL,9629.0,Internet bill
05-01-2023,Foods,4868.0,!!!
2023-06-17,Entrtnmnt,9028.0,xyz123
2022-09-22,RENT,1413.0,Fixed deposit
29-07-2021,Others,23259.0,!!!
2024-07-02,Traval,9427.0,Grocery shopping
06/05/2022,Rentt,0.0,Train ticket
2023-08-31,Traval,1532.0,xyz123
14-11-24,Investment,37464.0,Monthly rent payment
10-02-21,Travel,9001.0,Grocery shopping
2023-06-24,FOOD,2719.0,Petrol
23-03-24,Food,,asdfgh
21-08-22,Rent,8305.0,Movie tickets
01/31/2023,Fod,8904.0,Restaurant dinner
08/06/2023,Foods,156.0,EMI payment
03/31/2023,Utlities,1334.0,Gym membership
2021-05-04,Utilities,3243.0,Lunch
2021-02-03,Utilties,7023.0,Grocery shopping
28-01-24,Rent,9112.0,Shopping
2022-09-29,travel,3560.0,Movie tickets
10-12-21,Fod,8523.0,test
2024-07-16,OTHERS,7394.0,Grocery shopping
2022-10-30,Foods,1824.0,Gym membership
08/15/2023,Utlities,5398.0,Coffee
05/24/2024,TRAVEL,3153.0,Coffee
2022-08-12,food,813.0,Electricity bill
17-01-21,Rnt,1008.0,Online course
2022-05-15,FOOD,5439.0,Petrol
,Investment,274979.0,xyz123
2024-01-16,EDU,2031.0,Electricity bill
22-01-2021,Rent,27732.0,xyz123
2022-11-01,food,4623.0,Shopping
2022-04-17,Foodd,776.0,Restaurant dinner
12/21/2021,Others,12936.0,ATM withdrawal
2021-03-29,Entertain,6127.0,Electricity bill
2021-05-14,Bonus,35215.0,Coffee
03/10/2021,Rent,45642.0,Fixed deposit
07/11/2022,Rent,10185.0,Train ticket
22-03-2023,FOOD,3144.0,Uber ride
01/21/2024,FOOD,7844.0,Monthly rent payment
04/23/2021,Utilties,5285.0,Electricity bill
30-09-2021,RENT,1966.0,Doctor consultation
17-05-2024,Health,4998.0,Fixed deposit
01-06-23,TRAVEL,9115.0,ATM withdrawal
01/25/2024,Others,14299.0,Medicine
2021-08-22,Utilties,7308.0,EMI payment
18-12-24,FOOD,6010.0,Electricity bill
2023-08-12,Freelance,10839.0,Movie tickets
2021-05-20,TRAVEL,-500.0,Lunch
2023-01-25,RENT,4342.0,Movie tickets
2022-03-28,Utilities,6565.0,ATM withdrawal
03-08-2022,Utility,6015.0,test
2021-10-25,HEALTH,3653.0,Books
09-06-2022,Rent,5934.0,Grocery shopping
2022-10-21,Investment,43572.0,Restaurant dinner
03/09/2021,Entrtnmnt,4991.0,Train ticket
20-06-21,Others,60535.0,Gym membership
15-02-21,Entertainment,7725.0,Grocery shopping
22-05-23,health,5509.0,Uber ride
2023-05-22,Salary,950787.0,Internet bill
02/26/2024,Travel,116.0,Online course
04/27/2024,rent,999999.0,EMI payment
29-09-2022,EDU,4503.0,Grocery shopping
,travel,1619.0,Uber ride
13-05-24,Rent,29428.0,Train ticket
2021-12-14,Food,2310.0,Medicine
2022-05-20,Salary,61181.0,Train ticket
2022-03-29,food,0.0,Train ticket
05/17/2022,Rnt,5453.0,Movie tickets
,Rentt,28689.0,misc
2024-08-20,Entertainment,,Lunch
2021-01-20,EDU,737.0,Gym membership
11/15/2021,Rent,7666.0,Movie tickets
2021-01-28,Salary,75061.0,xyz123
2022-09-05,Traval,,EMI payment
10/12/2023,Fod,6110.0,Movie tickets
2023-06-25,Rentt,47099.0,Books
2022-03-23,TRAVEL,2118.0,Coffee
2024-07-10,Fod,,Internet bill
2023-08-27,Utilties,543.0,test
06-05-2023,Rentt,15842.0,Medicine
2023-08-06,Rnt,,xyz123
08/31/2022,utilities,5097.0,Electricity bill
2023-02-10,Entrtnmnt,7317.0,Electricity bill
03/25/2021,Utilities,482.0,!!!
15-05-22,travel,1192.0,ATM withdrawal
11-05-2023,utilities,7464.0,Doctor consultation
10/11/2024,Traval,8872.0,Doctor consultation
12/11/2023,education,8994.0,EMI payment
10-09-21,health,4410.0,test
2024-07-25,Foodd,2134.0,test
2021-11-29,Bonus,62237.0,xyz123
19-04-21,Entertainment,2118.0,Grocery shopping
13-05-21,rent,4591.0,asdfgh
25-10-22,Travel,7686.0,Petrol
2023-09-10,Educaton,8866.0,Books
2023-01-25,RENT,4193.0,Doctor consultation
10-07-22,Foods,1863.0,Books
2021-10-09,Education,5805.0,Uber ride
07-11-24,Rnt,8831.0,Fixed deposit
2023-08-13,Investment,68521.0,asdfgh
2024-01-07,Travl,,xyz123
10-11-24,Travl,9431.0,Medicine
2024-06-02,Rnt,9895.0,ATM withdrawal
02/20/2021,Rnt,3586.0,Medicine
23-09-24,Education,8251.0,Electricity bill
2023-12-12,Savings,6319.0,!!!
2023-10-30,travel,8775.0,Coffee
10-09-22,education,4967.0,xyz123
2024-05-10,Other,4685.0,misc
,food,5330.0,Internet bill
2024-06-20,Rnt,4380.0,Fixed deposit
2021-04-02,Educaton,3432.0,Monthly rent payment
2022-07-01,Utilties,9778.0,Movie tickets
29-06-24,Food,4458.0,Gym membership
2023-08-24,Utilties,2074.0,Medicine
2021-12-12,Traval,8281.0,test
02/03/2024,utilities,7781.0,asdfgh
2023-09-29,RENT,8104.0,Monthly rent payment
2022-08-20,RENT,4543.0,EMI payment
2021-08-02,EDU,9869.0,ATM withdrawal
2022-12-11,Educaton,7127.0,Train ticket
06/04/2021,Bonus,21498.0,Lunch
10/06/2022,Fod,7755.0,Internet bill
27-04-22,Rnt,3926.0,Train ticket
2023-05-28,travel,4457.0,test
2022-11-07,rent,1293.0,Coffee
06/09/2024,Travl,474.0,asdfgh
2021-05-04,Savings,9060.0,Restaurant dinner
2024-09-03,travel,6823.0,Lunch
09-10-24,Travel,1765.0,Fixed deposit
06/06/2022,food,3535.0,EMI payment
2022-01-24,Rentt,38999.0,!!!
05/11/2024,entertainment,,Gym membership
2022-01-16,TRAVEL,5429.0,misc
2022-12-20,Freelance,21412.0,misc
09-02-22,Bonus,54977.0,EMI payment
06-12-2022,HEALTH,5381.0,Shopping
2021-12-14,travel,,Grocery shopping
2022-04-28,Food,1557.0,Coffee
12/04/2021,RENT,3212.0,Electricity bill
06/12/2024,Salary,67293.0,Coffee
04-12-22,rent,2050.0,!!!
12/22/2021,Fod,3216.0,Train ticket
18-03-24,food,3734.0,Internet bill
06/22/2023,Utilities,2765.0,!!!
2021-01-13,Freelance,48604.0,Movie tickets
09/23/2021,Entertainment,5495.0,Electricity bill
2023-04-26,Bonus,61313.0,EMI payment
22-10-24,Foodd,4103.0,EMI payment
05-09-24,Others,40563.0,Train ticket
06-03-24,Others,75424.0,Books
2021-10-05,education,5785.0,Medicine
12-02-24,travel,3578.0,EMI payment
2021-08-06,SAVINGS,8504.0,Gym membership
2022-01-18,FOOD,2943.0,xyz123
08/08/2022,FOOD,9484.0,Monthly rent payment
2021-01-25,Foodd,58.0,xyz123
,RENT,,Shopping
2024-07-15,RENT,1566.0,Books
10/15/2023,entertainment,930.0,asdfgh
2024-07-06,Utilties,4882.0,xyz123
11/13/2023,Rent,45393.0,Fixed deposit
2022-07-11,Salary,63429.0,Online course
2021-03-26,Food,2521.0,Lunch
2023-04-27,Freelance,12856.0,ATM withdrawal
2022-03-16,Helth,2245.0,Electricity bill
2024-11-05,Utilties,6340.0,Fixed deposit
2022-11-28,Rent,,Train ticket
02/19/2024,SAVINGS,783.0,Online course
30-08-2021,RENT,8342.0,Gym membership
2023-10-05,Utilties,8597.0,Monthly rent payment
29-07-2024,Utilities,9456.0,Monthly rent payment
08-05-24,Entrtnmnt,898.0,Train ticket
2024-11-30,Educaton,7487.0,Movie tickets
02-12-23,RENT,8834.0,asdfgh
2022-04-12,Utilities,8595.0,Gym membership
11/09/2024,rent,9321.0,Movie tickets
2024-11-01,Educaton,4511.0,ATM withdrawal
2022-10-22,health,2691.0,Restaurant dinner
2023-07-01,Rentt,48313.0,Shopping
04/13/2024,entertainment,3324.0,Shopping
18-10-21,Utilties,8260.0,Online course
18-03-23,Travel,8757.0,Grocery shopping
2021-08-12,food,2708.0,Train ticket
09-02-24,Saving,8435.0,asdfgh
07-12-22,Food,4888.0,Online course
2023-02-08,food,-500.0,Train ticket
25-06-2022,Utilties,9931.0,Shopping
01/12/2021,TRAVEL,5258.0,Lunch
2023-02-20,Education,4270.0,Grocery shopping
05-02-2024,Foodd,2742.0,Shopping
07/15/2024,TRAVEL,4023.0,EMI payment
30-04-23,Salary,56255.0,Doctor consultation
03/14/2024,education,3707.0,Uber ride
06/12/2023,Salary,25614.0,test
2024-07-27,Fod,3546.0,Internet bill
05/26/2023,Others,28149.0,Uber ride
2024-02-05,Salary,69864.0,Grocery shopping
2023-08-02,Rnt,3236.0,Petrol
2021-04-07,Utilities,9681.0,Shopping
11/07/2021,Fod,3875.0,Gym membership
02/26/2021,Travel,498.0,Coffee
06/06/2023,health,5254.0,Restaurant dinner
2023-04-30,Rentt,44834.0,Gym membership
02/22/2024,Salary,42643.0,Online course
29-10-2023,rent,,Medicine
10/30/2022,Salary,51547.0,misc
2023-05-31,travel,8766.0,Medicine
2021-08-18,Investment,17842.0,Gym membership
2024-10-12,RENT,1760.0,Books
2021-04-05,Education,4801.0,EMI payment
2024-11-30,Rentt,49775.0,Gym membership
2023-04-13,Utilties,1507.0,misc
01-06-24,Rent,-500.0,Uber ride
2023-04-21,Rnt,5922.0,!!!
02/24/2024,TRAVEL,7062.0,Medicine
26-06-23,education,7363.0,Internet bill
2023-08-06,Foodd,3690.0,Uber ride
17-04-23,Utilities,5647.0,asdfgh
05/09/2023,Travl,5434.0,test
2021-01-05,RENT,0.0,xyz123
2024-03-24,TRAVEL,5763.0,Movie tickets
08/01/2021,Utlities,964.0,EMI payment
2023-01-09,entertainment,1550.0,Doctor consultation
,TRAVEL,3078.0,xyz123
15-01-2023,Bonus,30409.0,Uber ride
04/11/2021,Traval,7258.0,Grocery shopping
2021-12-25,health,4248.0,Coffee
08/27/2023,entertainment,7995.0,Grocery shopping
2023-07-13,Salary,44056.0,EMI payment
07/29/2021,Rent,5334.0,Movie tickets
2021-11-21,Travel,4593.0,Lunch
2021-11-28,Entrtnmnt,1514.0,ATM withdrawal
09/02/2024,Rent,15976.0,Medicine
11-05-21,Fod,6399.0,Fixed deposit
11/23/2023,Entertain,,Monthly rent payment
2023-11-15,food,4076.0,Restaurant dinner
05/16/2024,Salary,54182.0,xyz123
24-04-2022,utilities,352.0,misc
03/15/2023,Fod,9181.0,Lunch
01/23/2021,Saving,6604.0,Petrol
08/04/2023,Utility,5210.0,!!!
2024-10-17,Foods,4234.0,Movie tickets
2021-06-21,RENT,8526.0,Monthly rent payment
2023-03-07,RENT,8180.0,EMI payment
24-11-23,food,8960.0,xyz123
09/30/2021,Foodd,415.0,Monthly rent payment
2024-05-30,TRAVEL,5953.0,Lunch
2023-07-05,TRAVEL,9025.0,Gym membership
06-05-22,Foods,1298.0,EMI payment
05/25/2021,Utility,2105.0,Shopping
2021-12-24,Others,14035.0,misc
16-02-21,food,2243.0,Online course
08/03/2021,Fod,9595.0,Petrol
2022-04-18,Education,4368.0,!!!
2021-08-09,others,6356.0,Gym membership
17-07-2023,Rnt,8445.0,Books
10/18/2023,Entrtnmnt,6637.0,Monthly rent payment
29-12-2022,FOOD,7043.0,Electricity bill
01/20/2022,Entrtnmnt,,ATM withdrawal
2023-04-09,entertainment,8704.0,Gym membership
2024-04-11,Food,3907.0,ATM withdrawal
07/22/2023,FOOD,7134.0,Grocery shopping
2022-05-24,Utilities,9724.0,Train ticket
2022-04-24,food,8598.0,test
26-08-24,Fod,4019.0,Lunch
06/28/2023,Rnt,9216.0,asdfgh
11/30/2021,Travel,8847.0,misc
2024-07-09,Freelance,39567.0,Restaurant dinner
2021-10-23,Freelance,76366.0,Coffee
2022-10-29,Foodd,,test
2023-06-07,RENT,8464.0,misc
2022-07-06,Entertainment,3609.0,Monthly rent payment
02-06-2023,travel,3098.0,test
03/01/2022,RENT,1025.0,Gym membership
14-07-2024,Others,67853.0,Medicine
2022-05-07,rent,638.0,asdfgh
08/11/2024,Others,35513.0,asdfgh
29-10-21,Investment,59363.0,Uber ride
11-07-24,Food,3230.0,misc
30-11-2021,Foodd,1597.0,Books
,Fod,9365.0,Online course
2024-08-13,education,885.0,asdfgh
03/06/2022,Travel,5210.0,Coffee
07/20/2023,Rent,24848.0,!!!
05/20/2022,Fod,7412.0,Gym membership
2023-09-15,Travl,8457.0,Train ticket
2024-05-04,Utlities,2643.0,Grocery shopping
07/07/2021,Rentt,8870.0,Coffee
05-02-22,rent,6078.0,test
05/25/2022,Freelance,,misc
05/21/2024,Utilties,4187.0,xyz123
09-04-24,Others,38200.0,asdfgh
2021-04-08,FOOD,,Online course
2022-04-23,Freelance,32522.0,Electricity bill
08-10-24,Rent,26918.0,misc
03-08-21,FOOD,3595.0,Internet bill
06/30/2024,Rnt,4721.0,Shopping
03/25/2024,HEALTH,8850.0,Online course
2024-10-14,travel,7811.0,Medicine
11/22/2021,TRAVEL,8741.0,Restaurant dinner
09/30/2021,Fod,,!!!
2024-04-07,Saving,5148.0,EMI payment
2023-06-30,Entertain,4916.0,Movie tickets
07/08/2021,RENT,3789.0,Lunch
03-11-21,SAVINGS,,Monthly rent payment
2024-10-07,TRAVEL,5548.0,Monthly rent payment
07/15/2023,Entertainment,9781.0,Books
2023-10-02,Helth,7693.0,!!!
2022-12-29,Utility,3306.0,Medicine
03/05/2024,Freelance,692535.0,xyz123
2021-11-08,Educaton,5298.0,Coffee
2022-05-10,SAVINGS,8220.0,misc
11/30/2021,rent,9106.0,Electricity bill
20-10-21,Fod,7725.0,Grocery shopping
2021-10-03,Salary,18526.0,misc
2021-07-01,Rent,28477.0,Doctor consultation
02/20/2024,Freelance,25126.0,test
10/30/2021,utilities,9808.0,asdfgh
30-04-24,Others,47605.0,EMI payment
23-12-21,Helth,3030.0,Restaurant dinner
30-01-22,Rent,40467.0,Train ticket
21-09-22,Rnt,6625.0,Restaurant dinner
2022-02-04,Rentt,10800.0,!!!
13-08-21,Rnt,8207.0,Medicine
29-06-21,entertainment,9405.0,!!!
09/30/2023,Utlities,3414.0,asdfgh
09/13/2024,Utilities,9432.0,Medicine
08/19/2024,Savings,9030.0,misc
2024-11-30,EDU,2898.0,!!!
2021-06-14,Food,179.0,Petrol
2023-07-27,education,8892.0,Movie tickets
20-08-22,education,4692.0,Monthly rent payment
2022-04-23,Foodd,3210.0,misc
03/20/2022,travel,734.0,Coffee
01/05/2024,Foodd,2778.0,Petrol
2022-08-25,Rnt,6278.0,Monthly rent payment
07-03-22,Entertain,9570.0,Uber ride
2023-09-04,Rnt,5695.0,ATM withdrawal
2024-08-04,Food,4117.0,asdfgh
02/23/2023,Travl,6933.0,misc
11-07-24,education,6620.0,Movie tickets
08/27/2022,food,6590.0,Train ticket
2022-05-14,Entertainment,7032.0,Monthly rent payment
07/21/2023,Traval,9309.0,Online course
13-03-24,RENT,7480.0,Books
02-02-2024,Savings,6749.0,misc
09/20/2024,food,4823.0,asdfgh
11/04/2023,Investment,63167.0,asdfgh
03/30/2024,food,1869.0,Monthly rent payment
2023-11-01,Foods,1064.0,Gym membership
2024-07-05,Others,13374.0,Coffee
10/21/2022,HEALTH,5143.0,asdfgh
2024-03-09,Foods,3414.0,EMI payment
19-11-2022,Utlities,761.0,Petrol
07-08-21,Fod,6375.0,Doctor consultation
01/15/2021,food,8909.0,Medicine
01/16/2022,rent,9284.0,Grocery shopping
09-09-22,Educaton,9665.0,Online course
2023-07-10,food,0.0,Movie tickets
2023-03-08,Helth,2634.0,Lunch
18-05-23,Salary,36318.0,ATM withdrawal
05/09/2022,Others,32174.0,Internet bill
,Fod,258.0,Online course
2023-12-12,Foods,2741.0,Online course
2022-11-14,Others,51548.0,test
2021-12-30,FOOD,3784.0,Grocery shopping
03/18/2021,Entrtnmnt,8136.0,Restaurant dinner
,rent,7579.0,asdfgh
2022-04-24,Travl,5832.0,Coffee
28-06-23,Fod,545.0,test
13-06-2021,Helth,3437.0,misc
15-04-21,Entrtnmnt,8244.0,Movie tickets
19-12-21,savings,7287.0,Petrol
11-04-21,others,7855.0,Petrol
06/14/2021,Salary,27861.0,Uber ride
05/09/2021,TRAVEL,8245.0,Movie tickets
2022-01-31,Helth,7746.0,Books
28-04-23,Others,78447.0,Coffee
2021-02-23,utilities,6196.0,Train ticket
08/07/2023,FOOD,1450.0,Grocery shopping
22-01-23,OTHERS,3833.0,Uber ride
12/08/2021,Others,24394.0,Petrol
04/20/2024,Rentt,49503.0,Lunch
06/21/2022,entertainment,6776.0,EMI payment
06/03/2023,rent,9713.0,Lunch
04-06-24,Rent,47633.0,asdfgh
2022-04-29,Rent,21948.0,Fixed deposit
2024-06-13,Foods,1357.0,Electricity bill
03/30/2024,Bonus,77481.0,Lunch
,Rentt,22492.0,Restaurant dinner
2021-12-14,Entertainment,,Doctor consultation
2022-12-30,FOOD,4556.0,Lunch
02/07/2023,Rent,30233.0,Petrol
25-12-2024,Foods,3285.0,Coffee
27-05-21,Foods,1945.0,misc
,Foodd,4744.0,!!!
05/29/2021,Rnt,949.0,Electricity bill
11/11/2022,Fod,4484.0,Lunch
2022-04-06,Entrtnmnt,7317.0,Fixed deposit
31-10-2022,Saving,1716.0,misc
2021-02-27,rent,3935.0,Internet bill
2021-01-02,EDU,2601.0,!!!
10/14/2021,Investment,65084.0,Uber ride
01/02/2024,Rentt,9129.0,Books
05/13/2022,rent,1762.0,Gym membership
22-05-21,Others,67081.0,Fixed deposit
2023-01-12,RENT,692.0,!!!
23-10-2024,Rentt,0.0,Shopping
2024-09-19,rent,9236.0,Petrol
01/13/2021,Investment,79465.0,asdfgh
2022-12-08,HEALTH,5150.0,ATM withdrawal
02/13/2024,Utility,2109.0,Books
10/19/2023,Utilities,4418.0,Online course
01-03-23,Entrtnmnt,1833.0,Grocery shopping
,RENT,9785.0,Online course
05/16/2023,Entrtnmnt,1053.0,Lunch
2023-07-31,Rent,28481.0,test
2024-10-24,Utilities,6102.0,Uber ride
07/29/2022,Others,43965.0,Train ticket
09-05-22,TRAVEL,9496.0,Uber ride
01/01/2023,Entertainment,8687.0,Doctor consultation
11/30/2022,Rentt,11911.0,Electricity bill
31-07-2022,Rentt,48712.0,Movie tickets
01/01/2021,Entertain,999999.0,Shopping
02/22/2022,Salary,67600.0,Books
27-01-24,Rent,,Internet bill
01/26/2024,FOOD,8296.0,!!!
2021-10-31,Food,713.0,ATM withdrawal
08-04-24,Bonus,55071.0,Train ticket
02-04-23,entertainment,4792.0,asdfgh
2021-05-15,Travl,9636.0,Monthly rent payment
30-08-23,Rnt,5477.0,test
2024-12-31,Rnt,4494.0,Fixed deposit
2022-01-11,Utilties,711.0,Monthly rent payment
06/21/2021,RENT,5827.0,Grocery shopping
18-12-24,TRAVEL,8779.0,Grocery shopping
07/11/2024,Freelance,53734.0,Electricity bill
2022-08-10,Food,3999.0,Fixed deposit
2021-12-26,health,-1000.0,misc
2022-02-28,Traval,1735.0,ATM withdrawal
25-11-22,Others,76678.0,Uber ride
10/22/2023,Education,1961.0,Restaurant dinner
2024-06-15,Freelance,76200.0,Gym membership
26-06-2021,Entertain,9396.0,Gym membership
05/09/2023,Utlities,5247.0,Grocery shopping
,EDU,,xyz123
08-10-2021,Entertain,8517.0,Books
18-01-2022,Utility,4184.0,xyz123
2022-07-29,Utilities,229.0,test
06/03/2023,Others,31924.0,Doctor consultation
,Educaton,9346.0,Coffee
08/12/2024,Utilties,5852.0,Electricity bill
01/24/2022,Rnt,9908.0,misc
16-06-2021,Educaton,8165.0,ATM withdrawal
2024-08-13,Utility,8301.0,Petrol
16-12-2022,Rentt,38411.0,Coffee
,Fod,6034.0,!!!
06/13/2022,Travel,2456.0,Coffee
2021-09-08,Fod,4571.0,xyz123
,Travel,0.0,EMI payment
27-11-2024,education,5623.0,misc
06/04/2024,Utility,5005.0,Gym membership
31-08-21,RENT,4574.0,Train ticket
08/06/2024,Entrtnmnt,2464.0,Internet bill
07/12/2022,RENT,4434.0,ATM withdrawal
2022-08-27,RENT,4682.0,Books
11-11-2023,FOOD,3667.0,xyz123
01-03-24,food,1957.0,Coffee
10/01/2024,RENT,1564.0,Uber ride
2021-03-06,Entertain,3482.0,asdfgh
07/05/2023,EDU,4755.0,Uber ride
2021-12-11,Rnt,1947.0,xyz123
10/17/2022,Food,1532.0,Coffee
09/08/2022,Foods,1092.0,Grocery shopping
09/08/2022,Foods,2855.0,!!!
2023-03-17,Utilities,7304.0,xyz123
2023-07-25,Food,2561.0,asdfgh
08/28/2021,Rent,23873.0,Fixed deposit
12-04-24,Investment,78639.0,Fixed deposit
2021-08-06,Education,8219.0,Lunch
08-01-21,Utilities,3878.0,Gym membership
15-07-21,Bonus,177959.0,Monthly rent payment
2021-07-26,travel,2804.0,ATM withdrawal
07-05-23,Foodd,2063.0,EMI payment
07/14/2024,Entrtnmnt,311.0,xyz123
2021-09-19,Rentt,43459.0,test
2024-07-24,Utlities,4420.0,Fixed deposit
22-03-2024,FOOD,1844.0,xyz123
2024-12-13,RENT,4678.0,Train ticket
2021-04-14,Entrtnmnt,,!!!
,Travl,1606.0,test
2022-10-04,Travl,4221.0,ATM withdrawal
2022-08-30,SAVINGS,9615.0,Monthly rent payment
2024-04-23,education,7504.0,Monthly rent payment
2021-01-09,FOOD,5056.0,Medicine
06/07/2024,Savings,2374.0,Electricity bill
2024-10-08,education,,Restaurant dinner
03/04/2021,Travel,7836.0,misc
2023-11-24,Entertain,6776.0,Shopping
07/13/2021,Rent,19280.0,Internet bill
12/29/2023,Fod,2420.0,Doctor consultation
2022-04-11,Utilties,999999.0,Restaurant dinner
13-08-22,Rent,41804.0,Fixed deposit
02/06/2022,Salary,59444.0,Restaurant dinner
05/13/2024,Travel,8903.0,Uber ride
01-07-22,Traval,4110.0,Gym membership
09/13/2022,Freelance,28507.0,!!!
17-01-24,Entertain,1218.0,Restaurant dinner
2023-03-17,Foods,177.0,Internet bill
2021-12-27,Food,,Doctor consultation
2023-05-02,Fod,3657.0,EMI payment
27-07-21,Entrtnmnt,6758.0,Uber ride
28-08-24,Others,808886.0,xyz123
05/25/2022,savings,8854.0,Uber ride
2023-08-09,RENT,8088.0,Medicine
2022-12-28,Utility,1281.0,Internet bill
2024-09-22,Entertainment,,Movie tickets
09/30/2023,Entertain,6154.0,Books
01/21/2022,health,9518.0,Restaurant dinner
10/07/2021,Freelance,22403.0,test
03/30/2022,travel,8154.0,Train ticket
2021-08-24,Entertainment,6776.0,Movie tickets
11/23/2024,FOOD,,Internet bill
2022-06-05,Others,17241.0,Coffee
26-12-22,rent,2598.0,Monthly rent payment
2024-03-01,Travl,7187.0,Online course
2021-08-17,Fod,5814.0,misc
06-10-22,Investment,36756.0,Doctor consultation
07/11/2022,Educaton,6011.0,Grocery shopping
2021-12-24,RENT,515.0,Uber ride
10-12-22,HEALTH,4399.0,xyz123
2024-07-03,Others,13166.0,asdfgh
11/17/2022,Food,763.0,Restaurant dinner
05/09/2023,Health,1175.0,ATM withdrawal
12/14/2021,rent,5648.0,EMI payment
2024-01-21,Foods,793.0,Shopping
27-10-21,rent,2305.0,xyz123
18-08-21,food,3777.0,Internet bill
12/06/2024,Entertainment,681.0,Restaurant dinner
28-02-2024,Rnt,7331.0,Electricity bill
26-02-22,utilities,7561.0,Movie tickets
12/20/2021,Traval,1759.0,EMI payment
04-01-2021,rent,9721.0,Train ticket
2021-11-02,Travel,7661.0,Uber ride
06/06/2024,Travl,7753.0,Electricity bill
07/03/2024,TRAVEL,999999999.0,Movie tickets
22-02-2022,Rent,25541.0,Grocery shopping
06/10/2023,travel,7931.0,ATM withdrawal
2024-02-17,Entrtnmnt,5409.0,Monthly rent payment
2021-04-05,RENT,3841.0,Restaurant dinner
23-03-24,entertainment,2696.0,Petrol
21-06-21,Education,6848.0,test
02/13/2021,RENT,6650.0,Grocery shopping
2021-12-13,Traval,7718.0,Movie tickets
04/09/2024,Foods,140.0,Books
06/05/2022,Rentt,29435.0,Petrol
2023-11-01,food,5452.0,Online course
17-09-2022,FOOD,5081.0,!!!
03-03-21,Rnt,8302.0,xyz123
12-05-22,Utilties,4869.0,Restaurant dinner
2024-12-23,Rnt,8373.0,Gym membership
23-02-24,Freelance,66825.0,Internet bill
10/15/2024,Salary,22787.0,Shopping
10/07/2024,Salary,19568.0,ATM withdrawal
08/10/2022,rent,3002.0,ATM withdrawal
2021-08-29,TRAVEL,5249.0,Online course
2023-11-18,EDU,7123.0,Online course
12-03-21,travel,3872.0,Internet bill
2023-08-16,Rnt,1680.0,Train ticket
2023-03-20,Salary,75222.0,EMI payment
2023-02-15,entertainment,4329.0,Train ticket
08/03/2023,Travl,4578.0,Grocery shopping
12/22/2022,Freelance,18566.0,Internet bill
23-11-24,travel,3217.0,Grocery shopping
06/01/2021,HEALTH,1880.0,Books
11/16/2024,rent,8553.0,Shopping
2024-09-08,FOOD,8723.0,misc
2022-04-25,Helth,8562.0,Internet bill
11/01/2023,Entrtnmnt,6408.0,Lunch
12/30/2023,utilities,7478.0,Lunch
26-10-23,Salary,,test
06/14/2021,Foods,4435.0,misc
2023-12-17,Bonus,50177.0,Grocery shopping
2022-07-11,Rnt,6318.0,Movie tickets
2023-08-30,Fod,5072.0,Lunch
08-01-2022,Bonus,20954.0,!!!
2021-05-04,Foodd,1644.0,Books
2022-07-25,Rentt,999999999.0,misc
05-09-22,utilities,,misc
2021-12-25,Utilities,2093.0,Train ticket
,FOOD,4387.0,misc
2021-07-30,Food,499.0,misc
2024-12-25,TRAVEL,6957.0,ATM withdrawal
12-05-24,Travl,7171.0,Movie tickets
11/02/2024,food,6613.0,Electricity bill
08/18/2022,Food,3387.0,Grocery shopping
14-04-21,Salary,41355.0,Movie tickets
02-03-24,Others,54776.0,Electricity bill
10/09/2021,TRAVEL,999999.0,xyz123
08/23/2022,FOOD,5450.0,ATM withdrawal
2024-10-19,Freelance,20442.0,Doctor consultation
11/14/2023,Travel,4400.0,Shopping
21-11-2023,Traval,4996.0,Movie tickets
03/23/2024,Food,54.0,test
26-07-21,Utility,3773.0,Medicine
2024-02-23,Investment,36907.0,asdfgh
2022-10-23,Freelance,71792.0,Electricity bill
2022-12-06,Entertain,6264.0,ATM withdrawal
12/11/2024,Foodd,920.0,Petrol
04/27/2024,rent,999999.0,EMI payment
09/30/2021,Foodd,415.0,Monthly rent payment
16-01-22,savings,5176.0,Uber ride
2023-10-10,Entertainment,6971.0,Books
06/27/2023,Food,2832.0,xyz123
06-02-21,EDU,2295.0,Monthly rent payment
10-06-22,Rentt,49634.0,misc
2023-07-13,Food,2492.0,misc
2022-11-05,Travl,5832.0,Uber ride
12/23/2024,Rnt,9967.0,Grocery shopping
06-12-22,TRAVEL,4891.0,Shopping
2023-11-16,Bonus,18073.0,!!!
03/11/2022,Entertainment,8821.0,Coffee
2023-10-08,Rentt,41059.0,asdfgh
2024-01-29,Helth,1014.0,Medicine
09-06-24,food,7086.0,!!!
14-08-23,Utilities,5371.0,Petrol
07-11-24,Fod,6207.0,Coffee
2021-11-30,TRAVEL,4525.0,EMI payment
2024-04-22,RENT,4983.0,Grocery shopping
2024-10-15,Foodd,1583.0,Lunch
2024-09-24,Utilities,3624.0,test
10/13/2021,Freelance,33248.0,Petrol
11/11/2024,Education,5470.0,Monthly rent payment
15-03-2023,RENT,3257.0,asdfgh
17-05-2022,Food,1271.0,ATM withdrawal
2024-06-28,Freelance,71695.0,xyz123
19-09-22,Entrtnmnt,2475.0,Movie tickets
03-08-24,FOOD,5726.0,Restaurant dinner
19-09-22,Entrtnmnt,2475.0,Movie tickets
2022-03-11,Education,5656.0,Uber ride
2023-08-29,EDU,493.0,Books
2023-06-08,Traval,4220.0,Online course
01/23/2021,Foodd,3716.0,Online course
2021-11-18,TRAVEL,227.0,Electricity bill
18-08-22,Fod,0.0,Gym membership
19-04-24,Salary,26817.0,Movie tickets
03/04/2024,Other,5126.0,Books
11/20/2022,Utlities,9908.0,Restaurant dinner
14-07-23,Others,6794.0,test
10/10/2022,rent,9904.0,Gym membership
2023-01-21,Investment,58797.0,Electricity bill
2022-12-31,Helth,655.0,Uber ride
10/20/2024,Utilties,2723.0,asdfgh
12/20/2021,utilities,5017.0,Internet bill
06/03/2023,Investment,37750.0,Books
17-10-22,travel,5333.0,Lunch
2022-05-04,entertainment,4039.0,Coffee
2023-04-11,Foods,604.0,Medicine
01/24/2024,food,1663.0,Electricity bill
15-04-24,rent,2750.0,Lunch
03-05-23,rent,6665.0,Coffee
02-08-22,Food,,Monthly rent payment
15-11-22,Investment,45145.0,Medicine
07/16/2023,Food,3566.0,Online course
2021-04-26,Bonus,72863.0,Internet bill
2023-06-07,Rent,28559.0,EMI payment
2024-04-29,Bonus,46426.0,Petrol
09/12/2023,Foodd,2684.0,Shopping
2022-11-06,EDU,3201.0,Monthly rent payment
2023-09-24,Rent,999999.0,Internet bill
2024-11-10,FOOD,2491.0,Online course
12/05/2023,Entrtnmnt,6888.0,asdfgh
2024-09-21,health,8041.0,Petrol
2022-08-06,food,-1000.0,Internet bill
02-05-22,RENT,9131.0,Uber ride
18-09-23,food,5293.0,Monthly rent payment
2022-05-06,Entrtnmnt,1341.0,Books
26-10-23,Utilities,6044.0,!!!
04/01/2023,Foodd,4122.0,Books
10/12/2024,Travl,1145.0,!!!
10/12/2021,Food,3142.0,Electricity bill
01/16/2021,rent,8831.0,Movie tickets
2024-10-04,Educaton,3822.0,ATM withdrawal
2024-09-01,rent,1501.0,Fixed deposit
2023-03-03,Bonus,13881.0,Internet bill
2023-02-24,Educaton,3661.0,Movie tickets
08/29/2023,Entertainment,4419.0,ATM withdrawal
2023-03-22,Rent,27579.0,Train ticket
2021-03-25,savings,-500.0,ATM withdrawal
03-04-24,Food,2691.0,Monthly rent payment
2024-03-19,Travl,9004.0,Doctor consultation
2022-06-09,Utlities,840.0,Doctor consultation
10/02/2023,Utilities,999999999.0,Grocery shopping
2022-09-01,Freelance,60720.0,Doctor consultation
05-03-24,Entertain,4789.0,Movie tickets
01/04/2021,Food,1228.0,Shopping
06/10/2022,Entertainment,5390.0,Uber ride
2021-07-12,Rentt,7851.0,Electricity bill
2021-07-13,Rent,41599.0,Shopping
01/10/2022,Rent,7043.0,Monthly rent payment
23-01-2023,Foods,3577.0,EMI payment
11/29/2021,food,5045.0,EMI payment
09/04/2021,Travl,4885.0,Petrol
02-02-23,Travel,4796.0,ATM withdrawal
2024-04-30,Saving,1443.0,Grocery shopping
22-03-21,Rnt,999999999.0,misc
2022-12-04,travel,2515.0,Train ticket
2022-10-22,TRAVEL,1906.0,Train ticket
2022-09-09,Entertain,1034.0,Online course
10/30/2021,Freelance,26214.0,Shopping
31-10-2021,rent,2764.0,test
2022-04-15,Investment,53538.0,Fixed deposit
,Freelance,32477.0,!!!
2024-08-13,Rnt,8371.0,EMI payment
2024-03-01,Foodd,4946.0,Books
03/18/2021,Rentt,9787.0,ATM withdrawal
24-02-21,Salary,69923.0,!!!
2021-11-02,Foodd,696.0,test
2022-06-20,Rentt,10481.0,Internet bill
2023-05-13,Rentt,-1000.0,Books
28-09-22,Investment,51950.0,Coffee
01-05-24,Others,22919.0,Medicine
20-06-22,Bonus,27385.0,Uber ride
,Traval,829.0,Lunch
2023-12-31,Rentt,30261.0,Restaurant dinner
2022-01-25,Others,72870.0,Fixed deposit
10/26/2022,Entertain,9999.0,Medicine
23-12-2023,Salary,29447.0,asdfgh
10/03/2024,Foodd,3656.0,Medicine
2022-11-22,Entrtnmnt,1797.0,Fixed deposit
10/28/2023,Utility,4460.0,Online course
2021-05-21,Bonus,23141.0,Grocery shopping
2021-04-21,EDU,9070.0,Online course
2024-11-14,Rent,47394.0,Electricity bill
11/03/2023,Bonus,73206.0,Medicine
21-05-2024,Rentt,23117.0,Movie tickets
2023-11-06,Foods,3203.0,misc
08-01-2024,travel,1582.0,Fixed deposit
02/21/2021,RENT,2419.0,Medicine
29-12-24,Utlities,6006.0,xyz123
08/14/2024,TRAVEL,,Shopping
2023-03-25,RENT,1493.0,test
18-10-21,Rnt,1462.0,Restaurant dinner
11-09-23,Education,9580.0,Gym membership
31-12-2022,Traval,5439.0,Electricity bill
2023-08-02,Rnt,3236.0,Petrol
2022-01-02,Rnt,433.0,Electricity bill
31-03-24,Investment,38968.0,Train ticket
2024-12-13,Salary,70832.0,Electricity bill
2022-12-12,Others,26135.0,misc
17-03-23,FOOD,1114.0,Electricity bill
2023-02-17,Entertainment,9671.0,test
2023-04-29,Foodd,2137.0,misc
2023-09-23,Food,3383.0,Internet bill
2024-03-12,Saving,6503.0,Coffee
2022-01-17,FOOD,7378.0,!!!
25-10-2021,Savings,6823.0,EMI payment
07/21/2022,EDU,1623.0,!!!
08/11/2023,travel,1596.0,Shopping
2023-12-03,Investment,,misc
04/25/2021,Educaton,7687.0,Internet bill
2024-06-19,Travl,3144.0,Grocery shopping
2022-04-22,HEALTH,7310.0,Fixed deposit
13-01-22,Bonus,24140.0,Books
07/20/2024,Freelance,67091.0,ATM withdrawal
22-07-2024,Salary,40041.0,Online course
07/20/2024,food,2027.0,xyz123
2021-11-22,entertainment,705.0,Books
2023-07-26,Rentt,44154.0,test
2022-03-28,Foods,2517.0,EMI payment
17-05-23,FOOD,7750.0,Lunch
13-04-21,Rnt,2932.0,misc
07/11/2023,Fod,3081.0,Petrol
11/18/2024,Fod,6265.0,Books
09/06/2023,Others,32766.0,Medicine
2022-05-24,Entertainment,7969.0,EMI payment
08/18/2021,FOOD,8332.0,Gym membership
2024-05-09,Salary,40770.0,ATM withdrawal
2023-01-10,Fod,1128.0,Gym membership
2021-11-10,entertainment,3185.0,Restaurant dinner
2022-09-01,Rnt,9459.0,Petrol
09/10/2022,RENT,6636.0,Restaurant dinner
2021-02-24,entertainment,5984.0,test
2024-05-05,Fod,8928.0,Electricity bill
10/13/2022,Others,11411.0,Movie tickets
14-02-22,FOOD,4861.0,!!!
2021-05-16,Utility,5612.0,Shopping
06-06-22,Utilities,869.0,EMI payment
02-03-21,Foodd,2795.0,Doctor consultation
2023-08-20,TRAVEL,1706.0,Monthly rent payment
2021-06-24,entertainment,4825.0,asdfgh
,Foodd,2417.0,Grocery shopping
08-12-24,rent,1701.0,Grocery shopping
14-07-2022,Foods,3015.0,ATM withdrawal
,Food,1149.0,asdfgh
2021-03-27,FOOD,7589.0,Doctor consultation
2024-11-06,Rent,,Doctor consultation
02/25/2023,Freelance,36290.0,Doctor consultation
12-12-2024,Rnt,1857.0,Grocery shopping
04/13/2024,HEALTH,543.0,Gym membership
2023-06-25,Entertain,262.0,Shopping
2024-01-26,Traval,3669.0,Internet bill
31-10-24,Travl,5121.0,Fixed deposit
26-05-22,Travel,3757.0,Restaurant dinner
2021-06-10,Utilities,4770.0,Internet bill
03-06-2021,Misc,2555.0,Books
2024-05-06,utilities,1183.0,Electricity bill
06/12/2023,Rentt,,Gym membership
28-02-22,Fod,4409.0,Petrol
11/26/2023,education,,EMI payment
05/16/2022,Travl,5521.0,Restaurant dinner
2023-09-16,Freelance,56655.0,Gym membership
2023-01-24,EDU,3622.0,Coffee
04/02/2023,Fod,8459.0,Movie tickets
01-05-2021,Rentt,46192.0,asdfgh
29-09-2024,Utilities,8910.0,Lunch
2024-10-25,entertainment,8765.0,Internet bill
08-12-24,Utlities,2512.0,Monthly rent payment
2022-08-23,Others,55339.0,Shopping
31-01-22,rent,4203.0,Coffee
2021-04-16,Utilties,7022.0,Petrol
09-04-2021,TRAVEL,6342.0,Restaurant dinner
,RENT,9600.0,misc
,FOOD,8019.0,misc
2023-08-04,Food,1335.0,Online course
05/28/2024,Utilties,8439.0,Internet bill
2024-09-26,Utlities,1315.0,misc
05/20/2021,Health,9628.0,Monthly rent payment
03/13/2024,Fod,,test
04-09-2023,Salary,37388.0,Restaurant dinner
03/29/2022,Foodd,1053.0,Grocery shopping
05/08/2021,Savings,3802.0,Uber ride
2022-10-25,Investment,14179.0,ATM withdrawal
2024-07-30,Entertain,4714.0,Movie tickets
2021-01-02,education,5725.0,Lunch
2023-12-03,HEALTH,4680.0,asdfgh
02-12-21,Travl,6877.0,Online course
10/23/2023,Utility,8262.0,Electricity bill
28-07-2024,RENT,8965.0,Internet bill
09/13/2024,Travel,5085.0,Fixed deposit
08/25/2022,Rent,49439.0,Medicine
2024-04-19,RENT,778.0,Monthly rent payment
12/02/2022,Others,61240.0,test
2021-02-27,Utlities,8562.0,Doctor consultation
14-10-21,Education,9998.0,Internet bill
2023-01-23,Rent,37094.0,Lunch
2024-03-20,utilities,,Lunch
10/06/2021,Foodd,4968.0,Books
2024-09-24,Rnt,9166.0,Restaurant dinner
04/11/2022,entertainment,0.0,EMI payment
2024-07-03,education,7584.0,Train ticket
2022-05-25,food,3479.0,misc
09-08-22,Investment,21870.0,xyz123
2023-11-11,Foodd,2295.0,Doctor consultation
06/01/2021,education,669.0,Restaurant dinner
03/23/2022,Freelance,34009.0,Electricity bill
12/03/2022,Saving,880.0,Internet bill
2024-12-19,Rent,45547.0,Restaurant dinner
08/13/2023,Rent,19545.0,ATM withdrawal
2024-04-11,Travel,3797.0,Coffee
2024-07-26,Rent,32499.0,Shopping
17-08-21,Food,913.0,Doctor consultation
04-09-2023,Rentt,27404.0,!!!
2021-01-25,Bonus,,xyz123
2022-08-23,Bonus,55521.0,Petrol
06-11-24,Salary,11356.0,Online course
17-09-2022,SAVINGS,2533.0,Internet bill
10-07-2023,utilities,5633.0,Grocery shopping
2022-07-08,Traval,1104.0,Movie tickets
14-01-2022,Utlities,9440.0,Fixed deposit
2021-01-02,Entertain,8117.0,ATM withdrawal
2023-11-13,Investment,30476.0,xyz123
05/18/2021,EDU,4093.0,Coffee
31-01-23,Health,6719.0,EMI payment
2022-10-13,Traval,4042.0,Internet bill
02/19/2022,Rentt,22666.0,test
11/04/2022,Educaton,5020.0,Uber ride
04/03/2024,Freelance,44911.0,Electricity bill
2021-10-03,Freelance,54942.0,Online course
2021-12-22,Investment,71558.0,ATM withdrawal
2024-12-22,FOOD,616.0,Online course
2023-12-03,Educaton,2425.0,Lunch
2021-10-26,Rnt,2310.0,Internet bill
2024-08-31,TRAVEL,9727.0,Gym membership
2024-03-03,Utilities,3815.0,!!!
2024-01-03,TRAVEL,3106.0,Petrol
2024-12-21,food,967.0,Internet bill
,Entrtnmnt,9547.0,Internet bill
07/22/2023,entertainment,2195.0,xyz123
27-12-24,Others,767.0,Online course
10/26/2023,Travl,3557.0,Gym membership
01/31/2021,Travl,8791.0,misc
2023-01-11,RENT,4409.0,Doctor consultation
11/12/2024,Traval,3980.0,Gym membership
2021-01-20,Rentt,37161.0,Coffee
02/13/2023,Other,1353.0,Movie tickets
01-04-23,Educaton,1999.0,Medicine
30-03-2024,HEALTH,6298.0,Doctor consultation
01/09/2021,Investment,34601.0,ATM withdrawal
,food,6620.0,Train ticket
2022-09-10,RENT,1418.0,Shopping
01/04/2022,Entertainment,4514.0,Coffee
2021-11-11,Utlities,7863.0,Medicine
2023-11-24,Investment,45035.0,Lunch
10/01/2022,Utilities,7605.0,Medicine
2022-06-30,Traval,999999999.0,misc
04/04/2023,TRAVEL,2319.0,Doctor consultation
31-05-23,Entrtnmnt,3196.0,xyz123
06/02/2021,utilities,5777.0,Books
2022-12-29,Fod,2122.0,Lunch
29-10-2021,utilities,6223.0,Monthly rent payment
08/26/2022,Travl,6135.0,Fixed deposit
03/23/2021,food,8710.0,Grocery shopping
06/01/2022,Utilties,2892.0,Electricity bill
01/05/2023,Freelance,76703.0,ATM withdrawal
02/17/2023,Utility,9308.0,Online course
2021-09-29,Foodd,2703.0,Uber ride
2022-11-03,Travl,3152.0,Monthly rent payment
2023-07-05,food,1547.0,Internet bill
07/21/2021,Utilities,5362.0,EMI payment
18-07-21,food,7080.0,Train ticket
08/17/2024,Entertain,9838.0,!!!
2024-04-16,Rent,23398.0,Monthly rent payment
01/02/2024,Travl,976.0,Lunch
2024-04-18,Savings,3928.0,Restaurant dinner
2023-11-25,Utlities,8706.0,Uber ride
04-11-2021,Travl,2586.0,!!!
2021-05-08,Food,3970.0,ATM withdrawal
02/28/2024,Entrtnmnt,9449.0,Fixed deposit
17-09-2024,Foodd,268.0,Uber ride
01/04/2023,education,1642.0,Internet bill
16-09-22,FOOD,4129.0,Movie tickets
08-09-2022,entertainment,9971.0,asdfgh
2023-08-14,Bonus,12254.0,Train ticket
2022-12-04,Fod,5485.0,Grocery shopping
23-08-24,Others,7503.0,Movie tickets
05-01-23,Investment,62410.0,ATM withdrawal
2023-06-29,Educaton,7226.0,Monthly rent payment
2023-10-10,Investment,67247.0,!!!
12-04-24,Rentt,18648.0,Internet bill
09/15/2024,Bonus,45285.0,Grocery shopping
11/29/2023,Entertainment,3069.0,EMI payment
14-11-21,Investment,52388.0,!!!
24-07-2022,Travel,9501.0,Online course
01/16/2021,food,7714.0,asdfgh
18-02-24,Fod,8407.0,Petrol
2021-11-20,RENT,5021.0,misc
20-12-23,Rentt,41360.0,ATM withdrawal
04/29/2023,Rentt,23271.0,Shopping
28-04-22,food,4822.0,Shopping
26-08-2022,Health,7801.0,Online course
15-05-2024,Rnt,1615.0,Internet bill
14-04-23,food,2612.0,Restaurant dinner
2021-01-29,EDU,2704.0,!!!
09/30/2022,Rentt,43620.0,Gym membership
08-10-2022,food,1348.0,Grocery shopping
18-03-22,food,9817.0,Electricity bill
08/17/2021,Traval,230.0,test
04/28/2023,entertainment,8663.0,Books
2024-10-27,Health,1574.0,Internet bill
12/16/2024,Bonus,71730.0,Uber ride
21-08-2023,Rnt,2986.0,EMI payment
03/10/2021,Traval,5202.0,test
08/07/2021,travel,6964.0,asdfgh
2021-03-27,Travel,5733.0,Coffee
03-01-24,FOOD,,Uber ride
05/26/2021,Food,2917.0,Monthly rent payment
12/29/2021,Travl,4428.0,Movie tickets
12/14/2023,Investment,38153.0,asdfgh
09/25/2024,Rent,25936.0,Lunch
2021-08-26,Travl,999999.0,Petrol
04-12-2024,Rnt,5736.0,misc
2021-08-20,Utlities,2474.0,Internet bill
02/26/2022,Utlities,7222.0,Fixed deposit
08-03-22,Rent,21929.0,Gym membership
02-06-22,Rent,47616.0,Doctor consultation
21-10-22,Travel,7311.0,Internet bill
2023-07-02,Foods,3162.0,Fixed deposit
2023-12-01,HEALTH,2428.0,Shopping
30-05-23,Educaton,2381.0,Books
2022-06-26,TRAVEL,7074.0,Train ticket
2022-08-15,Entertainment,1408.0,Lunch
30-09-23,education,9502.0,Train ticket
08/31/2022,Others,77419.0,Gym membership
05/19/2024,FOOD,2174.0,Uber ride
23-12-23,Fod,3936.0,test
25-06-24,Utility,9600.0,asdfgh
15-09-2022,Traval,5389.0,Internet bill
2024-08-19,food,1210.0,Petrol
2024-12-06,EDU,252.0,ATM withdrawal
07/30/2021,Travl,1692.0,Shopping
2023-12-25,Education,6003.0,misc
02/21/2022,Entrtnmnt,,Books
01/04/2021,Education,2288.0,asdfgh
2021-09-19,Rentt,43459.0,test
14-04-23,Utlities,7166.0,test
01-09-22,RENT,8302.0,Restaurant dinner
04/15/2024,Freelance,69466.0,Online course
22-09-22,Bonus,10325.0,!!!
2024-01-03,Utilities,1426.0,Restaurant dinner
21-12-2021,Rent,32339.0,Grocery shopping
01/05/2023,Freelance,53893.0,Restaurant dinner
04/18/2023,FOOD,3105.0,misc
09/09/2024,Foods,3655.0,Doctor consultation
2021-02-22,Traval,2234.0,Online course
09-03-24,Utilities,1509.0,Online course
08/29/2023,Others,73327.0,Lunch
2023-04-21,Investment,49033.0,asdfgh
,TRAVEL,,Lunch
01/16/2022,entertainment,4605.0,EMI payment
2021-02-19,Rentt,28832.0,asdfgh
17-11-2023,travel,3367.0,Lunch
08/12/2023,Food,4030.0,Gym membership
2023-03-24,entertainment,2399.0,Gym membership
01-07-21,Travel,5585.0,test
2024-05-11,Traval,2517.0,Petrol
2022-09-09,Savings,5714.0,!!!
06/11/2023,RENT,1803.0,Fixed deposit
2022-10-13,food,,Gym membership
05/19/2024,FOOD,3802.0,Petrol
09-07-22,entertainment,463.0,Monthly rent payment
21-11-24,Health,5370.0,Books
2021-07-05,Salary,19104.0,xyz123
07/25/2024,FOOD,7385.0,xyz123
2023-02-18,Utility,2305.0,Electricity bill
06-12-23,Bonus,563063.0,Restaurant dinner
01/06/2022,Rent,7452.0,Grocery shopping
11-09-2022,RENT,3135.0,Online course
2023-01-14,Foods,3884.0,Coffee
07-03-2021,travel,3974.0,Gym membership
02/07/2021,Foods,2121.0,Movie tickets
2024-05-17,FOOD,3385.0,ATM withdrawal
2021-03-22,education,1716.0,ATM withdrawal
27-02-24,Utlities,9275.0,Train ticket
2024-12-21,FOOD,8171.0,Lunch
08-11-24,Rent,32928.0,Gym membership
16-02-2024,Food,4545.0,Movie tickets
04/13/2022,Fod,4097.0,!!!
10/11/2021,Utility,5852.0,xyz123
10/27/2023,Utlities,260.0,Medicine
2023-02-20,EDU,5968.0,Grocery shopping
2022-03-02,Educaton,4880.0,Grocery shopping
06/24/2024,entertainment,7241.0,!!!
2023-10-09,Travl,3071.0,Fixed deposit
2024-01-29,Rnt,8034.0,Shopping
03/30/2024,Utilities,,!!!
08/08/2021,Rentt,15206.0,misc
08/26/2024,Rent,22146.0,ATM withdrawal
02/28/2023,Educaton,2443.0,Monthly rent payment
2021-12-27,health,707.0,!!!
18-09-2023,Bonus,38376.0,EMI payment
07/13/2021,RENT,9321.0,asdfgh
,RENT,1511.0,Doctor consultation
04-08-24,Freelance,29952.0,Movie tickets
07/05/2021,Utlities,4069.0,Movie tickets
2021-01-08,health,6970.0,Grocery shopping
05/21/2022,Rentt,30649.0,Online course
2023-02-28,food,2488.0,Internet bill
21-08-21,Foodd,3353.0,ATM withdrawal
12/14/2022,OTHERS,999999.0,Movie tickets
2021-09-09,Travel,7719.0,Fixed deposit
12/02/2022,food,8580.0,Medicine
04/30/2021,Bonus,28018.0,EMI payment
06/04/2022,Traval,2499.0,Coffee
2021-06-11,education,8075.0,Grocery shopping
11/07/2021,Rent,9415.0,Movie tickets
29-08-21,Freelance,32892.0,ATM withdrawal
05-09-2021,Bonus,22487.0,Uber ride
2022-12-20,TRAVEL,5337.0,test
11-09-21,Foodd,2979.0,Uber ride
,Utilities,3799.0,Lunch
2021-04-07,rent,9157.0,ATM withdrawal
2023-08-16,Others,55020.0,Online course
05-12-23,Bonus,40189.0,Petrol
20-06-2024,Utlities,5012.0,EMI payment
2023-12-16,HEALTH,7489.0,ATM withdrawal
07/28/2023,Investment,26237.0,Lunch
12/12/2021,rent,0.0,Movie tickets
31-12-2022,Traval,5439.0,Electricity bill
08-05-21,Foodd,2808.0,Books
2023-10-04,Entrtnmnt,8134.0,EMI payment
2024-05-22,Bonus,19068.0,Medicine
06/06/2023,Fod,-1000.0,Internet bill
2022-09-24,Utility,2999.0,ATM withdrawal
02-11-21,Rnt,1829.0,Coffee
08/30/2022,Utilties,6767.0,Fixed deposit
,Fod,6068.0,asdfgh
15-03-2022,Entertain,8496.0,Medicine
12/20/2021,Savings,1827.0,Internet bill
2022-10-26,FOOD,4476.0,Books
14-10-21,Travl,5187.0,Restaurant dinner
04/04/2024,Travl,8562.0,Grocery shopping
2024-02-11,Education,8778.0,Monthly rent payment
2023-08-23,TRAVEL,4217.0,asdfgh
2021-01-23,Education,6915.0,Fixed deposit
05/30/2022,Food,3745.0,EMI payment
07-10-21,EDU,9846.0,Train ticket
06/22/2024,entertainment,9268.0,EMI payment
05/09/2021,Foodd,173.0,asdfgh
29-12-24,Bonus,58506.0,Petrol
03/15/2022,Rent,7954.0,Petrol
01/04/2024,Rentt,22541.0,Petrol
18-01-2022,Investment,75783.0,Restaurant dinner
19-03-24,Food,4885.0,Restaurant dinner
02/24/2023,Bonus,79217.0,Electricity bill
2024-07-09,food,3147.0,Gym membership
24-12-22,Rnt,9496.0,Coffee
10/22/2023,Rentt,46668.0,Internet bill
09-07-21,Foodd,2925.0,!!!
31-07-2024,Rent,41792.0,Fixed deposit
2021-05-31,Traval,,Movie tickets
19-06-21,TRAVEL,5645.0,ATM withdrawal
2024-01-21,rent,5072.0,Restaurant dinner
2024-05-23,education,601.0,Books
2023-08-05,food,4403.0,test
03-06-22,TRAVEL,2609.0,test
2023-07-23,Entrtnmnt,3898.0,test
07/23/2024,savings,8872.0,Online course
2022-01-31,Fod,3937.0,Movie tickets
27-12-21,Rent,21814.0,Online course
27-11-21,Rent,38008.0,Medicine
02-09-21,Travel,6734.0,Coffee
10-01-24,education,6246.0,test
11/06/2023,Travel,6273.0,Online course
2024-12-24,EDU,,EMI payment
12-03-21,Rentt,12686.0,!!!
2023-12-14,Rnt,2416.0,Electricity bill
2021-10-29,Foods,1530.0,Electricity bill
12-05-23,Foods,3191.0,Shopping
2024-03-26,FOOD,7853.0,Uber ride
2023-01-26,Traval,3051.0,Shopping
2024-10-15,Fod,4991.0,Movie tickets
2023-03-01,Food,3445.0,Grocery shopping
18-01-2022,Fod,2279.0,Lunch
01/17/2021,Foods,4158.0,Monthly rent payment
2024-09-16,travel,6207.0,misc
2021-05-15,FOOD,6723.0,Online course
2024-05-14,entertainment,4715.0,Coffee
06/20/2021,Salary,53725.0,!!!
2023-12-26,FOOD,3593.0,EMI payment
2021-07-30,utilities,8484.0,EMI payment
2023-04-01,Entertain,7204.0,Coffee
18-12-2024,Others,73065.0,Monthly rent payment
01-12-22,education,1133.0,misc
14-04-2024,Rent,41024.0,Train ticket
,others,125.0,Monthly rent payment
2024-09-24,Rent,47477.0,asdfgh
03-10-2022,Foods,2495.0,Uber ride
07/09/2023,FOOD,,Uber ride
03/25/2024,Traval,174.0,Books
2023-12-28,Foodd,2362.0,!!!
2021-11-01,health,999999.0,Monthly rent payment
01-09-2021,Foods,1720.0,Movie tickets
05/18/2024,Rnt,8471.0,Online course
03-07-23,FOOD,8875.0,Uber ride
08/19/2022,rent,1572.0,ATM withdrawal
08-08-21,food,9865.0,Movie tickets
12-10-2022,Bonus,40907.0,Gym membership
2024-01-18,entertainment,4892.0,EMI payment
2022-02-09,Rnt,9207.0,Doctor consultation
2022-07-28,utilities,6561.0,Internet bill
12-09-23,utilities,2419.0,Coffee
2022-09-05,food,1060.0,xyz123
24-06-2023,OTHERS,1706.0,Restaurant dinner
12-12-2023,utilities,6808.0,Medicine
2021-08-04,rent,1900.0,Lunch
12/19/2023,Fod,,Doctor consultation
2024-09-05,education,5441.0,Coffee
08/13/2022,Entertainment,2745.0,Coffee
2024-04-14,Others,55221.0,ATM withdrawal
04/12/2022,Foodd,4442.0,Shopping
07-09-2024,Utility,1204.0,Train ticket
2024-09-25,Others,20252.0,Online course
05-08-22,Travel,7196.0,Electricity bill
12/22/2023,Utilities,1966.0,Electricity bill
2023-07-01,rent,4750.0,EMI payment
13-07-24,RENT,8986.0,Grocery shopping
12/16/2024,food,4701.0,Books
19-09-23,travel,5222.0,Medicine
2021-10-10,Fod,6224.0,misc
2024-04-18,Rnt,6684.0,Internet bill
23-10-24,RENT,8540.0,Medicine
03-11-2021,Traval,5820.0,ATM withdrawal
06/02/2022,Helth,3789.0,Shopping
,Foods,3288.0,Grocery shopping
09-04-21,Food,3754.0,EMI payment
26-10-24,Rent,14320.0,Coffee
03/29/2021,FOOD,8872.0,misc
01/19/2024,Traval,4711.0,EMI payment
2021-02-23,Freelance,34187.0,misc
26-02-22,Utlities,8300.0,xyz123
28-02-2021,food,7982.0,Doctor consultation
08-11-24,OTHERS,6261.0,Doctor consultation
2024-07-02,food,7503.0,Internet bill
2023-01-03,Freelance,41369.0,Petrol
14-02-23,Travl,1968.0,misc
04-10-2023,Utility,646.0,misc
2022-07-19,Utility,7403.0,test
04/12/2022,Utility,9448.0,test
13-01-2023,Investment,59520.0,Doctor consultation
05/24/2021,TRAVEL,8352.0,Fixed deposit
2022-05-28,entertainment,9354.0,misc
08/18/2024,RENT,869.0,Medicine
06/24/2022,food,2803.0,Electricity bill
2021-12-20,Entertain,751.0,Electricity bill
02/25/2022,Rent,23178.0,Grocery shopping
2024-11-17,Educaton,,Grocery shopping
09/04/2021,Others,12555.0,Monthly rent payment
2024-10-16,Food,4973.0,!!!
11/15/2023,Freelance,51284.0,test
2022-12-15,Utility,497.0,ATM withdrawal
2021-01-09,travel,1437.0,Online course
06/13/2022,rent,7397.0,Lunch
07/29/2021,Salary,71087.0,asdfgh
24-11-24,utilities,-1000.0,Medicine
2024-10-18,food,9925.0,Books
20-01-23,Traval,9357.0,EMI payment
07/29/2021,Entrtnmnt,6558.0,Gym membership
26-08-21,food,3477.0,Coffee
13-09-23,Utlities,7229.0,Shopping
2021-09-02,rent,7003.0,Monthly rent payment
05-08-2024,Travel,8108.0,Fixed deposit
02/09/2023,Travel,3102.0,Monthly rent payment
18-05-21,entertainment,141.0,Books
02-10-21,Entertainment,6457.0,Gym membership
03/07/2023,Investment,39182.0,Uber ride
2023-08-26,Investment,48969.0,!!!
12-05-2021,Rnt,4088.0,Lunch
14-05-2021,Utilities,138.0,Uber ride
18-09-24,education,9069.0,Internet bill
06/05/2023,rent,8010.0,ATM withdrawal
2024-05-03,Education,8326.0,Online course
07/06/2021,Bonus,77877.0,!!!
31-03-21,Foods,4266.0,Gym membership
2023-11-02,Bonus,67640.0,ATM withdrawal
2022-06-05,Helth,1621.0,Coffee
2024-09-01,rent,4020.0,Books
10/30/2021,Saving,8919.0,misc
12-11-22,Salary,62909.0,ATM withdrawal
09/29/2021,Travel,6999.0,Internet bill
10/21/2022,Rent,27147.0,Lunch
,Educaton,8979.0,Electricity bill
2021-06-16,FOOD,3045.0,!!!
2021-10-05,Rnt,6126.0,Medicine
21-07-2021,Foods,3306.0,Doctor consultation
2021-06-08,Rentt,,Gym membership
04-07-2021,TRAVEL,1799.0,Uber ride
04-05-21,Misc,7299.0,Internet bill
2021-07-23,Entrtnmnt,7411.0,Movie tickets
29-09-23,Travel,1137.0,Online course
07-04-24,Food,3801.0,Train ticket
12/13/2023,Foods,2426.0,misc
2024-10-07,Utlities,6771.0,Movie tickets
2023-03-21,travel,6114.0,Shopping
06/02/2023,savings,9202.0,ATM withdrawal
11/22/2021,Foods,3515.0,Movie tickets
07/06/2021,utilities,4133.0,Movie tickets
2024-10-06,Entrtnmnt,589.0,Doctor consultation
19-05-2022,Rnt,6977.0,xyz123
03/05/2023,Freelance,40320.0,test
2022-07-18,travel,3203.0,Internet bill
01/06/2024,Foods,3706.0,Movie tickets
10/29/2023,Salary,559177.0,Train ticket
2021-01-06,Foods,758.0,ATM withdrawal
15-07-21,Fod,7799.0,Movie tickets
30-03-2021,EDU,3445.0,Fixed deposit
18-03-21,Salary,41742.0,Electricity bill
06/24/2024,health,7134.0,Coffee
07/22/2022,food,744.0,Movie tickets
01/02/2024,Freelance,39256.0,Shopping
01-03-24,Investment,37602.0,Internet bill
18-05-2024,Investment,43742.0,misc
2021-03-08,food,-1000.0,Monthly rent payment
2024-05-13,Fod,5035.0,Train ticket
2024-02-03,Others,8929.0,Gym membership
06/15/2023,Travel,9520.0,misc
09/29/2023,FOOD,2505.0,Grocery shopping
2024-02-15,FOOD,2400.0,EMI payment
02/09/2021,Freelance,46810.0,Internet bill
2022-12-05,Entertainment,7165.0,Shopping
07/23/2021,TRAVEL,1809.0,Uber ride
05-01-23,Fod,2341.0,Monthly rent payment
01-07-21,Utlities,8361.0,Lunch
10-11-21,Food,2212.0,Petrol
2021-08-15,Traval,1690.0,Electricity bill
21-02-2024,Food,559.0,Doctor consultation
2021-06-05,Rentt,37244.0,EMI payment
04/06/2023,Education,7485.0,test
2021-06-08,travel,1432.0,misc
,Entertain,6361.0,ATM withdrawal
17-07-2023,Entrtnmnt,5602.0,Restaurant dinner
2022-05-13,HEALTH,9279.0,asdfgh
2021-02-13,Entrtnmnt,5866.0,Internet bill
04-11-24,Others,44840.0,Doctor consultation
21-06-2024,Food,1454.0,asdfgh
02-06-22,Rent,47616.0,Doctor consultation
14-12-21,Helth,506.0,Restaurant dinner
11-08-2021,Travel,9120.0,Lunch
2023-12-16,rent,239.0,Shopping
10-10-2022,health,1302.0,!!!
10/26/2022,Rnt,8037.0,Shopping
04/12/2022,Rnt,1729.0,test
19-03-23,Entrtnmnt,3964.0,xyz123
2022-07-05,Utilties,2478.0,Books
01/27/2024,Rent,39552.0,test
,Utilties,3857.0,Grocery shopping
10/21/2024,Foodd,2128.0,Lunch
06/20/2024,Traval,1806.0,Doctor consultation
25-02-24,Education,9017.0,Medicine
08/26/2024,travel,5134.0,Restaurant dinner
28-11-23,rent,1969.0,Shopping
2023-08-12,Entrtnmnt,3505.0,ATM withdrawal
18-04-2023,Entertain,3462.0,Shopping
12/20/2022,food,999999.0,misc
05/16/2021,Rent,49351.0,Grocery shopping
2021-07-26,Health,3500.0,asdfgh
06-03-22,Educaton,4130.0,Uber ride
10/10/2023,rent,9658.0,Shopping
2022-11-23,Foodd,4312.0,Internet bill
2021-10-01,Utlities,3479.0,Monthly rent payment
2023-10-28,Foodd,1537.0,Electricity bill
04-08-2024,Freelance,33899.0,Grocery shopping
08/25/2022,Rentt,13219.0,Medicine
03/15/2023,Foods,4416.0,Medicine
15-06-2022,Fod,3650.0,Petrol
2024-04-07,Foodd,805.0,Shopping
26-08-2023,RENT,999999999.0,Fixed deposit
17-01-21,Freelance,36887.0,Medicine
2022-04-05,Rentt,26977.0,Grocery shopping
16-04-2022,Rnt,9179.0,asdfgh
09/03/2023,Food,4510.0,Gym membership
03/19/2024,Rent,44603.0,Monthly rent payment
2022-08-13,Bonus,68852.0,test
08-06-2022,RENT,2837.0,Movie tickets
29-09-23,FOOD,1587.0,!!!
2022-06-22,Foodd,1301.0,Coffee
2024-12-10,Rent,42615.0,Shopping
25-01-2021,Education,8065.0,Shopping
11-04-24,EDU,9674.0,Lunch
07/10/2024,Bonus,477966.0,Monthly rent payment
2022-02-21,Travl,2308.0,Fixed deposit
2022-11-08,TRAVEL,2214.0,Restaurant dinner
03/14/2023,Rent,44708.0,Petrol
06-07-23,Utlities,1419.0,misc
07/16/2024,TRAVEL,2769.0,ATM withdrawal
10/05/2023,Utilties,7538.0,Monthly rent payment
02-11-22,food,9571.0,Internet bill
07-06-2023,Salary,77201.0,Train ticket
11/03/2023,Utilities,8775.0,asdfgh
2022-03-18,travel,5850.0,EMI payment
05/24/2024,RENT,8635.0,Online course
2024-08-28,utilities,1973.0,Coffee
02/21/2022,Entrtnmnt,,Books
2022-02-02,Others,75916.0,Electricity bill
2021-06-15,Foods,2374.0,asdfgh
06/20/2021,Freelance,56837.0,Online course
2021-01-05,travel,4868.0,test
2022-08-29,Health,9872.0,Internet bill
09/05/2023,Traval,3308.0,Shopping
10/25/2024,food,6534.0,ATM withdrawal
2021-06-26,RENT,4395.0,Train ticket
2021-03-28,Others,42834.0,Books
,Rent,5724.0,Uber ride
2021-10-04,Traval,7802.0,Coffee
2023-09-16,Fod,1200.0,ATM withdrawal
09/14/2023,Utilities,5358.0,misc
04/18/2023,EDU,7292.0,Monthly rent payment
2024-08-21,Fod,6796.0,Online course
20-01-23,Utilties,1191.0,Electricity bill
16-06-2021,education,2755.0,Petrol
10-12-24,Utility,3702.0,Coffee
21-07-22,Utilties,4602.0,Monthly rent payment
2022-02-08,travel,6089.0,Train ticket
08/14/2023,Rentt,20647.0,Movie tickets
2024-02-02,Fod,4851.0,xyz123
2021-11-25,Foodd,3884.0,Coffee
2022-03-08,Helth,1899.0,asdfgh
2023-06-23,Food,3858.0,Lunch
2021-02-21,Entertainment,4085.0,Movie tickets
14-03-22,Traval,4731.0,Gym membership
2022-01-31,Travel,-1000.0,Coffee
19-12-2023,Rent,45898.0,Coffee
2024-03-01,Foods,2706.0,xyz123
18-10-24,Traval,6859.0,Shopping
03/27/2023,entertainment,2985.0,Doctor consultation
31-03-24,FOOD,2392.0,Internet bill
15-01-2023,Helth,8336.0,asdfgh
2023-12-02,RENT,2100.0,Gym membership
09/12/2023,Savings,1437.0,Train ticket
10/10/2022,HEALTH,9525.0,Doctor consultation
2023-11-24,RENT,4259.0,Uber ride
2023-02-16,food,8176.0,Movie tickets
10/02/2021,Entertain,4042.0,Books
13-04-2022,Utilties,0.0,Internet bill
14-07-24,Utility,8396.0,Medicine
06-01-22,Travel,882.0,Coffee
12/14/2021,Rentt,26709.0,Train ticket
2023-10-18,Utilities,9910.0,Petrol
2022-09-30,rent,4125.0,Fixed deposit
2022-06-21,Utilities,4413.0,EMI payment
10/09/2024,Rent,35757.0,Books
2021-11-01,Foods,1749.0,test
05-01-21,education,999999.0,Uber ride
2023-02-06,travel,6358.0,Coffee
12/17/2023,Rentt,7834.0,Books
2022-03-16,Other,8236.0,misc
,Education,866.0,Coffee
2022-06-02,Foodd,4453.0,Gym membership
22-01-23,Education,5245.0,asdfgh
2021-12-04,Other,3775.0,Internet bill
08-11-22,FOOD,9343.0,Petrol
01/18/2021,Rentt,41499.0,Restaurant dinner
14-05-21,Fod,,test
07/09/2021,entertainment,8567.0,EMI payment
2023-12-29,Educaton,556.0,asdfgh
11/06/2024,Foods,3133.0,EMI payment
19-03-24,Food,4885.0,Restaurant dinner
2021-03-02,Food,2318.0,Petrol
21-09-24,Foods,4028.0,Coffee
10/02/2022,RENT,2815.0,test
11/24/2022,EDU,9948.0,asdfgh
2023-10-23,FOOD,1318.0,!!!
15-02-21,Entertainment,7725.0,Grocery shopping
24-11-2023,travel,-1000.0,Books
12-01-24,Entrtnmnt,713.0,asdfgh
2022-04-08,Educaton,,Online course
2021-07-30,Utilties,6511.0,Grocery shopping
05/05/2022,others,3125.0,Restaurant dinner
09-05-2021,Utilties,280.0,misc
2023-05-01,rent,6779.0,Monthly rent payment
2021-07-02,Travl,2717.0,Medicine
10/06/2023,Fod,8733.0,Monthly rent payment
09-11-23,food,5507.0,Electricity bill
03-06-2023,Savings,6960.0,Movie tickets
17-06-24,Travel,2083.0,Lunch
05/09/2024,entertainment,6829.0,Doctor consultation
2022-10-25,Foodd,1131.0,Train ticket
2023-04-25,Foodd,2800.0,Electricity bill
08-10-23,Rent,40709.0,Gym membership
2024-12-15,health,8102.0,Uber ride
2024-05-12,Entertain,8867.0,Electricity bill
09-09-2021,Utilities,6506.0,Fixed deposit
30-08-21,Investment,57002.0,Medicine
2022-02-13,TRAVEL,2615.0,EMI payment
2022-09-11,TRAVEL,9307.0,Lunch
01/28/2022,Food,4240.0,Books
21-08-22,FOOD,6824.0,test
2024-10-08,FOOD,7480.0,Uber ride
2024-11-18,Entertain,1807.0,Doctor consultation
24-12-24,education,8744.0,Shopping
,rent,5101.0,Petrol
2024-09-18,Utlities,5455.0,Petrol
2021-09-29,FOOD,279.0,EMI payment
16-02-2024,FOOD,9091.0,Coffee
29-05-2022,Rent,15033.0,Monthly rent payment
2023-06-19,Investment,64871.0,Restaurant dinner
2022-01-27,Utilties,9649.0,Coffee
13-05-24,Traval,6755.0,Grocery shopping
2023-06-05,Food,,Coffee
09/01/2022,Utilities,5991.0,test
23-11-21,Rnt,8937.0,Train ticket
2024-07-04,Salary,41028.0,Medicine
30-06-23,RENT,717.0,misc
04/11/2023,Entertain,8581.0,Restaurant dinner
2023-03-02,Entertainment,4219.0,Doctor consultation
2024-03-23,TRAVEL,2796.0,xyz123
2022-10-25,education,7823.0,Medicine
12/18/2023,TRAVEL,5632.0,asdfgh
27-04-24,FOOD,8030.0,misc
2023-09-24,Investment,978324.0,Grocery shopping
11-08-24,Utility,1944.0,Shopping
12/26/2022,entertainment,801.0,misc
15-01-22,rent,9365.0,Medicine
03/30/2023,Food,2746.0,xyz123
10/10/2023,Investment,75940.0,asdfgh
2024-06-25,entertainment,8402.0,Train ticket
15-03-2023,Food,835.0,EMI payment
2021-10-09,Misc,9794.0,Internet bill
2021-07-31,Others,41568.0,misc
12/21/2022,Salary,51853.0,Coffee
2024-05-25,Travl,,misc
11/16/2022,Foods,1614.0,Shopping
20-01-24,Rentt,15116.0,Electricity bill
09/29/2021,RENT,5804.0,Online course
21-02-21,rent,3727.0,Medicine
03/08/2021,Investment,68757.0,Shopping
2023-03-07,education,4717.0,Movie tickets
09/30/2023,travel,2592.0,Petrol
,food,3935.0,xyz123
03/09/2024,travel,,Gym membership
2021-09-24,Rnt,9225.0,Doctor consultation
09/26/2023,Food,2753.0,Fixed deposit
07/14/2023,food,960.0,Shopping
04/25/2023,Traval,8853.0,Doctor consultation
25-10-2024,Saving,7036.0,Uber ride
05-10-21,education,4118.0,asdfgh
19-06-21,utilities,7816.0,Restaurant dinner
2024-08-09,Freelance,53820.0,Gym membership
07/03/2021,RENT,5743.0,ATM withdrawal
15-11-2022,Rnt,3790.0,Grocery shopping
26-08-21,Utilties,5462.0,Fixed deposit
2022-06-12,Fod,3678.0,EMI payment
2023-10-03,Traval,7110.0,ATM withdrawal
04/14/2021,Rent,44446.0,asdfgh
18-11-24,Educaton,1242.0,Grocery shopping
08/08/2021,utilities,1916.0,Lunch
2024-10-13,education,7263.0,xyz123
2024-12-31,Foods,3241.0,Lunch
2024-11-16,FOOD,4737.0,Coffee
08/09/2022,HEALTH,9361.0,!!!
05/26/2022,Travel,,Movie tickets
2023-11-12,travel,8112.0,!!!
12-10-21,Foods,3511.0,Books
2023-02-08,Utilities,1136.0,Doctor consultation
10/12/2021,Travel,4280.0,Gym membership
01/10/2021,Food,4331.0,Fixed deposit
09/13/2023,Travl,6207.0,ATM withdrawal
07/11/2023,Travel,6811.0,Petrol
08/30/2024,Education,8451.0,Train ticket
03/31/2022,Investment,335656.0,Electricity bill
2023-01-05,travel,9889.0,Doctor consultation
10/30/2021,travel,8923.0,Internet bill
21-07-2023,Rentt,18054.0,xyz123
2023-09-16,Travl,9011.0,Grocery shopping
09/28/2021,HEALTH,5420.0,Grocery shopping
10/07/2024,food,9053.0,Lunch
05/12/2024,travel,2510.0,Doctor consultation
21-07-22,Utilties,4602.0,Monthly rent payment
2024-02-02,travel,3255.0,Lunch
07/14/2021,Bonus,59053.0,EMI payment
10/05/2022,Health,9087.0,ATM withdrawal
05-10-2021,Salary,68725.0,Internet bill
06/12/2024,HEALTH,7110.0,Doctor consultation
2022-08-10,rent,6319.0,Train ticket
2022-07-12,Food,1011.0,EMI payment
04-04-24,rent,7273.0,xyz123
2023-04-21,Foodd,1356.0,Fixed deposit
2024-11-24,Foodd,,misc
03/23/2022,FOOD,3148.0,misc
2022-01-05,Rentt,8518.0,Monthly rent payment
2021-02-12,Freelance,52179.0,!!!
11-11-23,Rnt,3759.0,test
01/19/2024,Other,3804.0,Electricity bill
14-12-21,Utility,6523.0,Train ticket
06-11-21,Entertain,840.0,Lunch
10/13/2024,Utilities,489.0,Petrol
2023-04-17,Utilities,4971.0,Electricity bill
2021-11-20,Traval,2302.0,ATM withdrawal
04/13/2024,education,6944.0,Uber ride
2023-06-09,Freelance,42030.0,Monthly rent payment
03-04-2021,Traval,2005.0,!!!
2021-07-15,Utilties,1186.0,Lunch
10-02-2022,FOOD,903.0,Fixed deposit
2022-01-09,Others,43218.0,Shopping
20-02-2021,travel,3157.0,xyz123
19-10-21,Bonus,435842.0,Electricity bill
21-07-22,rent,116.0,asdfgh
14-12-21,Foodd,999999999.0,Internet bill
2024-07-06,FOOD,3986.0,Doctor consultation
12/02/2022,RENT,4320.0,Movie tickets
08/09/2021,TRAVEL,8423.0,Books
11/06/2024,education,9541.0,Grocery shopping
07/22/2022,Foods,2862.0,Electricity bill
09-06-21,savings,5502.0,Train ticket
2022-05-31,Investment,30535.0,misc
11/27/2021,FOOD,133.0,Internet bill
2023-06-23,Savings,1142.0,test
2022-03-27,entertainment,508.0,xyz123
2023-03-08,FOOD,4525.0,Gym membership
16-07-23,Rnt,5875.0,Online course
11/24/2022,Utilties,,Electricity bill
31-10-2022,entertainment,,xyz123
19-04-24,Freelance,47197.0,Lunch
29-01-22,FOOD,9723.0,Fixed deposit
2024-03-20,travel,7852.0,xyz123
30-12-2022,Helth,628.0,Uber ride
2021-10-15,FOOD,6390.0,Uber ride
06/20/2024,Travl,694.0,misc
04/02/2021,Travel,9013.0,Books
10/19/2022,food,6693.0,Monthly rent payment
2022-07-25,Rnt,8197.0,xyz123
2024-02-27,Entrtnmnt,2513.0,Train ticket
2022-05-23,EDU,6738.0,Grocery shopping
17-03-24,Rent,27356.0,Restaurant dinner
02/24/2022,Health,7689.0,Online course
05-07-2024,Utilities,6189.0,Monthly rent payment
,Utilties,4712.0,Medicine
2021-02-15,Others,74183.0,Internet bill
08/17/2023,Entrtnmnt,6700.0,test
08/22/2021,Rentt,37645.0,Monthly rent payment
08/10/2021,Travel,941.0,Doctor consultation
16-11-23,Fod,531.0,ATM withdrawal
02/20/2023,travel,6688.0,Monthly rent payment
01/03/2021,Salary,70569.0,Uber ride
11/09/2024,Rnt,8721.0,Electricity bill
2023-03-25,Rnt,4841.0,Internet bill
18-10-24,Utlities,7928.0,Internet bill
03/21/2021,Savings,1522.0,misc
02/17/2022,Fod,995.0,EMI payment
,food,7807.0,test
2021-12-26,Entrtnmnt,1777.0,!!!
2021-02-19,Rentt,28005.0,!!!
08/25/2022,Rent,49439.0,Medicine
20-11-22,Travl,8510.0,Lunch
2024-08-15,Salary,23498.0,Lunch
2022-02-27,Entertain,7935.0,EMI payment
05/03/2022,Freelance,50354.0,xyz123
2023-08-27,Foods,2141.0,Uber ride
24-11-21,SAVINGS,431.0,Lunch
07-05-2024,Rnt,1475.0,Books
16-08-21,savings,2204.0,Books
2021-08-20,RENT,5352.0,Internet bill
01/30/2022,Rnt,5649.0,asdfgh
12/14/2022,Food,3622.0,ATM withdrawal
2022-07-04,TRAVEL,7864.0,Coffee
09-03-22,Foods,1260.0,Movie tickets
2021-04-01,RENT,3890.0,Electricity bill
01/12/2021,travel,1673.0,Doctor consultation
03-10-23,OTHERS,8953.0,asdfgh
2022-01-21,Food,1250.0,Fixed deposit
11-04-23,Entertainment,2610.0,asdfgh
2021-09-18,Saving,0.0,Movie tickets
2021-06-22,Fod,9400.0,Train ticket
2024-12-22,RENT,5116.0,Shopping
10-09-24,SAVINGS,6095.0,Train ticket
02/10/2023,rent,1938.0,!!!
,RENT,,Movie tickets
2024-09-29,Foods,1416.0,Restaurant dinner
09/02/2022,Utlities,2138.0,ATM withdrawal
10-02-24,Fod,4123.0,Grocery shopping
2023-02-13,TRAVEL,4330.0,Coffee
,Educaton,2620.0,Coffee
06-03-22,Rnt,1185.0,test
30-06-22,Freelance,14593.0,EMI payment
2022-04-22,Rnt,8265.0,Electricity bill
03-06-2024,Utility,4574.0,Doctor consultation
02/12/2022,Foodd,1242.0,Fixed deposit
24-06-22,Freelance,44317.0,Gym membership
2022-06-06,Savings,8107.0,Uber ride
,Rnt,8050.0,Movie tickets
26-03-2021,Entrtnmnt,7235.0,EMI payment
06/18/2022,Utility,3954.0,Electricity bill
21-06-2021,FOOD,5826.0,Lunch
2022-11-05,Rnt,5693.0,ATM withdrawal
2024-03-30,Rentt,32666.0,Movie tickets
19-07-23,Foods,2474.0,Petrol
17-05-23,Foodd,1200.0,asdfgh
17-06-2022,Food,1838.0,test
2023-06-11,utilities,4076.0,Books
18-09-23,Rnt,5541.0,Restaurant dinner
05/30/2024,Rnt,1639.0,Monthly rent payment
2021-08-05,Saving,3262.0,test
2023-08-07,Education,,ATM withdrawal
2022-02-25,Utility,3754.0,Electricity bill
2021-05-15,Travl,5604.0,xyz123
05/31/2023,utilities,8050.0,Uber ride
2022-11-06,RENT,636.0,Coffee
10/07/2021,RENT,101.0,Lunch
,Freelance,79833.0,Medicine
2021-01-18,Food,2171.0,Medicine
29-10-22,Travel,1709.0,Gym membership
05/06/2022,Fod,1057.0,Electricity bill
07/28/2022,TRAVEL,2842.0,xyz123
20-03-2022,Travel,8443.0,Electricity bill
12-02-21,FOOD,8764.0,Electricity bill
2024-07-25,travel,7676.0,test
2024-02-19,Traval,9234.0,Restaurant dinner
2021-01-27,EDU,6894.0,Books
26-07-22,RENT,7273.0,Shopping
2023-04-15,EDU,8795.0,Electricity bill
06/17/2022,Entertainment,8822.0,Lunch
08-01-23,Foods,1697.0,Grocery shopping
,OTHERS,4219.0,Restaurant dinner
2021-07-15,RENT,,Movie tickets
01-07-22,Educaton,9846.0,Gym membership
09/04/2022,Foods,3489.0,Petrol
04/13/2023,Travl,3465.0,Restaurant dinner
04/22/2021,Travl,,ATM withdrawal
2023-07-23,RENT,4733.0,ATM withdrawal
10/20/2021,Rentt,49129.0,Restaurant dinner
10/15/2024,Entrtnmnt,7112.0,Uber ride
2022-01-12,Entertainment,7550.0,xyz123
10/18/2022,Fod,7468.0,xyz123
2022-04-06,Freelance,23778.0,Fixed deposit
09/05/2021,Fod,7659.0,Electricity bill
2021-12-08,Others,75601.0,Internet bill
2021-12-18,Foodd,1379.0,Movie tickets
11/02/2021,Investment,60074.0,Petrol
23-05-23,Bonus,43616.0,Shopping
04-12-2024,Food,1251.0,xyz123
03/20/2024,Rnt,5421.0,Internet bill
05-05-24,entertainment,5452.0,Lunch
2021-11-27,Fod,659.0,Online course
01/27/2024,Salary,77508.0,asdfgh
01/08/2024,Rentt,22725.0,Books
10-10-2022,Others,45451.0,Gym membership
31-03-2022,EDU,6459.0,Doctor consultation
09-11-23,Fod,,Electricity bill
,RENT,2118.0,Electricity bill
2021-08-09,Foods,3616.0,misc
08/23/2022,RENT,6861.0,Movie tickets
2021-02-13,Bonus,65888.0,Grocery shopping
17-04-2024,Entertainment,3091.0,test
2023-04-21,Utility,0.0,Grocery shopping
2023-04-27,OTHERS,896.0,Coffee
2022-11-02,Investment,73222.0,asdfgh
2022-06-14,Bonus,42605.0,EMI payment
2023-05-14,Entertainment,601.0,Coffee
07/06/2022,Fod,6940.0,Gym membership
2023-08-17,Foods,2748.0,ATM withdrawal
11/10/2022,travel,9372.0,!!!
10/26/2021,Travel,8231.0,Fixed deposit
19-09-2022,Salary,67978.0,Gym membership
2022-07-28,food,129.0,EMI payment
04-07-2024,Entertainment,8304.0,Medicine
27-08-2024,education,7729.0,Monthly rent payment
2022-12-19,SAVINGS,5013.0,Petrol
29-09-21,travel,1029.0,Shopping
2022-12-17,Fod,3123.0,EMI payment
06/13/2022,RENT,4522.0,Uber ride
13-10-21,Education,2662.0,misc
2023-05-08,Rnt,1646.0,Doctor consultation
2023-12-10,Travl,3466.0,Books
08-12-22,Rent,37714.0,Books
2023-11-25,Investment,22841.0,!!!
2022-09-12,education,8324.0,Online course
21-06-2023,Foodd,338.0,Fixed deposit
05/17/2023,Salary,,Train ticket
12/21/2023,Travl,7616.0,Doctor consultation
2024-08-11,RENT,2970.0,Electricity bill
,Utility,6996.0,Uber ride
09/23/2022,RENT,5434.0,!!!
2023-05-23,Utilties,9268.0,Coffee
08-01-24,Others,816412.0,Medicine
27-06-2021,entertainment,9947.0,Uber ride
2021-06-22,EDU,9379.0,Books
05/19/2023,RENT,387.0,!!!
01/08/2023,Others,75854.0,ATM withdrawal
13-05-24,Investment,47205.0,Movie tickets
02/11/2021,health,4891.0,Books
12/15/2021,TRAVEL,9135.0,asdfgh
20-03-2024,Travl,2946.0,Medicine
2021-12-27,Foods,4476.0,EMI payment
2022-11-20,Foods,3061.0,Doctor consultation
22-11-21,Fod,9116.0,test
2021-08-07,TRAVEL,1039.0,Petrol
2024-06-28,Foods,880.0,Gym membership
11-07-22,FOOD,5315.0,Books
02/05/2022,Others,32684.0,Petrol
11/19/2021,Travl,9183.0,Medicine
2022-03-22,Utilties,1104.0,Fixed deposit
06/23/2022,Freelance,51333.0,Electricity bill
04-08-22,FOOD,2670.0,Electricity bill
2023-05-12,Rnt,1304.0,Uber ride
2022-06-13,SAVINGS,,Grocery shopping
10-02-21,education,5011.0,Grocery shopping
10/14/2023,Rentt,15313.0,Restaurant dinner
28-03-2022,Helth,9058.0,Monthly rent payment
21-03-2021,rent,484.0,asdfgh
2021-08-29,TRAVEL,5249.0,Online course
12/01/2024,Misc,3868.0,Online course
08/24/2024,Investment,31531.0,test
11/06/2024,Traval,6950.0,Books
03/14/2023,Bonus,23255.0,EMI payment
01-10-2023,Salary,40318.0,Books
11/02/2024,food,6613.0,Electricity bill
09/04/2022,Fod,3031.0,test
08/19/2023,Rent,36791.0,Online course
2022-05-01,Others,4569.0,Movie tickets
16-09-2021,Entertainment,1504.0,Shopping
11/14/2024,Foodd,299.0,test
15-09-23,food,9204.0,Grocery shopping
23-05-21,Investment,19094.0,Petrol
01-02-24,Traval,2744.0,!!!
2021-10-08,Investment,,test
26-09-23,Foods,4622.0,Books
2023-05-15,rent,6741.0,Movie tickets
,TRAVEL,3078.0,xyz123
04/09/2022,education,6731.0,Lunch
04/03/2024,Investment,35429.0,Restaurant dinner
23-09-2022,Educaton,7984.0,Grocery shopping
12/28/2022,Education,4333.0,Grocery shopping
2022-12-17,Entertainment,1439.0,test
,education,2763.0,Electricity bill
12/24/2024,Freelance,64305.0,Train ticket
17-08-22,Others,10062.0,Movie tickets
17-10-24,Fod,8099.0,Doctor consultation
28-12-24,Traval,948.0,EMI payment
,Entertainment,138.0,Doctor consultation
2022-04-20,Foods,2917.0,Restaurant dinner
20-03-21,Rentt,41586.0,Doctor consultation
2023-06-21,Utilties,7109.0,Monthly rent payment
2022-01-10,travel,2162.0,Petrol
26-05-2023,Entertain,6275.0,Shopping
18-08-24,Travel,3905.0,Online course
2022-01-21,Salary,27197.0,misc
08/14/2024,Other,4330.0,ATM withdrawal
2022-05-20,Bonus,310817.0,Lunch
2022-01-07,Freelance,12054.0,Fixed deposit
2022-10-22,RENT,3926.0,Movie tickets
19-05-22,Traval,413.0,Train ticket
07/21/2023,food,9025.0,asdfgh
2022-10-15,Foods,4525.0,EMI payment
04-01-22,FOOD,1414.0,Petrol
13-09-22,Travl,6950.0,Medicine
06/16/2024,Food,3378.0,ATM withdrawal
10/26/2021,Rnt,8046.0,Restaurant dinner
03/03/2023,rent,6477.0,Gym membership
11/28/2022,Education,2602.0,Monthly rent payment
2022-06-18,Utilties,9771.0,Monthly rent payment
2022-12-12,Rentt,34751.0,Internet bill
2024-04-17,Others,58332.0,Uber ride
12-05-2024,Utilties,3812.0,Medicine
2021-07-26,rent,4957.0,xyz123
01/17/2023,Rentt,45803.0,xyz123
2024-09-08,utilities,1959.0,Gym membership
05/20/2022,Foodd,1405.0,Uber ride
2024-04-13,Travl,2580.0,Uber ride
02/27/2024,Utlities,3101.0,test
02/27/2022,Rent,31198.0,Movie tickets
07-07-23,Health,6678.0,Fixed deposit
2023-06-05,Salary,67808.0,Medicine
01/19/2021,Foodd,1978.0,Internet bill
20-04-21,Utlities,9878.0,Books
10/19/2023,Food,3920.0,Shopping
02/20/2023,Utilities,342.0,misc
2024-08-09,Salary,30978.0,Lunch
28-05-24,Foods,1591.0,asdfgh
20-02-21,entertainment,328.0,Movie tickets
2022-07-22,Salary,56804.0,Electricity bill
11-01-2023,Rnt,5350.0,Fixed deposit
28-03-22,savings,7727.0,Fixed deposit
18-07-24,EDU,6852.0,test
01/09/2024,Traval,5088.0,Gym membership
2021-09-20,Utlities,5535.0,Lunch
06/22/2022,TRAVEL,9004.0,Uber ride
2024-05-20,Rentt,17794.0,Train ticket
02/26/2024,TRAVEL,931.0,Movie tickets
2024-05-20,Rentt,17794.0,Train ticket
23-12-2022,rent,931.0,Shopping
2021-03-11,Utilties,2095.0,Train ticket
22-02-21,RENT,1823.0,Doctor consultation
08/20/2021,FOOD,3484.0,xyz123
04-08-24,Freelance,29952.0,Movie tickets
2021-08-05,Bonus,27877.0,Gym membership
12/09/2023,Fod,7409.0,Online course
2024-08-13,Rnt,8371.0,EMI payment
2023-04-12,Salary,73422.0,Monthly rent payment
02-12-24,Rent,999999.0,Gym membership
2024-05-29,Fod,4210.0,Uber ride
2024-06-25,Rnt,5280.0,Electricity bill
12-10-24,Freelance,55580.0,Shopping
24-04-2022,Foods,1670.0,EMI payment
22-11-21,RENT,5557.0,Monthly rent payment
2023-06-02,RENT,3427.0,Electricity bill
01/08/2024,Utilities,4064.0,Movie tickets
2023-03-11,Education,7988.0,Fixed deposit
12/24/2021,Salary,33416.0,Fixed deposit
03/08/2021,TRAVEL,2562.0,Internet bill
2023-01-21,Utlities,8088.0,Coffee
02/13/2021,RENT,6650.0,Grocery shopping
2021-08-15,Travl,3247.0,Medicine
13-03-22,Foods,4818.0,Medicine
2021-12-25,Travel,1683.0,Online course
2023-03-17,Freelance,50775.0,test
02-05-2022,Entrtnmnt,9589.0,Monthly rent payment
2023-02-16,Travel,5552.0,Coffee
2022-09-17,utilities,4644.0,Gym membership
12/23/2024,Helth,3675.0,misc
12/26/2021,Entrtnmnt,0.0,ATM withdrawal
23-11-2022,RENT,7020.0,Shopping
04-06-21,Utlities,3012.0,Medicine
,Savings,8987.0,Uber ride
2023-07-21,Freelance,459085.0,Internet bill
2022-02-01,Utilities,8615.0,Lunch
05/12/2024,Foods,1315.0,Internet bill
11/26/2022,Fod,8293.0,Fixed deposit
18-11-23,Travl,2280.0,Books
20-09-21,food,5530.0,Shopping
03/16/2022,EDU,6239.0,Coffee
10/20/2023,Salary,29482.0,Doctor consultation
2021-09-12,rent,1906.0,Grocery shopping
01-04-2024,Traval,8325.0,Restaurant dinner
2024-01-18,Investment,782862.0,test
06/11/2023,SAVINGS,1231.0,xyz123
2023-05-25,others,8498.0,!!!
12/03/2021,food,2808.0,misc
10/08/2024,savings,3688.0,Electricity bill
2024-12-08,food,5289.0,EMI payment
10/09/2021,Investment,38031.0,Movie tickets
06/16/2022,RENT,1379.0,asdfgh
2022-03-04,utilities,4723.0,Petrol
07/05/2024,Utilties,8746.0,!!!
2023-12-11,entertainment,,!!!
12/24/2024,Educaton,2747.0,Books
14-01-24,RENT,5132.0,test
02/21/2024,Foods,3262.0,Coffee
22-07-2021,Utility,789.0,EMI payment
2022-08-19,SAVINGS,6124.0,Online course
29-06-2024,Utilties,5150.0,Gym membership
2022-08-17,Entertain,6791.0,asdfgh
2023-06-24,Rnt,4974.0,xyz123
02/01/2022,Fod,7742.0,Grocery shopping
2024-01-14,Entrtnmnt,,Shopping
,Utility,6862.0,Monthly rent payment
01/06/2023,travel,604.0,Electricity bill
02/05/2023,savings,9372.0,Gym membership
10-05-2022,Utility,4000.0,Shopping
,Rnt,6665.0,EMI payment
11/28/2023,RENT,3435.0,Online course
08-02-24,Freelance,58106.0,EMI payment
2024-06-17,Entertainment,8162.0,Medicine
03/08/2023,Travel,4907.0,Lunch
2023-10-14,Utlities,3573.0,asdfgh
30-06-23,Rnt,635.0,!!!
2023-05-12,Educaton,128.0,Monthly rent payment
12/04/2023,education,7321.0,Monthly rent payment
09/30/2023,Foodd,4035.0,Restaurant dinner
2023-10-26,Educaton,6081.0,Petrol
10/14/2022,Rent,29153.0,misc
12/03/2022,Investment,53332.0,Internet bill
12/21/2024,food,1710.0,Uber ride
2024-01-08,Utilities,9864.0,Internet bill
12/15/2021,rent,7174.0,Medicine
01/30/2024,Utilties,544.0,Medicine
19-10-2024,Travl,2838.0,Medicine
2021-01-31,Foods,3226.0,Train ticket
17-09-24,Travl,951.0,Fixed deposit
2023-02-15,Rent,16219.0,Lunch
2021-04-14,Freelance,22666.0,xyz123
2024-08-12,Others,3718.0,Restaurant dinner
11/05/2021,Foodd,2978.0,ATM withdrawal
24-03-2021,TRAVEL,1864.0,Coffee
2023-02-21,Utilties,4523.0,asdfgh
07/12/2023,Rentt,12318.0,Coffee
07/27/2021,RENT,4102.0,ATM withdrawal
28-04-21,EDU,5581.0,Movie tickets
10-08-2022,Utilities,3108.0,ATM withdrawal
07-02-24,Entertain,3438.0,Electricity bill
10/18/2023,Entrtnmnt,7485.0,Electricity bill
23-05-21,HEALTH,2344.0,test
08/06/2021,Traval,1103.0,Books
15-02-21,FOOD,1773.0,Monthly rent payment
2023-10-21,Food,3975.0,xyz123
08-10-21,Food,4554.0,Gym membership
18-04-23,Entertain,2080.0,Electricity bill
07-10-2023,Investment,44131.0,misc
07/17/2022,Salary,42147.0,!!!
2021-08-10,Salary,13777.0,Petrol
09-03-21,Utlities,8430.0,Gym membership
2022-07-23,FOOD,999999.0,Gym membership
29-04-24,Bonus,58012.0,ATM withdrawal
,Savings,170.0,Monthly rent payment
2024-05-22,Utilties,6226.0,test
06/11/2024,Utility,9556.0,Doctor consultation
10/13/2021,Fod,7406.0,Medicine
2024-10-15,Utilities,3377.0,misc
2022-08-02,Foodd,1112.0,Books
2023-02-26,Investment,73568.0,test
30-05-21,travel,6610.0,Medicine
28-06-2021,TRAVEL,1018.0,ATM withdrawal
2023-12-14,travel,5561.0,Uber ride
2022-11-08,Utility,409.0,Electricity bill
2024-07-31,Travl,4985.0,Train ticket
2023-02-22,Entertainment,3076.0,Monthly rent payment
06/02/2024,Helth,7572.0,Restaurant dinner
12/20/2021,Utilties,2900.0,Monthly rent payment
13-12-2023,Food,1360.0,Monthly rent payment
2023-02-23,Rnt,5845.0,xyz123
05/13/2021,Foods,4807.0,xyz123
2021-07-08,Travl,5048.0,Lunch
2022-10-31,Utilties,6228.0,ATM withdrawal
2023-01-05,utilities,4832.0,Train ticket
27-04-22,Foodd,3022.0,xyz123
2022-06-24,Foodd,2357.0,Gym membership
15-04-21,Salary,15555.0,Fixed deposit
08-07-2021,Utility,8433.0,Electricity bill
20-07-22,Entertain,9364.0,Medicine
01/19/2024,Saving,2250.0,Train ticket
20-04-22,Travel,3168.0,misc
19-08-22,Food,432.0,!!!
15-09-21,Rent,7537.0,Restaurant dinner
27-05-24,Bonus,52691.0,Movie tickets
24-06-22,Others,,Fixed deposit
2023-11-27,FOOD,2443.0,Lunch
2021-12-18,Rentt,13427.0,Grocery shopping
28-04-22,Educaton,3852.0,Movie tickets
26-11-2021,Fod,5693.0,Internet bill
2021-09-19,TRAVEL,8723.0,Coffee
09/15/2024,HEALTH,1203.0,Online course
2024-09-24,Educaton,1247.0,Electricity bill
05/17/2021,utilities,5070.0,!!!
2022-06-14,FOOD,1258.0,Online course
2022-01-26,SAVINGS,7832.0,Electricity bill
04-04-24,TRAVEL,1785.0,Electricity bill
06/18/2021,Rnt,9292.0,asdfgh
07/01/2021,Foodd,3091.0,misc
02-02-24,Utilties,6261.0,ATM withdrawal
06/18/2024,Educaton,8472.0,Lunch
25-11-22,Utilties,6662.0,misc
2022-01-02,Foodd,4368.0,EMI payment
2021-11-29,Entrtnmnt,7568.0,Fixed deposit
2022-02-06,Rent,43387.0,Monthly rent payment
2021-05-05,Freelance,60979.0,asdfgh
10/18/2022,Helth,2541.0,test
02/04/2024,Utilities,5841.0,xyz123
2024-10-02,Food,3826.0,xyz123
01/06/2022,Investment,43006.0,Internet bill
2024-09-15,Others,66394.0,Medicine
2022-10-03,Investment,29568.0,ATM withdrawal
2024-03-12,Rnt,7091.0,Doctor consultation
07/20/2024,Salary,35930.0,Monthly rent payment
2022-08-25,Rnt,6278.0,Monthly rent payment
01/13/2023,Food,4479.0,xyz123
2021-11-12,Fod,4222.0,Restaurant dinner
08-07-22,Investment,19576.0,asdfgh
02/27/2022,RENT,4808.0,Online course
2024-09-25,Food,2508.0,Restaurant dinner
2021-06-07,Travl,1227.0,Petrol
2023-12-22,Rent,47588.0,Monthly rent payment
2021-10-10,rent,460.0,Gym membership
02/24/2022,Food,259.0,Monthly rent payment
2024-09-08,Helth,2452.0,Grocery shopping
30-10-23,RENT,6326.0,Electricity bill
2022-08-03,Entrtnmnt,8247.0,Uber ride
,Utilities,9345.0,Petrol
05/24/2022,education,5178.0,Medicine
29-10-2022,Fod,2058.0,Fixed deposit
2023-11-22,RENT,2204.0,!!!
2024-05-03,TRAVEL,5004.0,Shopping
10-02-24,Investment,37501.0,Doctor consultation
02-01-23,Utilties,-500.0,Shopping
06-07-21,FOOD,8300.0,Books
25-12-21,Fod,,Medicine
2022-01-02,Utilities,2493.0,EMI payment
11/06/2024,food,1669.0,Uber ride
19-05-21,Rentt,35278.0,Lunch
2022-08-18,FOOD,1373.0,Electricity bill
2022-07-06,Bonus,41429.0,ATM withdrawal
,HEALTH,4288.0,xyz123
12/10/2023,TRAVEL,1716.0,Coffee
2021-05-30,utilities,8101.0,Fixed deposit
24-01-2024,travel,0.0,ATM withdrawal
11/09/2023,education,3456.0,Restaurant dinner
10-02-21,FOOD,9609.0,test
2022-01-19,travel,8773.0,test
2022-12-09,food,5854.0,Petrol
04/05/2023,Utilties,3973.0,Doctor consultation
2024-06-30,Foodd,4780.0,Grocery shopping
2023-05-16,Traval,5933.0,Train ticket
26-09-2022,Investment,30258.0,Doctor consultation
01-03-2022,Entertain,4388.0,Restaurant dinner
04/18/2021,Bonus,42493.0,xyz123
23-08-23,travel,3869.0,Coffee
2021-02-03,Utlities,1095.0,Coffee
01/26/2023,Rent,25950.0,Grocery shopping
23-12-22,Utility,8412.0,Gym membership
06/15/2022,Saving,5195.0,Grocery shopping
2021-04-27,Food,1397.0,Train ticket
2024-01-31,Others,44788.0,Gym membership
06/11/2021,savings,2221.0,!!!
27-08-22,travel,7115.0,Fixed deposit
2022-02-16,food,3557.0,Doctor consultation
2021-09-16,Fod,9007.0,Online course
05/24/2022,Food,1908.0,test
2021-11-08,Rent,,xyz123
16-05-23,Education,9570.0,ATM withdrawal
26-08-24,Foods,1536.0,asdfgh
20-06-22,Utlities,3476.0,Books
11/24/2021,Fod,5198.0,Uber ride
22-08-24,utilities,2168.0,Electricity bill
04/30/2024,HEALTH,6549.0,ATM withdrawal
2021-11-05,education,1130.0,Train ticket
2021-07-19,Investment,11323.0,Books
19-09-22,Others,58453.0,Train ticket
04-07-2022,Education,9651.0,ATM withdrawal
2023-06-24,utilities,1926.0,xyz123
2022-03-17,Rentt,28183.0,Electricity bill
2024-05-21,entertainment,1065.0,Electricity bill
03-03-24,Food,1815.0,Restaurant dinner
02/25/2021,Entrtnmnt,5081.0,Electricity bill
11/10/2023,Others,59543.0,Gym membership
2023-01-11,Bonus,19991.0,Train ticket
2021-08-17,Rent,7149.0,Grocery shopping
2024-11-07,Foodd,4640.0,!!!
2021-10-18,health,289.0,Monthly rent payment
2021-03-17,Saving,4922.0,Internet bill
2021-07-04,Investment,65697.0,asdfgh
2021-01-07,Rnt,4960.0,!!!
23-09-2024,HEALTH,2513.0,Books
10/05/2022,Utilties,1151.0,asdfgh
2022-03-12,Travl,7892.0,Shopping
21-01-2023,Rentt,,Shopping
12/17/2021,Traval,8568.0,Online course
2021-05-20,food,4512.0,Uber ride
2023-10-16,FOOD,6165.0,Movie tickets
12/09/2021,Savings,6703.0,Monthly rent payment
2024-03-11,Foodd,174.0,Petrol
03/21/2024,Others,59928.0,Coffee
2023-10-28,Utilties,4292.0,Medicine
06/02/2021,Utility,9762.0,Movie tickets
2024-06-05,Traval,3341.0,ATM withdrawal
2022-09-26,food,5984.0,Petrol
09-12-21,Salary,38299.0,xyz123
2023-05-07,Others,14036.0,Movie tickets
2024-04-17,Entrtnmnt,7397.0,Coffee
2022-06-17,Travel,4897.0,Internet bill
05-03-21,rent,9431.0,Uber ride
01/24/2024,Rent,24769.0,ATM withdrawal
2022-04-15,Educaton,999999999.0,!!!
2021-12-25,Health,8575.0,Movie tickets
10/04/2024,Entrtnmnt,7696.0,Coffee
04/26/2024,Salary,52838.0,!!!
2023-10-21,food,6555.0,asdfgh
2022-06-30,Freelance,66829.0,Uber ride
14-03-2022,rent,9833.0,ATM withdrawal
2024-11-21,travel,1699.0,Online course
2024-07-21,Others,79575.0,Restaurant dinner
13-07-23,Travl,2082.0,Grocery shopping
25-11-2023,Travel,9240.0,asdfgh
09/06/2021,SAVINGS,1254.0,Petrol
2021-06-08,Others,23875.0,misc
04/26/2021,Travl,3247.0,Monthly rent payment
11-09-2022,Rentt,18126.0,Lunch
2023-02-23,Foodd,4738.0,Books
21-05-2022,Travl,7130.0,Restaurant dinner
01-04-24,FOOD,1289.0,test
03/02/2023,Education,9037.0,Gym membership
08/23/2022,Utilities,8401.0,Medicine
03/20/2021,FOOD,1327.0,misc
12-08-2022,Travel,9979.0,Online course
2021-07-01,Entertainment,5029.0,xyz123
14-10-23,Utlities,6375.0,Doctor consultation
10-01-2022,Foods,2176.0,Movie tickets
09-10-24,RENT,8293.0,misc
07/08/2024,Bonus,17389.0,Uber ride
11/16/2022,Freelance,75843.0,Online course
2022-05-20,Utlities,7358.0,ATM withdrawal
15-01-24,Others,412.0,Doctor consultation
12-03-24,Freelance,33176.0,Petrol
11/29/2023,Food,485.0,test
04/18/2023,Rnt,6722.0,Train ticket
2024-06-12,Food,3531.0,Doctor consultation
08/02/2022,OTHERS,9891.0,xyz123
05/17/2024,Entrtnmnt,4376.0,Gym membership
01-11-23,Education,5269.0,asdfgh
27-06-2022,FOOD,1930.0,Train ticket
07-07-2022,Fod,4879.0,!!!
,Foodd,1329.0,Coffee
2023-07-03,Foodd,0.0,Restaurant dinner
25-04-2022,Freelance,56269.0,!!!
2023-04-26,entertainment,2827.0,Online course
06/22/2021,Health,7023.0,Monthly rent payment
2022-09-12,Fod,1546.0,Internet bill
01/17/2022,Utilties,8526.0,Gym membership
2022-04-30,EDU,4701.0,xyz123
01/30/2023,Rent,19407.0,Train ticket
2021-08-28,RENT,575.0,asdfgh
06/12/2023,EDU,187.0,Books
2022-04-07,travel,,Fixed deposit
30-12-2022,rent,2896.0,asdfgh
2024-09-23,Travel,7322.0,Movie tickets
2021-09-14,Foods,2889.0,Restaurant dinner
19-02-2024,Helth,1275.0,Gym membership
10/30/2023,Foodd,3995.0,ATM withdrawal
11-08-23,Entertain,638.0,Lunch
2024-05-21,Foods,,Internet bill
2023-05-12,Bonus,365282.0,EMI payment
2022-01-25,Salary,36962.0,Shopping
04-10-2024,Rent,20467.0,Fixed deposit
,Education,8621.0,Monthly rent payment
2023-05-31,Educaton,7388.0,!!!
24-01-2024,FOOD,8523.0,Grocery shopping
23-02-24,Utility,8145.0,Monthly rent payment
2021-01-04,Freelance,54312.0,Online course
2023-11-12,Rent,21272.0,misc
2022-08-20,FOOD,9581.0,Movie tickets
08/08/2023,TRAVEL,559.0,Books
03/09/2022,Helth,6727.0,!!!
11/30/2021,Salary,56832.0,Movie tickets
09-05-22,FOOD,4051.0,Shopping
31-12-24,education,8868.0,asdfgh
2021-04-23,Freelance,53888.0,Electricity bill
01/07/2022,rent,5796.0,Electricity bill
2022-01-04,Rentt,26260.0,ATM withdrawal
01-07-22,Rentt,5970.0,Online course
09-11-21,Food,2076.0,Shopping
05/04/2021,Education,8245.0,ATM withdrawal
2021-05-15,food,8136.0,Coffee
2022-07-05,Traval,1007.0,ATM withdrawal
2023-07-23,Entertainment,8290.0,Coffee
,Others,818854.0,Shopping
10/15/2022,FOOD,7670.0,Movie tickets
09-09-22,Foodd,3197.0,Restaurant dinner
02/21/2021,Entertain,4067.0,Movie tickets
2024-03-20,Utilities,2919.0,Electricity bill
14-02-2022,Bonus,48704.0,Restaurant dinner
2024-04-12,Utility,7463.0,!!!
24-10-22,utilities,1259.0,Online course
13-04-21,Health,3493.0,Restaurant dinner
2022-01-31,Travel,-1000.0,Coffee
2024-10-31,Utlities,934.0,Fixed deposit
2021-08-05,Foodd,3813.0,EMI payment
07-10-22,Utilties,8498.0,Shopping
2023-09-14,Freelance,55338.0,Uber ride
30-11-24,Savings,2655.0,Gym membership
01/11/2023,Travl,6844.0,Shopping
07/20/2023,Entertainment,999999.0,Restaurant dinner
13-02-2021,Foodd,886.0,Internet bill
30-10-2021,rent,4716.0,Doctor consultation
13-02-24,Rent,14825.0,Books
08/12/2022,Freelance,386183.0,misc
11-04-2021,Foodd,3585.0,Grocery shopping
2021-12-08,food,2222.0,test
08/27/2021,TRAVEL,9783.0,Doctor consultation
,FOOD,2854.0,test
09/15/2024,rent,3538.0,Doctor consultation
2023-09-17,Rnt,4542.0,!!!
09-09-2022,FOOD,,Coffee
2024-01-23,Entertain,7393.0,Online course
21-09-21,Travl,9832.0,Electricity bill
07/28/2021,Rentt,21280.0,Medicine
04-11-22,Investment,73956.0,Gym membership
22-09-2021,food,5835.0,xyz123
2021-11-14,Entertain,5866.0,Doctor consultation
30-03-23,Salary,33783.0,Gym membership
2024-01-18,Rentt,27774.0,!!!
13-09-22,rent,983.0,Gym membership
2023-12-07,Travl,3790.0,Fixed deposit
01/13/2024,FOOD,4451.0,Doctor consultation
07-03-2021,Rent,8467.0,Gym membership
11-12-21,Bonus,37773.0,Petrol
09/18/2024,Freelance,21409.0,Shopping
2024-04-21,Travl,1499.0,!!!
2023-09-17,Rentt,38688.0,EMI payment
02/12/2021,food,6859.0,EMI payment
12/06/2024,Salary,107734.0,Shopping
11/01/2024,Bonus,12380.0,Shopping
11/01/2023,Utlities,8614.0,xyz123
01/06/2024,Rentt,14410.0,misc
27-02-23,entertainment,8471.0,Coffee
16-09-24,FOOD,2133.0,test
2023-01-30,Others,77582.0,!!!
10/23/2024,Others,45360.0,Shopping
01/13/2021,Others,1845.0,ATM withdrawal
17-11-2021,Foodd,4142.0,Petrol
17-09-2023,Freelance,61926.0,Movie tickets
2024-04-24,Traval,8099.0,asdfgh
2023-04-07,Food,2532.0,Movie tickets
2022-06-17,Entrtnmnt,3769.0,EMI payment
2023-09-22,Rent,36134.0,Online course
03/03/2022,Entrtnmnt,9044.0,Coffee
2022-01-06,Savings,1050.0,test
2021-03-13,Food,440.0,!!!
05/15/2022,Rent,47954.0,Electricity bill
18-04-24,utilities,2902.0,Doctor consultation
11-01-23,Salary,45181.0,Grocery shopping
2021-10-14,Rnt,3663.0,Train ticket
2021-03-19,Entertain,4398.0,Electricity bill
,rent,7556.0,test
01/23/2023,Foodd,2659.0,Movie tickets
10-12-24,Utilities,-1000.0,Gym membership
12/19/2022,Fod,842.0,Books
2023-08-29,Foodd,980.0,Fixed deposit
2022-02-27,Food,,misc
20-02-21,Others,67474.0,EMI payment
2022-08-11,Fod,-500.0,Electricity bill
2021-04-23,health,5987.0,asdfgh
09-04-23,Others,35347.0,test
,Others,78185.0,Online course
03/03/2021,Rent,13246.0,ATM withdrawal
18-04-24,travel,6683.0,Lunch
17-05-2022,rent,9477.0,Shopping
07/21/2024,FOOD,425.0,Doctor consultation
2021-08-18,Freelance,48888.0,!!!
2022-06-22,Foodd,1301.0,Coffee
11/28/2021,Rent,33370.0,Doctor consultation
04-09-22,Others,75671.0,Online course
2022-01-07,Utilties,5210.0,Online course
31-10-24,Rent,7179.0,Shopping
01/11/2024,education,5861.0,Lunch
08/03/2022,food,7480.0,ATM withdrawal
06/02/2024,travel,999999.0,!!!
2023-01-26,Utlities,8132.0,Grocery shopping
27-11-23,RENT,,EMI payment
2021-11-13,Foodd,1397.0,Books
2021-12-15,Education,4169.0,misc
2023-10-19,Utilities,2572.0,Electricity bill
2024-06-10,Traval,4406.0,Electricity bill
03-01-24,Helth,9862.0,test
04/30/2022,Fod,,asdfgh
2024-12-29,FOOD,5286.0,Internet bill
17-07-22,health,565.0,Shopping
10/20/2022,Foodd,1920.0,test
2021-05-24,Freelance,79605.0,Internet bill
07-11-2022,rent,314.0,Uber ride
22-11-24,Freelance,962863.0,Lunch
2022-05-23,Others,78356.0,Books
,Travl,9465.0,Restaurant dinner
2021-12-15,Bonus,55365.0,xyz123
06-03-2022,Salary,62437.0,Doctor consultation
,education,7716.0,Electricity bill
05/20/2021,Investment,39070.0,Lunch
14-01-23,TRAVEL,230.0,Movie tickets
2024-11-22,Investment,16678.0,ATM withdrawal
05/20/2023,Utilities,7249.0,test
19-07-24,Fod,217.0,misc
02/08/2022,Food,361.0,Lunch
2022-07-19,food,7284.0,Shopping
20-06-22,Utilities,6490.0,Doctor consultation
2022-02-06,TRAVEL,973.0,Movie tickets
2022-01-06,travel,9335.0,asdfgh
26-12-23,Utility,6027.0,Movie tickets
11/12/2024,Investment,25315.0,Coffee
2021-11-07,Foodd,1618.0,Internet bill
2023-10-29,travel,9715.0,Online course
01/08/2024,Traval,434.0,Books
15-09-2023,food,5310.0,!!!
11-11-23,Rentt,18309.0,Grocery shopping
2023-11-29,Rentt,13000.0,Doctor consultation
29-12-22,Education,8034.0,asdfgh
23-08-2023,Food,2608.0,xyz123
2022-05-05,Utility,4406.0,Monthly rent payment
03-12-2021,entertainment,7085.0,test
2021-04-21,Rnt,7882.0,EMI payment
12/16/2023,Fod,5229.0,Train ticket
2024-01-13,Freelance,49713.0,test
2021-11-11,Fod,5795.0,EMI payment
09/08/2022,entertainment,3432.0,Train ticket
05/13/2024,Rnt,6119.0,Doctor consultation
02/04/2021,EDU,6618.0,xyz123
27-12-2022,Savings,4132.0,Movie tickets
2022-09-11,Investment,46170.0,Shopping
2021-08-23,Travel,6421.0,Internet bill
2021-09-22,Freelance,79791.0,xyz123
2021-05-16,Rnt,7809.0,Internet bill
10/06/2022,Entrtnmnt,1148.0,Movie tickets
01-01-2021,utilities,6574.0,ATM withdrawal
20-10-21,Travl,1931.0,Monthly rent payment
2024-04-22,Fod,8873.0,Uber ride
27-08-2024,Rentt,14545.0,Doctor consultation
03/08/2021,Others,,Train ticket
2022-04-24,Misc,,Petrol
2021-12-14,Investment,56818.0,EMI payment
2021-06-28,Educaton,3562.0,Petrol
2024-07-31,Health,700.0,Coffee
07-08-23,Entrtnmnt,2278.0,misc
,Salary,56375.0,Online course
,FOOD,1731.0,Gym membership
27-08-22,Entertainment,6334.0,Books
2021-05-18,Education,3527.0,Electricity bill
06-03-2022,Foodd,3182.0,Coffee
31-12-2023,savings,9485.0,Grocery shopping
23-10-21,EDU,-1000.0,Online course
02/15/2021,Bonus,27184.0,Movie tickets
2021-04-18,Entrtnmnt,7091.0,Fixed deposit
01/16/2022,Education,8505.0,Internet bill
01/21/2024,Entertain,1255.0,Gym membership
2024-03-02,Utility,2164.0,Train ticket
01/18/2024,Utility,7960.0,Restaurant dinner
11/23/2024,Others,39016.0,ATM withdrawal
12/26/2022,FOOD,4651.0,xyz123
03-03-2022,Travel,9905.0,Restaurant dinner
01-09-2024,Entertain,6997.0,!!!
2021-10-14,health,6661.0,Uber ride
2022-01-22,Foodd,4223.0,Gym membership
02/07/2023,Utility,1981.0,Uber ride
2023-08-23,food,4322.0,xyz123
2024-07-29,food,9180.0,asdfgh
16-12-21,Food,1856.0,Fixed deposit
04/02/2023,Education,6197.0,Gym membership
07/08/2024,Rent,23284.0,Lunch
2024-05-13,Salary,15451.0,Grocery shopping
08/19/2024,Salary,75062.0,Shopping
03/24/2021,education,9107.0,Internet bill
18-03-22,Entertain,1657.0,Fixed deposit
09/22/2023,Travel,4627.0,ATM withdrawal
2023-03-26,rent,4433.0,Monthly rent payment
06/02/2022,Fod,6492.0,Coffee
09-12-22,Others,18457.0,Uber ride
2023-12-27,TRAVEL,,Coffee
21-04-24,FOOD,2507.0,Restaurant dinner
17-12-21,Food,1666.0,Grocery shopping
2024-04-23,Travl,5405.0,Monthly rent payment
08-01-21,Salary,37799.0,asdfgh
28-03-22,Food,2242.0,misc
04/19/2024,Rentt,6852.0,test
,Utlities,9849.0,Shopping
12/29/2023,Helth,9214.0,Train ticket
07-07-21,Utilities,1569.0,Petrol
2023-11-23,food,3794.0,ATM withdrawal
2021-05-10,Utility,9186.0,Train ticket
03/24/2021,Rentt,,misc
08-07-22,Food,3013.0,Train ticket
01/05/2022,Fod,4425.0,test
2023-01-02,Savings,8303.0,Gym membership
2021-01-18,RENT,9500.0,Internet bill
13-04-2024,travel,9238.0,Restaurant dinner
09-10-2023,Entrtnmnt,1624.0,misc
2024-08-22,Utilties,9308.0,asdfgh
05-11-21,FOOD,2898.0,Petrol
2024-05-03,Salary,32170.0,!!!
07/12/2021,Foods,4321.0,Internet bill
2024-12-27,Utlities,4619.0,EMI payment
30-03-22,food,3390.0,Doctor consultation
14-01-2021,entertainment,5529.0,Gym membership
02-07-2021,Entertain,3502.0,test
20-06-23,FOOD,7549.0,Gym membership
12/03/2023,RENT,,Uber ride
02/25/2023,utilities,2713.0,Uber ride
17-11-2024,Others,9135.0,Coffee
09/19/2023,TRAVEL,1319.0,Electricity bill
2023-03-03,Rnt,6173.0,Gym membership
09-02-2022,Entertainment,7542.0,Petrol
2022-11-27,Salary,67763.0,Shopping
,FOOD,5524.0,test
2024-08-03,Foods,4802.0,misc
2024-07-27,Rent,,Fixed deposit
2024-12-10,Investment,60900.0,Books
09/19/2022,Utility,7365.0,Coffee
03/08/2024,Rent,27330.0,xyz123
2023-05-09,Rentt,12479.0,xyz123
2022-03-30,food,1548.0,Medicine
2022-03-06,Educaton,5130.0,Medicine
,Freelance,21328.0,test
06-02-21,Bonus,64103.0,Medicine
05/26/2023,Bonus,21590.0,Fixed deposit
2023-01-16,entertainment,8343.0,Online course
2024-03-20,Others,59192.0,Lunch
10-12-22,Others,16854.0,Monthly rent payment
2024-11-28,Rnt,7801.0,Uber ride
08/09/2023,Rentt,,Fixed deposit
2022-01-04,Investment,45931.0,Coffee
03/10/2021,Foodd,3345.0,Gym membership
2024-10-16,utilities,2726.0,!!!
02/08/2022,EDU,2112.0,Doctor consultation
05/05/2024,Foodd,2086.0,xyz123
2021-04-25,Rent,12794.0,Petrol
16-09-23,Utilties,6850.0,test
06-07-23,Utlities,2884.0,Lunch
11/11/2022,Investment,12733.0,Electricity bill
29-05-21,Travel,3916.0,xyz123
2022-08-04,Savings,6826.0,Doctor consultation
2021-12-06,Entrtnmnt,3560.0,Internet bill
,Investment,48501.0,Lunch
,TRAVEL,2020.0,Fixed deposit
13-04-24,Others,24570.0,Fixed deposit
,Travel,584.0,Monthly rent payment
2023-05-09,Traval,,Fixed deposit
2022-01-22,Salary,72722.0,misc
,Foodd,4744.0,!!!
2024-10-17,Bonus,36373.0,Restaurant dinner
2022-06-22,Rnt,7229.0,Lunch
,Rentt,33966.0,Books
09-09-21,Entertainment,575.0,Online course
2022-03-17,Rnt,8162.0,asdfgh
23-02-24,rent,6587.0,Grocery shopping
12-01-24,Entrtnmnt,8945.0,Grocery shopping
2021-10-14,Entertain,7185.0,Online course
2023-05-06,Investment,33210.0,Petrol
21-07-21,Freelance,506415.0,Online course
2023-12-29,FOOD,,Coffee
05/14/2021,rent,7468.0,Gym membership
2021-10-20,travel,9420.0,Electricity bill
05-03-2022,health,6264.0,Petrol
2024-07-01,Investment,48693.0,Monthly rent payment
04/17/2022,Fod,6168.0,Grocery shopping
01/11/2024,Savings,5026.0,Coffee
2024-09-24,Rentt,48411.0,Doctor consultation
,Travel,9051.0,asdfgh
12/23/2021,utilities,420.0,Doctor consultation
,Educaton,6427.0,ATM withdrawal
10/20/2023,travel,7791.0,ATM withdrawal
2023-07-02,Foodd,2004.0,Fixed deposit
12-07-23,food,1144.0,Shopping
2023-06-27,TRAVEL,,Internet bill
10/13/2024,Rent,10139.0,Petrol
2021-07-24,Foods,1004.0,Restaurant dinner
10/04/2022,Education,4621.0,xyz123
04/06/2023,Food,4733.0,Monthly rent payment
05/01/2022,HEALTH,6162.0,Books
02/26/2022,Freelance,67963.0,Doctor consultation
07-11-21,FOOD,5967.0,Coffee
21-05-23,travel,6406.0,Uber ride
06/26/2022,Others,65760.0,Shopping
21-09-24,Utilities,2204.0,Fixed deposit
2023-11-20,RENT,502.0,Internet bill
19-04-23,Food,4069.0,Lunch
2023-01-06,rent,6176.0,Gym membership
02/21/2024,Foodd,3797.0,Books
2021-11-23,Utility,5708.0,Restaurant dinner
2023-05-02,Freelance,44732.0,Doctor consultation
12/02/2022,rent,957.0,Electricity bill
06/25/2021,Freelance,21967.0,Monthly rent payment
23-10-23,Foods,1575.0,Movie tickets
2021-12-27,SAVINGS,2782.0,Gym membership
2023-11-17,Travel,3607.0,Coffee
2024-02-07,Fod,2701.0,Internet bill
2021-08-26,Entertainment,8667.0,ATM withdrawal
07-05-2022,Foods,51.0,Shopping
,Others,65111.0,Electricity bill
2022-09-14,TRAVEL,8740.0,Electricity bill
06/18/2022,Traval,441.0,Uber ride
11/08/2023,RENT,493.0,ATM withdrawal
13-03-21,food,8767.0,Lunch
,utilities,8474.0,Gym membership
09/07/2024,rent,4862.0,asdfgh
2024-11-18,Rentt,39367.0,EMI payment
01-11-24,Rentt,21882.0,Petrol
2023-12-11,Foods,2476.0,EMI payment
03/08/2021,rent,596.0,Doctor consultation
2024-01-07,RENT,7560.0,Lunch
06/22/2024,entertainment,9953.0,Internet bill
2024-04-07,Foodd,4894.0,Movie tickets
04/17/2022,Investment,,test
2024-09-03,Bonus,75084.0,Medicine
30-09-21,Helth,6682.0,Fixed deposit
03/04/2024,FOOD,629.0,Grocery shopping
09/07/2022,FOOD,4033.0,Online course
2024-01-10,Travel,0.0,Movie tickets
02/12/2024,Foodd,2808.0,Fixed deposit
10/15/2021,Health,6367.0,Lunch
05/22/2021,RENT,629.0,Doctor consultation
17-12-21,Rnt,1054.0,Electricity bill
2024-10-03,Salary,68142.0,Internet bill
21-03-2023,Foods,3789.0,Uber ride
03/08/2022,Utility,5898.0,Shopping
21-11-24,utilities,7342.0,Grocery shopping
2021-07-02,Food,3426.0,!!!
04-11-22,Investment,73956.0,Gym membership
21-01-22,Investment,52092.0,Internet bill
29-06-23,Freelance,69326.0,Gym membership
2024-10-07,Health,8737.0,Monthly rent payment
08-02-24,Fod,7405.0,Doctor consultation
15-05-21,Others,45353.0,test
2022-09-03,Rentt,16079.0,Books
20-02-21,health,4343.0,Train ticket
2022-07-15,entertainment,3293.0,Books
07-05-22,Others,15784.0,xyz123
20-03-24,Others,46955.0,ATM withdrawal
2024-10-12,Entertain,5248.0,Restaurant dinner
2024-05-31,Food,-500.0,Uber ride
2022-07-09,Travel,8890.0,Restaurant dinner
10/24/2023,Food,1253.0,EMI payment
29-11-23,Rentt,45961.0,Petrol
09/15/2024,rent,7450.0,ATM withdrawal
12/27/2021,Foods,1502.0,Books
08/20/2021,Investment,435261.0,xyz123
01/15/2021,Utilities,6121.0,Petrol
03/08/2023,Rentt,42500.0,xyz123
06-03-2022,Foodd,3182.0,Coffee
09-11-2024,health,6668.0,Doctor consultation
28-04-2024,Foods,4651.0,Doctor consultation
2021-06-21,Misc,8365.0,Monthly rent payment
2022-07-12,Foodd,4960.0,Movie tickets
10-04-21,Rnt,6955.0,Grocery shopping
06-03-24,Others,17549.0,Restaurant dinner
2022-03-03,Education,1406.0,Internet bill
08/06/2023,HEALTH,4547.0,Internet bill
10/26/2022,Rnt,8037.0,Shopping
2021-04-08,Fod,7208.0,Uber ride
2023-10-19,Rentt,17463.0,Monthly rent payment
2023-06-04,food,8751.0,EMI payment
20-06-22,TRAVEL,7304.0,Train ticket
01/25/2024,Educaton,2345.0,Internet bill
06/15/2023,Travel,9520.0,misc
10-08-23,Utilties,9990.0,ATM withdrawal
2021-11-08,Freelance,,misc
07/25/2024,Others,11716.0,xyz123
24-01-2024,Investment,30031.0,!!!
06-02-23,rent,7424.0,Medicine
07/21/2024,EDU,1299.0,Petrol
2023-08-29,Salary,15696.0,EMI payment
05/02/2023,utilities,9656.0,test
2021-11-16,Entertain,2759.0,EMI payment
2022-03-14,travel,9360.0,Monthly rent payment
11-03-23,EDU,2855.0,Grocery shopping
25-05-23,Rentt,25344.0,Coffee
21-09-2023,Freelance,79291.0,Shopping
25-10-21,EDU,1586.0,!!!
2024-08-04,TRAVEL,9803.0,Fixed deposit
2024-01-03,Educaton,9457.0,misc
26-12-2022,Others,36459.0,Coffee
17-06-2022,Food,1838.0,test
2023-06-09,Rnt,2129.0,Gym membership
2024-09-07,RENT,5290.0,Train ticket
07/04/2022,Education,8582.0,Grocery shopping
2023-05-16,rent,2278.0,Train ticket
2022-12-01,Foods,4873.0,Lunch
04/24/2023,Education,5266.0,ATM withdrawal
10/20/2024,Fod,1720.0,Restaurant dinner
12-08-2023,Bonus,79389.0,Movie tickets
13-04-24,Foodd,2286.0,Monthly rent payment
07/17/2024,Utilties,9741.0,Gym membership
25-01-24,Fod,,!!!
06/07/2022,FOOD,6848.0,ATM withdrawal
2023-03-08,travel,9786.0,Doctor consultation
23-01-2022,TRAVEL,1579.0,test
02/19/2021,Others,15783.0,Gym membership
09-01-21,health,202.0,Monthly rent payment
06/17/2023,Food,462.0,ATM withdrawal
,Utilties,8639.0,Uber ride
20-06-22,Utlities,3476.0,Books
,Educaton,6662.0,xyz123
01-01-21,rent,8189.0,Shopping
07/26/2024,Others,47495.0,xyz123
06/08/2023,FOOD,5750.0,Train ticket
2023-06-25,Rent,37979.0,Doctor consultation
30-08-21,EDU,7396.0,Movie tickets
11/24/2023,travel,4517.0,Coffee
,entertainment,8774.0,!!!
11/15/2021,Travl,9331.0,EMI payment
2021-01-04,Others,64814.0,Uber ride
05-01-21,others,4605.0,Electricity bill
02/14/2023,Utlities,5722.0,Doctor consultation
2024-09-18,Rnt,328.0,Coffee
27-04-2024,Utilities,676.0,Medicine
2023-01-31,EDU,6485.0,test
29-01-21,Bonus,14500.0,Movie tickets
06/03/2021,food,1349.0,asdfgh
09-02-2024,travel,2845.0,misc
2024-04-16,health,,asdfgh
05/17/2022,Rnt,8612.0,Lunch
2023-09-24,EDU,2859.0,!!!
14-05-22,Food,2018.0,Doctor consultation
01/23/2023,Travl,4645.0,EMI payment
08-06-24,Salary,44171.0,Gym membership
2023-11-21,Entertain,4619.0,Train ticket
04-04-22,Rnt,8785.0,Online course
2022-11-23,Entertain,999999999.0,Electricity bill
2023-06-17,Freelance,62527.0,Monthly rent payment
2024-01-09,food,9721.0,Shopping
29-11-21,rent,9155.0,Internet bill
2021-12-21,Others,44645.0,Petrol
2021-02-06,Travl,4885.0,Doctor consultation
15-11-23,Rnt,9603.0,Internet bill
2023-05-22,Foodd,4698.0,Shopping
29-06-23,entertainment,4482.0,!!!
12-08-22,Rentt,43629.0,misc
05/12/2023,savings,2143.0,Doctor consultation
25-11-22,Entertain,9044.0,Gym membership
2023-07-31,Rent,28481.0,test
2023-02-28,Freelance,73238.0,misc
02/22/2023,Food,4469.0,!!!
2021-08-01,Rnt,8813.0,Petrol
12/23/2023,Travl,3873.0,Movie tickets
2023-03-18,Entertainment,5711.0,Medicine
17-02-21,EDU,6122.0,Train ticket
2024-01-11,RENT,,ATM withdrawal
2022-03-20,savings,,Petrol
2023-11-23,Others,64931.0,xyz123
28-10-21,utilities,5317.0,misc
21-10-2023,Bonus,53061.0,Online course
08/16/2022,RENT,5924.0,Uber ride
2022-12-19,Travel,5608.0,Electricity bill
03/06/2022,OTHERS,1268.0,Lunch
2022-05-20,utilities,8084.0,test
05/21/2022,Others,64689.0,Online course
27-11-22,Education,999999999.0,Gym membership
06/16/2024,education,4272.0,Grocery shopping
2023-04-01,Savings,433.0,EMI payment
02/08/2024,Travl,4448.0,misc
07/05/2021,Entertain,5957.0,Restaurant dinner
13-08-21,TRAVEL,6567.0,Shopping
2023-11-07,Rent,43520.0,Monthly rent payment
2023-09-03,rent,8529.0,ATM withdrawal
05/21/2022,utilities,6494.0,Internet bill
2023-03-20,Salary,55112.0,Doctor consultation
08/23/2021,Traval,2863.0,Lunch
2024-02-20,Travel,2061.0,Restaurant dinner
2022-03-15,Utility,1190.0,Lunch
24-10-2024,FOOD,5702.0,Fixed deposit
08/06/2021,Rnt,1529.0,Restaurant dinner
08-11-24,OTHERS,6261.0,Doctor consultation
02/01/2024,Entertain,6556.0,Fixed deposit
17-03-21,Entrtnmnt,9672.0,Doctor consultation
08/06/2024,Foods,3140.0,Monthly rent payment
07/04/2024,Fod,6189.0,Medicine
11-07-2022,Utilties,,Grocery shopping
02/12/2024,Travl,5170.0,Coffee
2021-08-23,Entertainment,2819.0,Books
01-04-24,Entrtnmnt,1688.0,Lunch
26-09-2021,Utlities,6431.0,Shopping
2023-06-25,Rnt,5838.0,Lunch
2021-05-21,food,4649.0,Petrol
2023-11-07,Rnt,9660.0,!!!
2024-04-14,rent,4123.0,Electricity bill
2024-03-18,travel,957.0,Gym membership
2024-10-01,Traval,4701.0,test
08-06-23,Travel,3212.0,EMI payment
26-06-22,travel,,Lunch
05/18/2023,food,7180.0,Grocery shopping
2022-01-07,Foods,4570.0,Train ticket
10/14/2024,EDU,6835.0,Uber ride
05-08-2022,FOOD,8996.0,ATM withdrawal
02-03-2021,Food,165.0,Books
07-06-23,Helth,1261.0,Shopping
10/15/2024,Rnt,9731.0,Internet bill
2021-10-31,rent,2214.0,Train ticket
03/24/2022,Entertainment,7173.0,Shopping
12-02-23,Food,2875.0,Online course
2021-05-12,education,1331.0,Online course
19-12-22,rent,7742.0,Lunch
30-06-23,Rnt,7200.0,asdfgh
28-03-22,savings,7727.0,Fixed deposit
01/22/2023,utilities,4047.0,Internet bill
10-07-24,Rnt,2828.0,Books
2024-12-08,RENT,3550.0,test
2021-12-28,Helth,7509.0,Uber ride
2024-03-01,Salary,25841.0,asdfgh
2022-06-16,Travel,6297.0,test
2023-07-22,food,5495.0,misc
05/09/2023,rent,999999999.0,ATM withdrawal
21-10-23,Utlities,190.0,Shopping
06/11/2021,Utility,999999.0,Movie tickets
31-03-22,Food,2033.0,EMI payment
2022-05-07,Fod,845.0,Gym membership
2022-08-04,education,3310.0,Coffee
2024-03-15,Utlities,302.0,asdfgh
2021-03-15,rent,9379.0,Doctor consultation
01/06/2023,Foodd,2752.0,Electricity bill
24-09-21,Utility,1494.0,Petrol
28-11-2024,Education,9348.0,Petrol
2024-07-31,HEALTH,4811.0,Train ticket
2022-01-05,Rentt,8518.0,Monthly rent payment
03-08-2023,Foodd,3444.0,Doctor consultation
12/22/2022,travel,2419.0,Fixed deposit
11/20/2023,Freelance,15051.0,ATM withdrawal
2022-09-01,Investment,12527.0,asdfgh
2021-11-23,EDU,6959.0,Books
2022-12-18,Education,2352.0,ATM withdrawal
30-04-2024,Entertainment,2193.0,Online course
05/27/2024,Rnt,2789.0,EMI payment
10/08/2024,food,6762.0,EMI payment
2023-06-04,Food,2007.0,Petrol
12/26/2021,Utilties,8185.0,Movie tickets
01-08-2021,TRAVEL,9995.0,Internet bill
06/02/2024,Utilties,8982.0,Uber ride
09-08-22,Foodd,4832.0,misc
07/09/2024,Foodd,4067.0,Petrol
12/09/2024,Utilities,7316.0,Doctor consultation
30-09-2021,Utlities,7080.0,test
2022-10-11,Foodd,3952.0,Online course
02-11-21,Rnt,1829.0,Coffee
2024-03-11,entertainment,5302.0,misc
2023-10-13,Travel,6661.0,Train ticket
07-01-21,Rnt,3753.0,Train ticket
2022-07-20,Utilities,5193.0,Electricity bill
2023-04-10,Educaton,5369.0,Uber ride
2024-09-07,Educaton,6956.0,ATM withdrawal
2021-07-19,Salary,61212.0,Fixed deposit
2024-07-26,utilities,591.0,EMI payment
2021-02-25,Utilities,-500.0,Gym membership
18-10-21,RENT,7690.0,Uber ride
2023-05-30,rent,8249.0,!!!
05/06/2021,Foods,4805.0,Train ticket
2023-01-22,Travel,1681.0,Books
09/17/2021,Educaton,2282.0,Internet bill
07/03/2022,Travel,8979.0,Train ticket
19-03-22,Travel,6809.0,!!!
03/08/2022,RENT,4766.0,Movie tickets
2022-03-12,health,7085.0,Doctor consultation
2021-11-05,RENT,1426.0,Coffee
25-05-2022,Education,8044.0,Uber ride
2023-10-23,Entertainment,8002.0,EMI payment
09/30/2021,travel,7004.0,Shopping
2021-06-09,RENT,6771.0,Lunch
2021-04-27,Savings,9508.0,Movie tickets
16-03-22,Bonus,74317.0,Movie tickets
17-08-23,Educaton,2218.0,Shopping
2022-04-12,Foodd,4550.0,Shopping
03/13/2021,Investment,61917.0,Gym membership
10/26/2022,HEALTH,8529.0,ATM withdrawal
06/02/2022,health,,test
2023-03-24,Foods,3585.0,Uber ride
2021-08-23,Utilities,6343.0,Medicine
06-07-24,Travel,2895.0,Medicine
01/03/2024,Entertainment,5698.0,Monthly rent payment
03-11-23,utilities,6536.0,Electricity bill
2023-06-17,Salary,57365.0,test
2022-06-14,food,999999999.0,Books
11/15/2024,Helth,5009.0,xyz123
2022-05-04,FOOD,753.0,Monthly rent payment
04/24/2022,Traval,1969.0,ATM withdrawal
2023-10-24,travel,819.0,ATM withdrawal
11/26/2021,Entertain,8900.0,xyz123
05/14/2024,utilities,4170.0,Books
03/03/2023,Others,4021.0,Gym membership
05/12/2022,Freelance,68861.0,misc
2023-07-31,Bonus,58544.0,Shopping
12/10/2021,Utilities,3188.0,ATM withdrawal
07/10/2024,rent,5192.0,Lunch
07/24/2024,FOOD,9879.0,!!!
04/12/2023,Entrtnmnt,4902.0,Shopping
11-05-24,food,6228.0,EMI payment
2024-11-20,Food,1518.0,test
24-09-24,Others,-500.0,Electricity bill
07-11-23,RENT,5113.0,test
2021-02-04,Rent,25973.0,Fixed deposit
11/16/2022,TRAVEL,665.0,Uber ride
2023-06-01,Rnt,4265.0,asdfgh
2023-11-25,Investment,22841.0,!!!
03/01/2021,Rent,,Medicine
01/15/2022,food,7865.0,Train ticket
2022-04-25,Food,3287.0,Medicine
12/15/2023,Rent,11785.0,Train ticket
2023-05-27,Rentt,37019.0,Grocery shopping
05/21/2023,Bonus,55974.0,Doctor consultation
11/11/2022,Savings,1625.0,Movie tickets
2023-04-14,Entertain,6453.0,EMI payment
29-06-24,Rentt,9954.0,Gym membership
29-05-24,travel,4307.0,Grocery shopping
03/08/2024,Entertain,7414.0,!!!
14-12-2022,FOOD,911.0,Shopping
03-01-2022,Entertainment,2810.0,test
23-04-22,Rent,,Uber ride
04/08/2022,Travl,4696.0,Monthly rent payment
02/18/2022,Travel,2184.0,xyz123
09/08/2024,Fod,3097.0,!!!
03-01-24,Utility,2863.0,Books
04/26/2021,Fod,3136.0,Grocery shopping
2021-03-08,Rnt,5658.0,Grocery shopping
2021-06-24,Freelance,37108.0,Movie tickets
2023-12-26,FOOD,3593.0,EMI payment
23-02-21,entertainment,8288.0,EMI payment
2023-11-09,Helth,8984.0,test
2024-04-26,Helth,-1000.0,test
18-01-2023,Foods,142.0,xyz123
02/10/2022,Rentt,48716.0,misc
03/08/2022,Travl,9355.0,asdfgh
2022-08-05,entertainment,3689.0,Restaurant dinner
2024-03-28,utilities,4510.0,xyz123
2021-06-21,Rent,15810.0,Internet bill
10/24/2022,Rentt,41478.0,Restaurant dinner
2022-07-05,Education,6632.0,xyz123
04/12/2023,Traval,,ATM withdrawal
2021-01-16,Bonus,67519.0,Coffee
2021-02-17,Utility,5501.0,Uber ride
08/16/2023,education,6671.0,misc
16-12-2022,entertainment,8866.0,asdfgh
2024-01-28,rent,291.0,Fixed deposit
2022-04-07,Entrtnmnt,736.0,test
2023-02-20,Bonus,11567.0,!!!
11/19/2023,Fod,2820.0,xyz123
23-03-21,Education,9273.0,!!!
12-07-23,Foodd,4174.0,ATM withdrawal
28-08-24,EDU,9779.0,Coffee
02/06/2023,Rent,38925.0,Restaurant dinner
2021-08-05,Fod,6131.0,asdfgh
2024-03-23,Food,4055.0,Grocery shopping
2024-09-03,Investment,66078.0,Books
15-12-24,Rentt,38100.0,Fixed deposit
06/30/2022,Salary,23045.0,Doctor consultation
23-07-21,Food,2061.0,Shopping
10/09/2022,education,7614.0,Movie tickets
26-07-23,Salary,68569.0,Online course
2021-10-16,RENT,3475.0,EMI payment
14-02-2021,Food,1029.0,Fixed deposit
17-08-24,Others,38785.0,Shopping
15-08-23,Rentt,41884.0,ATM withdrawal
24-11-21,Foods,3343.0,test
08/25/2024,Investment,63088.0,Online course
2021-04-09,utilities,9174.0,EMI payment
14-01-21,Saving,5614.0,Restaurant dinner
2022-05-05,Utilties,8883.0,Electricity bill
02/27/2023,RENT,4328.0,Coffee
11/19/2022,Travel,,Online course
2021-02-06,Foods,3080.0,Gym membership
08-12-2021,Rentt,8303.0,EMI payment
03/08/2021,Others,,Train ticket
2021-02-21,Salary,18885.0,ATM withdrawal
26-10-23,food,9131.0,!!!
22-11-21,FOOD,1061.0,Lunch
10/29/2023,FOOD,-500.0,Grocery shopping
2024-01-29,Helth,1014.0,Medicine
2021-11-18,Foods,3300.0,Online course
2023-11-29,Utlities,2047.0,Shopping
04/01/2022,Rnt,1291.0,Gym membership
,utilities,7903.0,ATM withdrawal
18-08-2023,Utility,133.0,Coffee
01/28/2022,food,1500.0,xyz123
2022-10-01,Entertainment,1461.0,Electricity bill
04-06-21,food,4511.0,Restaurant dinner
2023-02-25,Utilities,7793.0,Gym membership
2022-12-14,FOOD,8886.0,misc
03/12/2022,Travl,4562.0,Lunch
2024-09-28,Educaton,6845.0,Online course
2021-06-24,entertainment,9708.0,Electricity bill
20-09-23,Utlities,,Medicine
2022-07-31,Foods,999999.0,Doctor consultation
2024-04-13,Travl,8575.0,Coffee
11-05-21,Investment,28580.0,Monthly rent payment
02/22/2023,Salary,25235.0,test
01-08-21,education,1377.0,Coffee
2023-05-02,Traval,3057.0,!!!
2021-12-08,Utilties,6926.0,Fixed deposit
02-05-22,Investment,65591.0,Coffee
2024-10-18,Foodd,1783.0,Internet bill
2022-04-27,entertainment,5707.0,Grocery shopping
21-12-2022,Salary,79336.0,Coffee
28-10-2023,Utilties,1316.0,Doctor consultation
02-05-21,Utlities,5389.0,Monthly rent payment
2024-12-29,Bonus,25582.0,Shopping
19-03-23,Utilties,1859.0,Uber ride
2024-08-22,Freelance,26401.0,EMI payment
2024-01-27,FOOD,4058.0,ATM withdrawal
18-04-2023,Entertain,3462.0,Shopping
2024-08-12,FOOD,6313.0,EMI payment
09/01/2024,Entrtnmnt,6500.0,xyz123
08-11-22,FOOD,999999.0,!!!
2021-07-29,FOOD,9391.0,asdfgh
13-06-22,entertainment,7199.0,Gym membership
2021-10-20,FOOD,1824.0,Lunch
09/20/2022,Savings,3941.0,!!!
2024-04-13,Entertainment,-500.0,Electricity bill
2024-08-20,Food,4861.0,Coffee
2022-01-26,Salary,13042.0,!!!
2022-04-15,Utilties,7423.0,Grocery shopping
08-06-21,Investment,11310.0,Restaurant dinner
29-09-24,Foods,704.0,EMI payment
26-11-23,Utilties,2835.0,xyz123
03/09/2024,others,9513.0,!!!
10-03-23,Utlities,3100.0,Fixed deposit
27-04-2022,RENT,999999999.0,Movie tickets
2024-03-14,Freelance,,!!!
01/18/2024,RENT,7178.0,Lunch
2021-09-08,FOOD,1012.0,Movie tickets
2023-02-20,Traval,615.0,Medicine
09/15/2024,Utility,8607.0,Electricity bill
09/24/2022,Rnt,9942.0,Doctor consultation
05/29/2022,Foodd,251.0,Train ticket
2022-10-01,Fod,1687.0,Movie tickets
2022-12-25,Food,2143.0,!!!
01-04-24,health,8368.0,Restaurant dinner
09/05/2023,education,9955.0,Online course
2021-08-11,FOOD,2076.0,Coffee
2022-06-12,Entrtnmnt,2131.0,Monthly rent payment
03/31/2023,Foods,4300.0,test
02-12-23,Entertainment,1487.0,!!!
2023-10-31,Traval,4222.0,EMI payment
12/07/2024,Health,8327.0,Doctor consultation
10/09/2022,Fod,7139.0,Doctor consultation
08/11/2024,rent,2218.0,Petrol
30-10-21,Rentt,48718.0,Movie tickets
,Entertainment,9680.0,Online course
13-01-21,Traval,4914.0,xyz123
06/03/2022,rent,4746.0,Electricity bill
2023-11-06,Traval,6396.0,Online course
04/22/2024,Entertain,-1000.0,EMI payment
07-12-23,Fod,4431.0,Shopping
2021-02-14,Rnt,955.0,Books
03/20/2022,Freelance,28705.0,Petrol
2024-07-10,Food,3644.0,Lunch
2022-12-03,Rent,41744.0,Fixed deposit
2023-08-01,Rentt,,Books
2023-05-19,rent,2197.0,Books
2022-12-01,HEALTH,1956.0,Gym membership
29-02-24,Freelance,24573.0,Movie tickets
10-11-22,Rnt,747.0,Shopping
30-05-22,Entertainment,3921.0,xyz123
2023-05-03,Food,1337.0,Electricity bill
10/29/2023,education,6107.0,Books
18-05-21,Foods,2853.0,xyz123
2022-07-12,Foodd,598.0,Monthly rent payment
11/10/2024,Saving,9429.0,Doctor consultation
2023-06-28,Fod,1028.0,Monthly rent payment
21-07-24,food,853.0,Train ticket
,Utlities,1948.0,misc
12/20/2021,food,5576.0,Medicine
02/16/2023,Utilities,5591.0,Coffee
2024-08-22,Entertainment,1720.0,Petrol
2022-07-23,Travel,9213.0,asdfgh
2021-02-03,Salary,30880.0,EMI payment
05-12-22,Entrtnmnt,9184.0,Gym membership
2021-09-19,EDU,,Lunch
06-12-23,Bonus,71351.0,Online course
12/27/2021,Utlities,855.0,Medicine
2023-12-20,Food,2857.0,Fixed deposit
27-01-23,Utilities,4267.0,Gym membership
24-07-21,Rentt,41859.0,Monthly rent payment
29-07-2023,Foodd,,Shopping
01/09/2024,Travel,7696.0,Grocery shopping
2024-01-09,Rent,35329.0,Electricity bill
08/18/2021,Utilities,4609.0,Uber ride
30-10-2022,HEALTH,740.0,Shopping
07-11-2024,Rent,,Lunch
2021-01-08,Rnt,6130.0,Books
13-03-2021,Salary,57697.0,misc
2023-10-07,Investment,55602.0,misc
2024-05-20,utilities,7693.0,Gym membership
2024-12-26,education,9963.0,Internet bill
10/31/2022,Salary,11202.0,Train ticket
2022-09-29,EDU,2141.0,test
12/03/2024,Travl,4128.0,xyz123
20-12-21,Rentt,35263.0,Lunch
08/28/2023,RENT,2849.0,EMI payment
2021-05-30,Rnt,6677.0,Shopping
03/17/2022,Travel,3299.0,misc
23-08-2023,Utility,8911.0,Lunch
16-08-24,rent,2066.0,Uber ride
14-11-2022,Entertainment,6032.0,misc
17-10-2022,health,8537.0,test
06-07-24,Utilities,1759.0,Doctor consultation
04/20/2024,Entertainment,,Doctor consultation
06-09-23,Travel,3152.0,Electricity bill
27-10-22,Foodd,499.0,Medicine
2024-05-12,Helth,1971.0,Gym membership
,RENT,1622.0,Electricity bill
2023-11-11,Savings,7662.0,Lunch
13-06-24,Rentt,7492.0,Uber ride
10-04-2022,Foods,2973.0,Gym membership
03-08-22,Savings,965.0,Gym membership
05/27/2023,Foods,3678.0,ATM withdrawal
19-07-2024,Others,39654.0,test
2022-05-11,Education,251.0,Coffee
02/14/2021,RENT,1358.0,xyz123
2024-05-22,Rent,13455.0,Shopping
15-01-22,Rentt,46926.0,Electricity bill
2021-03-23,TRAVEL,6785.0,misc
02/04/2021,Bonus,26509.0,test
2024-04-07,Utilities,1904.0,Grocery shopping
2024-10-02,TRAVEL,7390.0,Online course
30-03-2024,Foods,3371.0,EMI payment
2023-09-09,EDU,7329.0,Restaurant dinner
18-08-2021,Utilities,203.0,Fixed deposit
16-10-23,Utilities,7086.0,!!!
2022-03-30,Foodd,3463.0,Grocery shopping
04/13/2023,Rnt,250.0,Monthly rent payment
05/12/2024,Travl,2304.0,Petrol
2024-08-02,Foods,2768.0,Shopping
02/02/2024,TRAVEL,,Train ticket
03-01-21,RENT,5663.0,Grocery shopping
06/10/2024,Other,9921.0,Shopping
09/02/2021,Bonus,19034.0,Grocery shopping
2024-05-03,food,6257.0,Doctor consultation
03/19/2024,Rent,44603.0,Monthly rent payment
2022-05-16,Travel,9973.0,Online course
2024-03-06,Helth,8135.0,Monthly rent payment
26-11-2022,Bonus,44351.0,Gym membership
06/18/2023,FOOD,3421.0,Shopping
2021-08-24,travel,6831.0,Monthly rent payment
2021-11-30,food,3491.0,!!!
04/13/2021,Rentt,35791.0,EMI payment
23-07-23,Travel,7727.0,Monthly rent payment
01/11/2021,entertainment,588.0,Shopping
2021-01-27,Entrtnmnt,2545.0,Movie tickets
2022-04-09,SAVINGS,9507.0,Doctor consultation
,Travl,4788.0,test
2022-06-25,Travl,8851.0,Grocery shopping
2024-10-28,Investment,67602.0,asdfgh
2021-05-06,Investment,31110.0,Restaurant dinner
2022-08-31,Travel,6249.0,Train ticket
25-02-2024,Entertainment,9270.0,!!!
2022-10-04,Rentt,47161.0,Monthly rent payment
12/06/2023,Others,44152.0,Internet bill
2023-02-15,EDU,3955.0,Restaurant dinner
01-12-2021,entertainment,3201.0,Restaurant dinner
03-04-24,Foodd,4094.0,Monthly rent payment
04/10/2021,Salary,18141.0,xyz123
28-07-23,Investment,19860.0,Train ticket
03/06/2021,Investment,60496.0,Coffee
02/02/2022,Travel,4871.0,xyz123
07-08-24,food,9054.0,Electricity bill
01/24/2022,Food,3945.0,Monthly rent payment
2023-06-29,TRAVEL,3525.0,Movie tickets
2021-06-05,Utilties,4275.0,Movie tickets
01-01-23,Traval,3714.0,EMI payment
2021-10-21,Investment,67320.0,Gym membership
06/19/2022,Education,5466.0,Petrol
2021-11-29,Helth,8193.0,xyz123
10-03-2022,Health,4322.0,Medicine
26-02-24,Rent,29178.0,Monthly rent payment
2023-07-23,Rentt,999999999.0,Gym membership
,Educaton,9692.0,Petrol
2021-06-01,Foods,324.0,Books
02/18/2021,EDU,999999.0,Train ticket
23-04-2022,Rentt,39157.0,!!!
2023-08-19,Rnt,4351.0,Train ticket
18-12-24,Rentt,31006.0,misc
28-09-2023,Salary,73117.0,Electricity bill
2024-01-06,Bonus,42468.0,Lunch
01/25/2022,Education,8142.0,Internet bill
2021-08-18,RENT,8424.0,Electricity bill
09/26/2024,FOOD,1652.0,Electricity bill
09/20/2024,Bonus,59781.0,Internet bill
2024-03-09,Entrtnmnt,8617.0,Doctor consultation
08/09/2021,rent,5656.0,Petrol
05-08-2024,TRAVEL,3770.0,Medicine
14-07-2023,Fod,9467.0,Doctor consultation
2024-01-01,Entertain,7081.0,test
2024-12-16,Travel,1405.0,!!!
2023-02-25,Bonus,58338.0,Movie tickets
06/20/2023,EDU,6671.0,xyz123
14-09-24,Education,3442.0,Uber ride
11/18/2024,Fod,6677.0,Monthly rent payment
09/22/2021,Utility,7339.0,Grocery shopping
2024-05-13,Freelance,52361.0,asdfgh
03/17/2023,rent,1033.0,Lunch
10-03-2024,Bonus,60071.0,Monthly rent payment
24-10-23,Freelance,,Gym membership
14-06-21,Savings,5452.0,Online course
26-07-21,Freelance,12511.0,Movie tickets
2021-03-29,entertainment,5625.0,Shopping
12/02/2021,Freelance,31340.0,Online course
2021-07-17,Foodd,2467.0,Coffee
01/06/2022,RENT,6347.0,xyz123
2021-12-07,Entertainment,9695.0,Uber ride
,Traval,5178.0,Fixed deposit
2021-08-01,Food,4512.0,Gym membership
27-09-2023,Freelance,63400.0,Uber ride
03/23/2023,Rnt,8441.0,asdfgh
2022-05-18,TRAVEL,7769.0,misc
23-10-22,Utility,8340.0,ATM withdrawal
03/22/2024,Others,57074.0,Coffee
2021-07-01,food,3815.0,Internet bill
2023-05-11,RENT,5030.0,Uber ride
12/24/2021,EDU,5748.0,Movie tickets
04/22/2022,FOOD,4141.0,test
2021-06-04,RENT,8246.0,asdfgh
2021-03-09,Educaton,8853.0,Grocery shopping
06-07-2023,Salary,28328.0,Lunch
05/01/2022,Salary,59002.0,Doctor consultation
2022-11-06,savings,7176.0,Movie tickets
20-02-22,Traval,5714.0,Lunch
27-11-2022,Utlities,3855.0,Medicine
2021-09-29,EDU,9560.0,misc
2023-09-08,Entertain,7877.0,Petrol
02/11/2021,Rent,22993.0,Electricity bill
12/03/2021,entertainment,1047.0,EMI payment
05-04-2021,education,6964.0,Internet bill
2022-06-22,Foodd,1506.0,Coffee
2023-05-02,Foods,786.0,Books
06/23/2023,Savings,636.0,xyz123
2022-04-24,TRAVEL,3370.0,Train ticket
2023-08-05,food,7457.0,Lunch
27-06-23,Foods,2955.0,EMI payment
2023-09-19,Bonus,41293.0,Medicine
15-08-23,Others,46066.0,Gym membership
2021-05-22,Utilties,8255.0,Electricity bill
14-03-23,Travel,7648.0,ATM withdrawal
16-09-24,RENT,5797.0,Train ticket
2023-02-26,food,8521.0,Medicine
2022-03-21,rent,,Doctor consultation
10/01/2023,Health,4654.0,Movie tickets
30-07-23,Foodd,2748.0,xyz123
08-05-23,Freelance,30605.0,Coffee
12/11/2024,Investment,61108.0,Books
07-09-21,Rnt,6586.0,EMI payment
02/16/2024,food,9564.0,Movie tickets
11/05/2021,Utlities,3928.0,Shopping
15-04-2023,Freelance,25406.0,Internet bill
02/23/2022,Rent,12192.0,ATM withdrawal
2023-04-02,Rentt,25762.0,ATM withdrawal
2022-02-06,Foodd,1996.0,EMI payment
09/06/2024,Rnt,5712.0,Gym membership
16-09-2024,FOOD,3504.0,Electricity bill
2023-08-31,Rentt,14941.0,Uber ride
2023-03-16,Fod,9065.0,Movie tickets
28-12-24,Rnt,6569.0,Electricity bill
2022-12-23,Investment,24338.0,Internet bill
11/10/2023,RENT,8732.0,Movie tickets
2023-12-26,Salary,47277.0,Medicine
03/01/2022,food,6340.0,Monthly rent payment
21-03-23,Travel,6753.0,misc
2024-06-13,Investment,19295.0,Books
2022-12-18,Investment,45417.0,Petrol
,food,9055.0,Uber ride
2022-03-26,FOOD,2783.0,ATM withdrawal
2023-08-16,Freelance,52335.0,Grocery shopping
11/13/2023,Entertain,-500.0,test
2021-07-05,food,1883.0,Books
08-06-23,Helth,2055.0,Online course
2023-05-21,Entrtnmnt,9028.0,Gym membership
09-05-24,FOOD,7956.0,Train ticket
07/03/2024,Freelance,25287.0,Books
2021-02-27,utilities,9689.0,Petrol
2021-06-23,food,8374.0,Coffee
2023-07-27,Rent,28885.0,Electricity bill
08-08-22,Fod,4661.0,Electricity bill
23-04-24,Entertainment,8305.0,Medicine
12/23/2022,Investment,48409.0,Books
2021-07-21,health,6696.0,Grocery shopping
03/17/2021,travel,7503.0,test
2024-06-23,Freelance,54359.0,misc
27-06-2022,Others,22952.0,Medicine
10-12-23,Foodd,3059.0,Train ticket
20-11-22,Foodd,999999999.0,xyz123
30-01-2024,food,348.0,Books
05/26/2023,Bonus,17535.0,Uber ride
11/15/2024,health,1966.0,Books
2021-01-28,Bonus,,Coffee
05/12/2023,FOOD,2069.0,misc
04/20/2022,Rentt,7222.0,Gym membership
11/02/2024,Foods,4599.0,Grocery shopping
04-03-22,Travel,3213.0,test
17-11-23,Freelance,990020.0,!!!
07-05-2024,Traval,3462.0,Grocery shopping
2022-08-28,Others,54209.0,Electricity bill
20-05-2024,TRAVEL,,Petrol
09/04/2023,food,287.0,Books
2021-04-05,Travel,9531.0,Movie tickets
2021-03-24,Travel,4450.0,Shopping
04/22/2023,Freelance,,Doctor consultation
04/12/2021,Fod,6855.0,Books
2023-01-17,Fod,1624.0,Movie tickets
2022-01-28,Rentt,38464.0,Doctor consultation
11/16/2023,RENT,7255.0,Medicine
05-11-2022,Rnt,844.0,Uber ride
,Entertain,2983.0,Uber ride
09-06-23,Utlities,7923.0,!!!
06/29/2022,Freelance,73380.0,ATM withdrawal
2022-03-09,Foods,982.0,asdfgh
11-04-23,Entertain,9458.0,Medicine
2023-06-16,Travel,6377.0,Shopping
2022-10-12,travel,8383.0,Books
2021-01-01,Food,3346.0,Doctor consultation
18-05-21,Helth,-1000.0,Medicine
2021-02-15,Utlities,5120.0,Movie tickets
2022-05-27,Travl,3662.0,Movie tickets
01/07/2023,Freelance,,Shopping
2023-11-24,Utilties,6555.0,EMI payment
2024-02-23,Investment,36907.0,asdfgh
16-05-24,rent,5918.0,Doctor consultation
22-02-2024,Travl,7110.0,Grocery shopping
10/30/2022,rent,3228.0,misc
01/16/2021,Foodd,4789.0,Medicine
2022-03-10,Education,133.0,Train ticket
2024-02-19,Utilities,9238.0,Coffee
11/07/2023,Fod,379.0,!!!
29-09-23,Utilities,6212.0,Train ticket
14-03-22,Utilties,,misc
01/02/2022,Others,73333.0,Online course
06/03/2023,Utilties,1255.0,Monthly rent payment
16-11-21,Food,1395.0,Grocery shopping
03-04-24,Entertain,,Medicine
03/04/2021,Salary,40612.0,Doctor consultation
29-06-24,Utility,8131.0,Electricity bill
2022-05-11,FOOD,3168.0,Medicine
06-11-24,rent,999999.0,Restaurant dinner
10/11/2023,Utlities,3370.0,Train ticket
2022-02-12,EDU,5881.0,asdfgh
08/23/2021,Rent,46375.0,Lunch
08/26/2022,Foodd,259.0,Uber ride
17-04-24,Investment,45563.0,Movie tickets
2021-01-24,Salary,40425.0,Coffee
,Traval,2173.0,Fixed deposit
25-04-2021,Travl,1765.0,Movie tickets
2021-12-03,education,7215.0,asdfgh
04-05-2022,Fod,1294.0,Uber ride
03/31/2023,Salary,11376.0,Doctor consultation
08/28/2021,Others,55537.0,Medicine
02/17/2022,Rnt,7354.0,Restaurant dinner
09/24/2021,rent,4591.0,asdfgh
12/12/2023,food,3115.0,misc
09/06/2021,SAVINGS,7347.0,EMI payment
12/07/2024,Freelance,19880.0,Train ticket
03/19/2024,Foodd,4280.0,Online course
05-10-2024,Rent,48911.0,Coffee
04/15/2024,Utilties,1996.0,Books
04-08-23,Savings,1552.0,test
2023-11-29,Bonus,58231.0,Doctor consultation
02-03-2023,Rnt,1900.0,misc
24-11-2023,Rentt,47526.0,EMI payment
12-09-23,Investment,18951.0,Doctor consultation
,Entertain,9783.0,!!!
04/08/2023,Travl,3010.0,xyz123
06/30/2024,HEALTH,5010.0,Gym membership
09-01-2024,travel,9698.0,Train ticket
11/08/2021,Rentt,-500.0,!!!
03/12/2023,TRAVEL,,Shopping
03/17/2022,entertainment,8831.0,Medicine
04/22/2021,Food,2272.0,Shopping
2023-03-30,Food,4044.0,Uber ride
2022-09-01,Freelance,67581.0,Coffee
06-10-22,Food,2688.0,ATM withdrawal
2021-10-05,entertainment,9586.0,Train ticket
2021-08-19,Health,7415.0,Medicine
11-09-24,Utility,999999999.0,Restaurant dinner
05-03-22,Others,71489.0,Fixed deposit
2024-02-07,savings,7837.0,Petrol
2022-10-07,RENT,5720.0,test
2021-03-17,health,8658.0,xyz123
04-01-23,RENT,5065.0,Train ticket
08/22/2024,food,5598.0,Movie tickets
2024-08-13,utilities,4600.0,EMI payment
03/26/2024,Entertain,5991.0,Monthly rent payment
31-08-22,RENT,2547.0,Shopping
15-11-2024,Rent,30227.0,Electricity bill
05/11/2023,Rentt,43134.0,Petrol
17-12-2024,Foods,1056.0,asdfgh
2024-05-13,TRAVEL,6358.0,Online course
27-06-24,Foods,2238.0,Electricity bill
28-05-24,FOOD,6269.0,Shopping
05/17/2024,EDU,3548.0,Petrol
2022-05-18,Entertainment,8111.0,Fixed deposit
2024-09-14,Food,2575.0,EMI payment
13-06-22,Utility,2935.0,Electricity bill
09-12-2024,Bonus,61600.0,asdfgh
11/14/2024,Freelance,26985.0,Shopping
03/21/2022,Entertain,2775.0,Gym membership
09/27/2024,education,999999999.0,asdfgh
24-06-2022,Food,1290.0,Coffee
22-07-21,Bonus,26533.0,xyz123
22-06-2022,RENT,9349.0,EMI payment
16-01-22,Others,62016.0,Medicine
05-03-22,Others,26378.0,!!!
03/01/2021,TRAVEL,9495.0,Petrol
2021-01-30,Saving,3444.0,Shopping
15-11-2024,Rent,30227.0,Electricity bill
04/16/2024,RENT,7395.0,Uber ride
,Foodd,3826.0,test
09/04/2022,Utilities,9645.0,Petrol
24-10-22,RENT,7727.0,Monthly rent payment
30-03-22,Foods,2341.0,!!!
10/23/2024,Bonus,22832.0,Monthly rent payment
01/02/2024,rent,7918.0,Books
15-02-21,FOOD,1773.0,Monthly rent payment
07/24/2022,Foodd,3632.0,Train ticket
11/20/2022,utilities,8580.0,Coffee
23-07-2022,Traval,1563.0,Books
06/05/2021,Fod,9634.0,EMI payment
10/31/2021,Others,52787.0,Lunch
04/25/2024,Rent,6174.0,Gym membership
2023-11-20,Bonus,74161.0,Restaurant dinner
2022-05-30,Rent,8437.0,asdfgh
09-08-24,Utility,3304.0,Gym membership
17-11-2024,Salary,64703.0,xyz123
09/30/2022,Rentt,43620.0,Gym membership
2023-03-13,Misc,1037.0,ATM withdrawal
2022-06-26,others,9363.0,asdfgh
2022-10-23,Utilties,9717.0,Books
2024-11-04,Rnt,-1000.0,Doctor consultation
2021-09-26,food,7521.0,test
2023-03-06,RENT,754.0,Internet bill
2021-06-14,Foodd,2263.0,Grocery shopping
2023-06-29,Rent,49853.0,Uber ride
2023-05-17,TRAVEL,2645.0,Grocery shopping
2023-10-08,RENT,7298.0,Petrol
12/06/2024,food,3200.0,Gym membership
11-03-23,Freelance,40151.0,asdfgh
18-06-23,Rentt,9887.0,Petrol
2023-02-07,entertainment,,Train ticket
29-11-2023,Food,4309.0,Medicine
2021-04-01,Food,614.0,Shopping
05/08/2024,Traval,7285.0,xyz123
2024-03-15,rent,9968.0,misc
2022-05-19,Rent,12915.0,Doctor consultation
2024-02-26,entertainment,7253.0,Movie tickets
23-09-23,entertainment,8217.0,Restaurant dinner
11/28/2022,Freelance,60213.0,test
08-07-23,RENT,8243.0,Monthly rent payment
2023-12-16,Investment,59766.0,EMI payment
01/22/2023,Education,5911.0,Uber ride
05-12-2024,Traval,-1000.0,Coffee
2023-01-05,Entertain,8520.0,Books
08/12/2022,Fod,6413.0,asdfgh
2022-09-02,Freelance,55483.0,test
05-03-23,Utlities,8083.0,Doctor consultation
02/01/2021,Utilties,1416.0,Restaurant dinner
03/21/2021,entertainment,6325.0,Online course
2022-12-25,Entertain,9652.0,misc
03/17/2023,Entrtnmnt,6160.0,!!!
2021-02-18,food,3871.0,Lunch
04/15/2022,savings,1466.0,Online course
12/30/2021,TRAVEL,6344.0,misc
02/22/2022,Foods,2686.0,Internet bill
2023-09-22,food,2558.0,Doctor consultation
2024-11-17,RENT,9869.0,Petrol
12/10/2023,Salary,29899.0,Lunch
2022-05-03,entertainment,3835.0,!!!
01/17/2021,Utilties,1860.0,Restaurant dinner
2024-10-21,Travl,3165.0,misc
2021-07-16,Utlities,8144.0,xyz123
2023-08-27,Investment,,Petrol
11-04-2021,Utility,5382.0,EMI payment
12/07/2021,Bonus,32450.0,Medicine
2021-01-01,Food,3346.0,Doctor consultation
2023-12-27,RENT,4480.0,Electricity bill
19-08-22,Utilties,1159.0,Electricity bill
08/04/2022,rent,8950.0,Shopping
01/24/2021,utilities,6053.0,Books
09/17/2024,SAVINGS,9961.0,Medicine
2021-07-18,EDU,4359.0,Uber ride
2021-03-12,Rent,33308.0,asdfgh
2024-10-03,Traval,,Movie tickets
2021-06-27,travel,759.0,Electricity bill
19-06-2023,food,1499.0,Restaurant dinner
2022-11-15,FOOD,9789.0,ATM withdrawal
18-10-21,Others,10591.0,Electricity bill
2024-11-01,Educaton,4511.0,ATM withdrawal
2023-05-14,travel,5549.0,!!!
2023-01-12,Foodd,1956.0,Coffee
2023-12-07,FOOD,4122.0,ATM withdrawal
16-03-21,Rentt,27525.0,Fixed deposit
2021-11-22,Health,4280.0,Petrol
2021-09-23,Freelance,77882.0,Restaurant dinner
02/22/2023,Food,4469.0,!!!
2021-02-21,Educaton,2732.0,Coffee
26-05-23,Bonus,17387.0,Online course
03-09-24,health,474.0,Medicine
2022-02-11,Rent,24764.0,Doctor consultation
02/08/2023,Foodd,3304.0,Grocery shopping
05/21/2022,Misc,7314.0,!!!
2022-09-13,RENT,,Internet bill
09/10/2022,Freelance,55604.0,Train ticket
17-10-2022,Traval,929.0,Gym membership
09/14/2022,Salary,46399.0,Petrol
20-03-2021,rent,5279.0,Lunch
2023-11-14,HEALTH,865.0,Train ticket
19-04-23,utilities,5984.0,Grocery shopping
2024-12-16,Travel,1405.0,!!!
2023-07-08,Foods,1139.0,Petrol
23-11-22,Health,1211.0,Monthly rent payment
2022-12-07,Travel,6515.0,Uber ride
19-08-24,Utility,9761.0,Movie tickets
22-03-23,rent,,Coffee
,Utilties,2229.0,EMI payment
2024-12-04,Rent,,Movie tickets
06-08-24,TRAVEL,2823.0,Books
,FOOD,5023.0,Medicine
15-07-22,Utility,9710.0,Medicine
22-03-2024,Entertainment,1454.0,Gym membership
04/28/2023,food,4040.0,Lunch
11/29/2023,food,5575.0,Restaurant dinner
2021-10-24,Investment,10309.0,!!!
09/11/2024,Investment,69689.0,asdfgh
2024-05-31,Food,1495.0,Medicine
06-10-22,Investment,49134.0,test
2023-09-26,rent,8950.0,Petrol
2022-06-10,Others,57854.0,Movie tickets
15-07-21,Entertainment,859.0,Petrol
11/08/2024,Rnt,6081.0,xyz123
22-12-21,Freelance,48933.0,Medicine
,education,948.0,Fixed deposit
24-04-2024,Rent,20775.0,xyz123
2023-09-15,Travl,3197.0,Uber ride
09/19/2024,RENT,1598.0,Uber ride
2024-03-02,Rentt,28176.0,EMI payment
04/03/2022,Rnt,5590.0,Movie tickets
2023-04-28,Utilities,7768.0,Grocery shopping
20-06-21,utilities,5947.0,Train ticket
2022-12-02,Travel,2715.0,Uber ride
23-09-23,entertainment,8217.0,Restaurant dinner
29-05-24,Rnt,-500.0,test
18-08-24,Helth,5211.0,Internet bill
21-05-24,Rentt,5978.0,Train ticket
12/23/2023,Freelance,62118.0,Monthly rent payment
2021-09-29,Travel,8731.0,ATM withdrawal
2022-03-28,Entertain,1322.0,xyz123
24-06-2024,travel,7373.0,EMI payment
2021-11-26,FOOD,2822.0,ATM withdrawal
2022-11-27,Bonus,49835.0,Internet bill
11/22/2023,Foods,3781.0,Gym membership
06/23/2022,Investment,19454.0,asdfgh
2023-04-24,Helth,560.0,Uber ride
05/18/2023,Freelance,33341.0,Petrol
2024-07-24,Others,,Fixed deposit
,Foods,2966.0,test
,Utility,2934.0,Monthly rent payment
19-03-22,Investment,57810.0,misc
2021-12-19,Bonus,17011.0,Online course
2023-12-20,Freelance,41449.0,Gym membership
17-07-2021,Fod,7669.0,!!!
10/30/2021,utilities,9808.0,asdfgh
11/03/2022,Others,45051.0,Petrol
30-01-2024,Food,1776.0,EMI payment
02/17/2022,Foodd,2457.0,asdfgh
2022-10-23,TRAVEL,7439.0,misc
19-07-2022,Rnt,4492.0,Internet bill
27-11-21,FOOD,8174.0,Books
05-05-22,food,7605.0,Grocery shopping
08/09/2024,TRAVEL,1670.0,Monthly rent payment
02/01/2023,Rnt,5515.0,Uber ride
07/25/2021,Fod,6860.0,Medicine
07/14/2024,Utility,3548.0,asdfgh
16-06-22,Savings,4579.0,EMI payment
2024-09-04,Rentt,8609.0,Doctor consultation
2022-02-09,Rnt,4254.0,asdfgh
27-08-21,Travel,8409.0,Online course
2023-09-15,food,7493.0,Restaurant dinner
18-08-22,Rnt,4802.0,EMI payment
2023-01-16,Rent,38943.0,Medicine
16-04-24,health,4003.0,Monthly rent payment
13-12-22,Utilties,5211.0,Movie tickets
2024-02-03,food,7890.0,Lunch
2024-09-07,Entrtnmnt,2458.0,Lunch
2023-11-20,Rent,39411.0,Grocery shopping
20-11-21,Fod,2324.0,Gym membership
07/16/2024,Others,40408.0,Train ticket
09/18/2024,Salary,15505.0,Electricity bill
20-12-2023,Food,3401.0,Online course
2023-10-14,Entertainment,8040.0,Restaurant dinner
21-02-24,Education,4369.0,Lunch
09/22/2022,food,4702.0,!!!
2024-03-30,FOOD,1941.0,Shopping
16-10-24,TRAVEL,4847.0,misc
2022-11-02,Fod,3528.0,misc
2022-07-12,Rent,17529.0,Shopping
2022-03-09,Food,179.0,Coffee
2023-10-10,Foodd,,Internet bill
03/08/2021,Rent,16470.0,Uber ride
2022-03-20,Entertain,2647.0,!!!
14-10-2022,Salary,32428.0,test
2023-08-05,RENT,,Fixed deposit
06/25/2021,Foods,1633.0,asdfgh
10/06/2021,Entrtnmnt,8016.0,Medicine
2022-12-13,Utilities,8369.0,Monthly rent payment
08/25/2022,Freelance,674606.0,Internet bill
27-10-22,RENT,4196.0,!!!
30-05-22,rent,8457.0,Online course
29-02-24,Freelance,899072.0,asdfgh
06/02/2021,savings,8447.0,Uber ride
2024-05-28,Bonus,70126.0,Online course
10-07-21,Bonus,,Restaurant dinner
08/27/2022,Education,4207.0,Gym membership
23-11-22,Investment,32525.0,Movie tickets
03-06-22,Freelance,59941.0,Online course
07-05-24,Others,35662.0,Petrol
2022-02-28,Salary,54309.0,Books
2021-08-28,Travl,3611.0,ATM withdrawal
2021-04-15,Utility,821.0,Uber ride
2024-06-08,Rnt,,Monthly rent payment
02/03/2022,Fod,3915.0,test
08/12/2023,RENT,5446.0,EMI payment
04/12/2022,Rentt,5317.0,Restaurant dinner
10-02-2021,Salary,164337.0,Coffee
2024-01-22,travel,3707.0,Online course
09/22/2021,Utilties,5459.0,ATM withdrawal
12/12/2021,entertainment,884.0,Doctor consultation
28-05-2021,Food,2291.0,Train ticket
2023-01-05,Travl,7897.0,Monthly rent payment
08-07-2023,Traval,9122.0,Movie tickets
2021-08-09,RENT,2783.0,Movie tickets
01-10-2024,Salary,43118.0,EMI payment
2024-08-13,Food,3682.0,Monthly rent payment
11-07-21,Traval,6217.0,!!!
09/21/2022,Entrtnmnt,5485.0,Train ticket
2024-06-30,Travl,1680.0,Monthly rent payment
2024-02-18,Traval,7553.0,asdfgh
06/24/2021,Rnt,6701.0,Monthly rent payment
12/24/2022,Freelance,74828.0,Medicine
03/19/2023,food,9691.0,Doctor consultation
,EDU,5610.0,Internet bill
06/18/2024,Educaton,5558.0,xyz123
,Freelance,71031.0,Online course
2024-06-17,Foods,3746.0,Fixed deposit
2024-06-10,RENT,2152.0,Restaurant dinner
07/13/2023,food,5074.0,Movie tickets
01-12-24,Rentt,18912.0,!!!
2021-01-01,Freelance,76296.0,Internet bill
12/16/2021,Foods,,Fixed deposit
09-09-2024,education,1439.0,asdfgh
2022-08-12,Entertain,9558.0,xyz123
06-05-23,health,8279.0,Online course
2021-09-21,TRAVEL,5193.0,Uber ride
2023-05-13,food,5961.0,Grocery shopping
2022-11-25,RENT,9110.0,Doctor consultation
04/30/2023,food,9339.0,Books
2024-04-08,Bonus,17616.0,asdfgh
2023-03-02,Others,363110.0,test
2021-12-14,Utilties,3915.0,Grocery shopping
2023-05-24,Entrtnmnt,6705.0,Electricity bill
10/10/2022,Rnt,3474.0,xyz123
2021-12-30,Investment,60680.0,Grocery shopping
02/17/2021,travel,8504.0,Internet bill
20-04-2022,Utilties,8978.0,EMI payment
2023-06-21,utilities,0.0,Train ticket
07/24/2021,Travl,5389.0,Shopping
07/10/2023,Rent,13749.0,Internet bill
12-05-2023,TRAVEL,6881.0,ATM withdrawal
,Rent,-1000.0,Monthly rent payment
06/07/2024,Bonus,59723.0,ATM withdrawal
2021-07-03,Utlities,581.0,Doctor consultation
04/22/2024,Travel,6384.0,Gym membership
04/19/2023,HEALTH,2659.0,Coffee
18-04-24,Foodd,651.0,EMI payment
12-03-21,food,6317.0,EMI payment
24-08-2023,Food,507.0,Uber ride
2024-04-06,Investment,54642.0,xyz123
26-03-2024,Rentt,47195.0,Electricity bill
2021-06-28,rent,1869.0,ATM withdrawal
25-10-2021,Entrtnmnt,295.0,Lunch
06-05-21,Education,9048.0,Fixed deposit
11/09/2021,Entertain,,Online course
2023-05-30,Travel,8896.0,xyz123
07/24/2024,EDU,1378.0,Doctor consultation
02/05/2022,Rent,12417.0,Online course
05-01-2024,entertainment,2708.0,asdfgh
07/17/2022,Travl,8749.0,misc
12/07/2021,RENT,5814.0,Shopping
2021-08-25,Education,990.0,Internet bill
2024-11-12,Travl,9148.0,test
07-11-2022,Traval,5872.0,Lunch
06/19/2024,Foods,1833.0,ATM withdrawal
27-05-2023,Foodd,1389.0,asdfgh
12/25/2021,utilities,244.0,Shopping
11-07-24,Food,3230.0,misc
03/01/2022,Education,1670.0,Electricity bill
26-08-24,Entertain,3843.0,misc
05/01/2022,Utility,3625.0,Internet bill
07/28/2024,Rent,34724.0,Online course
2024-05-12,Salary,74771.0,Internet bill
2024-12-11,Entrtnmnt,6216.0,Monthly rent payment
2024-01-22,Bonus,,xyz123
08/08/2024,EDU,3899.0,!!!
,Food,3863.0,Doctor consultation
11-11-23,utilities,1944.0,Online course
2021-03-29,Bonus,52448.0,Doctor consultation
20-12-24,EDU,2762.0,Internet bill
08/12/2021,Foodd,4243.0,test
06/26/2023,Utility,6933.0,Doctor consultation
2023-09-14,Traval,6310.0,Internet bill
2021-04-05,TRAVEL,1226.0,misc
2024-02-12,food,999999.0,test
06-01-2024,Investment,150335.0,Fixed deposit
2021-08-14,Bonus,26682.0,EMI payment
17-04-21,Entrtnmnt,7213.0,Monthly rent payment
06/19/2023,RENT,7484.0,Gym membership
22-06-22,Utility,667.0,Doctor consultation
2022-10-29,HEALTH,2716.0,Fixed deposit
08/27/2024,entertainment,8039.0,Lunch
2022-01-01,Utilties,9734.0,Electricity bill
02-02-24,rent,3753.0,Medicine
2022-09-06,RENT,4813.0,misc
03/02/2024,Foods,87.0,!!!
2023-11-26,Educaton,4468.0,test
2023-09-15,Travl,8457.0,Train ticket
2023-11-02,Investment,55022.0,Coffee
14-12-21,Freelance,66112.0,Electricity bill
16-01-21,entertainment,5327.0,!!!
04/03/2022,RENT,1414.0,Online course
06-07-23,Foods,2154.0,Shopping
2022-11-03,Foodd,3697.0,Gym membership
,Freelance,24946.0,Monthly rent payment
2021-09-07,Foodd,3025.0,Movie tickets
01/02/2021,utilities,479.0,!!!
2022-05-18,food,7238.0,ATM withdrawal
15-10-24,FOOD,4063.0,Uber ride
10/10/2021,Rent,27817.0,Lunch
2023-06-11,Bonus,24338.0,Electricity bill
09/06/2024,education,1007.0,Doctor consultation
2023-02-18,Traval,7821.0,Fixed deposit
2023-06-02,Utilities,9887.0,Uber ride
09/06/2024,Rnt,5712.0,Gym membership
2022-10-19,HEALTH,,!!!
2023-04-20,rent,7975.0,Online course
2022-01-04,Investment,45931.0,Coffee
2021-10-12,Utlities,7280.0,Electricity bill
08-11-24,FOOD,5702.0,Books
01-12-22,Investment,32079.0,Online course
10-08-24,Investment,75488.0,xyz123
2023-07-02,Foodd,1751.0,Monthly rent payment
2023-02-04,RENT,9053.0,!!!
10/10/2021,Traval,4997.0,!!!
10/19/2023,EDU,3246.0,Electricity bill
06/25/2024,Freelance,63148.0,asdfgh
02/13/2022,Rnt,4013.0,test
,Foodd,2273.0,Restaurant dinner
09-03-24,Bonus,11928.0,Electricity bill
22-06-2022,Utlities,2746.0,Grocery shopping
2023-09-15,TRAVEL,5947.0,Movie tickets
07/21/2023,Entertain,3720.0,Movie tickets
08/27/2021,Foods,1364.0,test
04-08-2024,Foods,985.0,Fixed deposit
04-01-21,HEALTH,349.0,Lunch
2024-10-12,Travl,6273.0,asdfgh
16-02-23,Foodd,909.0,Lunch
21-07-2023,Foods,3319.0,Coffee
08/27/2023,Saving,9082.0,Online course
2021-05-24,Rentt,47628.0,Grocery shopping
19-06-22,Freelance,72659.0,xyz123
09/20/2023,Utilities,1245.0,Lunch
2023-09-29,Utility,9363.0,Gym membership
2024-08-16,FOOD,6031.0,Fixed deposit
2024-10-06,Rent,39856.0,xyz123
23-11-24,Rentt,22043.0,Movie tickets
12/24/2021,Investment,68795.0,Train ticket
2022-10-30,Helth,5101.0,Books
2021-12-22,Utility,7017.0,xyz123
2024-06-29,Travl,,Train ticket
07/08/2021,education,7795.0,Internet bill
28-09-22,Freelance,55496.0,Doctor consultation
2023-03-07,Others,42053.0,EMI payment
2023-11-30,Utilities,7355.0,!!!
10-11-22,Entrtnmnt,2644.0,xyz123
28-10-24,Rnt,7640.0,Books
2022-05-11,travel,7868.0,test
2024-04-15,rent,-1000.0,Lunch
2024-09-27,education,9264.0,xyz123
2022-04-28,Fod,2225.0,asdfgh
29-12-2023,RENT,5666.0,Grocery shopping
19-06-2024,Saving,6641.0,Doctor consultation
08-01-2022,savings,3600.0,Gym membership
,Foodd,1596.0,Monthly rent payment
02-04-23,Food,2852.0,Lunch
2022-08-03,food,8760.0,Shopping
11/17/2023,savings,9150.0,Petrol
29-12-22,Utilities,6083.0,ATM withdrawal
05/12/2023,Rnt,2323.0,Doctor consultation
2021-08-04,Foodd,3478.0,Restaurant dinner
2022-03-15,health,2182.0,Restaurant dinner
01/06/2021,entertainment,4271.0,Grocery shopping
08/12/2021,Food,3233.0,Internet bill
27-08-23,health,6802.0,Lunch
03-02-21,Traval,8375.0,misc
13-02-24,Foods,4755.0,Shopping
03/28/2022,Bonus,70309.0,Movie tickets
30-09-22,Food,3924.0,Movie tickets
20-11-21,Rent,15983.0,Restaurant dinner
11/11/2023,Food,3773.0,Doctor consultation
16-10-21,Food,4746.0,asdfgh
2021-05-04,FOOD,4652.0,Shopping
25-02-2022,RENT,627.0,misc
12/25/2023,Entertain,4541.0,Monthly rent payment
2022-02-21,Utlities,2960.0,Lunch
,TRAVEL,7384.0,ATM withdrawal
2024-10-03,entertainment,4216.0,Restaurant dinner
15-04-24,Freelance,44232.0,Books
2023-03-28,Others,30202.0,Fixed deposit
2024-02-22,Foods,1942.0,Restaurant dinner
2022-12-19,rent,4460.0,!!!
2024-12-06,Food,2404.0,Monthly rent payment
02-08-24,Other,121.0,misc
11/29/2023,utilities,3289.0,Monthly rent payment
31-01-21,Education,4030.0,xyz123
05/12/2022,education,8617.0,Movie tickets
29-11-24,EDU,5359.0,Movie tickets
09-03-2021,Utilities,1954.0,Grocery shopping
2021-07-27,Rent,15158.0,Fixed deposit
21-08-22,FOOD,6824.0,test
2022-09-08,rent,1862.0,Shopping
27-01-2024,Other,6949.0,test
2024-11-11,Helth,8509.0,Uber ride
02-10-21,Education,8364.0,Lunch
02/08/2021,Foods,341.0,Electricity bill
02/04/2021,education,5193.0,Doctor consultation
11/07/2021,Rent,9415.0,Movie tickets
11/30/2024,Investment,69496.0,ATM withdrawal
19-08-2023,Rnt,1751.0,Grocery shopping
14-08-22,Utlities,1102.0,Shopping
2024-10-29,food,7063.0,EMI payment
2022-01-26,Entertain,1125.0,ATM withdrawal
2022-01-07,Bonus,38108.0,Online course
2023-03-10,FOOD,5145.0,Electricity bill
03/24/2024,Traval,1456.0,!!!
14-05-2024,Utilties,2290.0,Train ticket
08/18/2023,Rnt,6993.0,test
22-09-22,Investment,72560.0,Fixed deposit
09/18/2024,Foodd,4047.0,Books
11/22/2021,Bonus,,Lunch
04/20/2024,Salary,15480.0,Doctor consultation
2024-05-08,Entertainment,3808.0,Medicine
2024-03-05,Education,9578.0,Electricity bill
2023-11-27,Foods,2835.0,Coffee
2021-03-11,travel,1261.0,Gym membership
27-04-22,FOOD,1629.0,Internet bill
2021-10-12,rent,3213.0,Books
2022-06-29,Utilties,630.0,Shopping
2024-08-17,Utlities,3479.0,!!!
2024-08-01,education,3966.0,ATM withdrawal
2023-12-22,entertainment,2489.0,Gym membership
05-05-24,Others,73950.0,Doctor consultation
2023-10-18,Entrtnmnt,6236.0,Monthly rent payment
2022-03-21,food,3222.0,Medicine
11/23/2024,Rent,23309.0,Medicine
2022-02-22,Others,70095.0,Petrol
2021-04-04,food,8285.0,Coffee
2021-03-10,HEALTH,7366.0,Fixed deposit
2021-11-06,EDU,-500.0,Books
10/12/2024,Bonus,34138.0,misc
16-10-2021,Fod,2412.0,Grocery shopping
01-02-22,Utilities,952.0,Shopping
2021-10-02,RENT,9210.0,Internet bill
07-01-2024,Others,72708.0,Internet bill
2022-03-25,Foods,4834.0,Movie tickets
10/15/2023,Investment,44957.0,misc
10/30/2023,Bonus,11212.0,Online course
13-11-21,Food,3736.0,test
11-11-2022,Rent,28652.0,Grocery shopping
,Rent,37558.0,EMI payment
2023-01-15,utilities,207.0,misc
2024-12-29,Rnt,3060.0,Grocery shopping
02-01-21,Rnt,6980.0,Electricity bill
2022-09-26,Freelance,46028.0,asdfgh
06-03-23,Foods,2785.0,Petrol
2022-05-25,Saving,8847.0,Online course
2024-03-05,Foodd,2831.0,Uber ride
26-05-23,Travel,7429.0,Coffee
2023-11-05,Foods,151.0,Restaurant dinner
2022-07-07,EDU,999999999.0,Monthly rent payment
2022-03-28,Entrtnmnt,7223.0,test
18-10-21,Food,1413.0,Electricity bill
2022-06-04,Utilties,2918.0,Petrol
2024-08-23,Freelance,17088.0,EMI payment
22-05-2022,EDU,144.0,Movie tickets
08/17/2021,Rnt,6317.0,Gym membership
2024-01-01,Foods,757.0,Grocery shopping
01/09/2023,savings,6288.0,ATM withdrawal
07/06/2022,Foods,850.0,Gym membership
06/19/2023,SAVINGS,7713.0,Lunch
2023-06-19,Entrtnmnt,8190.0,Monthly rent payment
10/26/2024,Travel,6332.0,Movie tickets
2021-01-31,Utlities,4045.0,Coffee
2024-04-28,Utilities,,Medicine
11/30/2024,Food,3586.0,!!!
2022-11-19,utilities,302.0,Restaurant dinner
05/02/2023,Foods,611.0,Grocery shopping
,entertainment,3832.0,Doctor consultation
11/06/2024,food,1669.0,Uber ride
2022-04-14,Entrtnmnt,8897.0,Restaurant dinner
2021-09-20,Foods,3610.0,Movie tickets
03-10-24,Foods,2874.0,Train ticket
2022-10-15,Travel,190.0,Lunch
01-04-22,Travel,2866.0,ATM withdrawal
2024-08-25,education,5782.0,Monthly rent payment
13-03-22,Utilities,5280.0,Books
,Travel,5848.0,xyz123
13-10-24,Entertain,6687.0,Gym membership
22-06-22,RENT,,Movie tickets
2023-09-03,utilities,8602.0,!!!
07/25/2024,EDU,3905.0,!!!
01/17/2024,Salary,42684.0,Petrol
04/15/2024,Utilties,1996.0,Books
17-09-2021,Travl,4672.0,Electricity bill
07/13/2021,Investment,46843.0,Doctor consultation
02/16/2022,Travl,925.0,Lunch
05/03/2024,Travel,3474.0,!!!
2024-10-16,rent,5355.0,Medicine
2024-12-01,Others,48249.0,Coffee
29-11-2023,Utilities,159.0,Monthly rent payment
08/03/2024,rent,,ATM withdrawal
2022-04-11,Food,3341.0,Fixed deposit
2023-07-04,Foodd,126.0,EMI payment
2021-10-16,Utlities,1553.0,Internet bill
08-12-21,Utlities,7129.0,misc
08/20/2023,Utilities,6469.0,Shopping
07/14/2022,food,3773.0,Medicine
08-01-24,utilities,3890.0,Medicine
09/07/2024,Others,48358.0,Monthly rent payment
03/08/2022,Traval,5714.0,Books
03/31/2024,Utility,3308.0,misc
2022-01-03,Entertainment,4744.0,Monthly rent payment
03/31/2022,Travel,-500.0,Monthly rent payment
2023-09-27,Entertainment,0.0,Petrol
04/01/2023,Entertainment,2971.0,Petrol
09/17/2023,Fod,9956.0,asdfgh
10/13/2021,entertainment,6527.0,ATM withdrawal
2021-10-28,Travel,8987.0,test
20-07-24,Travl,1090.0,!!!
22-09-2023,RENT,4930.0,Monthly rent payment
08-01-24,Investment,79248.0,Internet bill
08/13/2021,Foods,3906.0,!!!
08/06/2022,Rent,24254.0,Grocery shopping
31-01-2023,Rent,39660.0,Online course
05/02/2024,entertainment,2821.0,Gym membership
05-11-22,Food,3634.0,Medicine
,Fod,6616.0,Uber ride
2023-11-16,Bonus,65768.0,Books
2023-10-18,Traval,7179.0,Internet bill
04-09-24,RENT,8336.0,Online course
13-06-2022,Educaton,3199.0,asdfgh
2022-12-28,Entertainment,,Gym membership
2023-08-07,Entertain,5749.0,xyz123
16-04-24,Traval,8478.0,Online course
2021-04-24,Entrtnmnt,5033.0,!!!
03-10-2021,Salary,68977.0,misc
25-01-2024,Fod,2737.0,Monthly rent payment
11/16/2024,HEALTH,8072.0,!!!
2022-04-21,food,2905.0,Grocery shopping
2021-12-10,Utility,7694.0,Gym membership
2023-12-14,Education,3701.0,ATM withdrawal
2023-06-06,RENT,8956.0,Books
03-08-2021,HEALTH,1777.0,asdfgh
05/19/2022,RENT,4730.0,asdfgh
08/26/2023,Utility,5615.0,Movie tickets
01/29/2021,Salary,44992.0,Shopping
2023-12-22,Rent,47588.0,Monthly rent payment
2024-08-13,Food,3102.0,Fixed deposit
2024-08-27,Foodd,941.0,misc
2024-12-22,Traval,1829.0,Doctor consultation
06/29/2022,Freelance,73380.0,ATM withdrawal
08/15/2022,travel,2306.0,Electricity bill
01/05/2022,FOOD,4036.0,!!!
04-09-2021,Rnt,5312.0,asdfgh
02-10-21,Health,7618.0,Medicine
08/12/2021,Rnt,-500.0,!!!
2021-12-28,Foods,3302.0,Grocery shopping
,Other,6555.0,!!!
12/14/2024,Bonus,20953.0,xyz123
2021-02-03,FOOD,7505.0,Internet bill
2021-02-20,others,5549.0,Online course
16-10-23,Bonus,14365.0,Online course
12/17/2024,Entertain,8483.0,Shopping
05-07-2024,Utilities,646.0,test
06-08-2022,Bonus,65773.0,Books
07-09-22,Bonus,79565.0,Electricity bill
2022-05-15,Foods,3279.0,misc
21-09-2023,utilities,6835.0,Doctor consultation
12-08-22,FOOD,6533.0,!!!
2023-02-14,Utility,3006.0,Lunch
02-08-2024,Freelance,23898.0,Doctor consultation
,FOOD,2996.0,Restaurant dinner
2022-12-29,Others,22632.0,Internet bill
21-06-24,Investment,69406.0,Electricity bill
21-07-23,Utilties,,!!!
11/22/2021,Utilities,8733.0,Train ticket
12-09-21,Rentt,,Uber ride
2024-10-17,Entertain,8882.0,Grocery shopping
04-12-23,Utlities,6373.0,misc
06/13/2024,Foods,3299.0,EMI payment
04-01-21,rent,4357.0,Fixed deposit
26-02-2024,Traval,2625.0,Uber ride
2021-08-20,RENT,9638.0,Train ticket
07/21/2021,entertainment,8991.0,Monthly rent payment
24-11-2023,rent,7308.0,Online course
01/17/2022,Fod,6135.0,asdfgh
2023-02-07,RENT,5126.0,Train ticket
12/17/2023,rent,592.0,Coffee
21-10-24,FOOD,8176.0,Lunch
2023-12-18,entertainment,5598.0,Shopping
22-01-22,Salary,41288.0,Doctor consultation
15-07-2024,FOOD,3233.0,!!!
2023-10-26,Saving,5715.0,Electricity bill
10/26/2024,Investment,42045.0,Online course
10/10/2023,Rentt,6214.0,Electricity bill
2024-07-08,Travel,7475.0,Shopping
2023-04-15,education,8679.0,Medicine
02/27/2021,Rent,48454.0,Online course
07/08/2021,Rnt,2765.0,misc
2023-03-25,TRAVEL,2905.0,EMI payment
12/29/2021,Rent,5699.0,misc
2021-09-11,Foodd,2114.0,Restaurant dinner
17-11-24,Health,5312.0,EMI payment
11/25/2024,utilities,194.0,Grocery shopping
04/17/2021,Others,21264.0,Online course
01/06/2024,Rentt,14410.0,misc
2023-02-17,Utilities,2317.0,test
2021-03-29,Rentt,16454.0,Online course
2024-07-24,Food,435.0,Doctor consultation
03-10-2021,Salary,68977.0,misc
09/18/2023,Travel,6021.0,Petrol
06-10-2021,Savings,999999.0,Gym membership
2022-06-03,savings,9976.0,Gym membership
2023-12-18,Salary,24773.0,Monthly rent payment
2022-09-02,Foodd,2213.0,Doctor consultation
2021-08-04,others,4606.0,Electricity bill
2022-11-10,health,3744.0,Doctor consultation
03/31/2021,Utilities,4521.0,misc
29-07-2022,HEALTH,2352.0,Grocery shopping
09/05/2024,entertainment,4736.0,Lunch
2023-03-21,Freelance,28542.0,Monthly rent payment
2024-11-20,RENT,,Restaurant dinner
20-02-21,health,4343.0,Train ticket
2024-03-27,Food,,Electricity bill
,Traval,5108.0,Train ticket
2022-11-04,Educaton,,Coffee
2024-03-04,Fod,4342.0,xyz123
2021-03-13,Travl,6201.0,Medicine
22-10-23,Travel,4659.0,Coffee
2023-09-13,Travel,8172.0,Doctor consultation
2022-02-21,Food,3122.0,Electricity bill
08/10/2021,TRAVEL,1269.0,Online course
2023-04-06,Salary,69892.0,Grocery shopping
2022-06-22,Travel,,Books
05-06-2023,Traval,4290.0,Uber ride
30-04-21,Foods,3485.0,Electricity bill
,Other,6403.0,Movie tickets
07/26/2021,EDU,391.0,Medicine
02-06-2022,Entertain,,test
2021-02-14,Foodd,1564.0,ATM withdrawal
2021-12-30,Entertainment,3740.0,Shopping
2024-03-21,Bonus,17575.0,Medicine
11/10/2021,Travl,7527.0,Fixed deposit
2021-10-21,entertainment,6155.0,EMI payment
2022-08-26,Travel,3605.0,Coffee
03-07-22,Utility,9791.0,xyz123
12/01/2023,Entertainment,5605.0,Fixed deposit
19-02-21,Travel,6362.0,Shopping
2021-03-26,FOOD,6819.0,Gym membership
2023-05-04,Foods,2829.0,Fixed deposit
,FOOD,9242.0,Books
12/10/2023,EDU,445.0,Online course
08-03-24,Utilties,8153.0,ATM withdrawal
2024-04-03,Utilities,1401.0,Online course
2022-12-11,RENT,8167.0,ATM withdrawal
,Foods,4503.0,test
2023-08-31,Rentt,14941.0,Uber ride
11/02/2023,Foodd,272.0,Coffee
2023-11-10,FOOD,4839.0,EMI payment
14-10-22,Rentt,38710.0,Gym membership
30-01-23,Food,4500.0,xyz123
28-01-23,utilities,9406.0,Gym membership
2023-02-10,travel,,xyz123
04/25/2023,RENT,4452.0,EMI payment
14-07-2022,entertainment,5784.0,Fixed deposit
2021-05-29,Foodd,685.0,Monthly rent payment
24-10-2022,Traval,7596.0,ATM withdrawal
14-05-2023,Foods,833.0,Uber ride
26-05-24,Fod,8831.0,Restaurant dinner
2023-12-10,Bonus,48899.0,Medicine
27-10-2022,EDU,7364.0,EMI payment
2024-03-23,rent,8260.0,Fixed deposit
2022-06-10,Rent,16911.0,Uber ride
03/27/2022,Fod,5319.0,Fixed deposit
02-11-23,Investment,55994.0,Doctor consultation
2023-01-16,Entertainment,943.0,Online course
2022-06-07,health,991.0,Coffee
20-03-24,Foods,2969.0,Coffee
2023-07-18,Entrtnmnt,4279.0,Uber ride
09/18/2023,Fod,4921.0,Monthly rent payment
06/15/2022,Bonus,61153.0,Restaurant dinner
2024-11-23,Food,4921.0,Restaurant dinner
2022-11-22,OTHERS,3418.0,Books
05/07/2021,Salary,39567.0,Gym membership
2022-08-31,Investment,74667.0,xyz123
17-10-21,Helth,2633.0,Books
2023-09-24,Foods,913.0,Online course
02/21/2023,Education,7566.0,Doctor consultation
12/02/2023,Others,24464.0,Doctor consultation
04/20/2023,Utlities,8410.0,!!!
06/10/2022,Utilities,,Online course
2024-01-22,RENT,,Grocery shopping
17-08-2021,Others,74602.0,Gym membership
08/16/2024,savings,5399.0,Petrol
01-07-2023,Investment,36331.0,Internet bill
2021-10-08,rent,1783.0,xyz123
11/29/2022,food,4578.0,xyz123
17-12-24,Helth,2035.0,Gym membership
2023-05-23,Travl,2374.0,Uber ride
01/24/2022,Travl,8666.0,ATM withdrawal
04-08-23,RENT,9609.0,Restaurant dinner
11-03-24,FOOD,2175.0,Medicine
07/21/2024,RENT,5855.0,Movie tickets
11-03-2022,Bonus,74511.0,Restaurant dinner
2021-07-04,Others,29690.0,Restaurant dinner
08-08-22,Entertain,694.0,test
2021-11-01,RENT,5282.0,Shopping
2021-10-07,Bonus,60194.0,xyz123
09/27/2022,food,6565.0,Internet bill
2021-02-19,Salary,12836.0,Monthly rent payment
2023-10-23,food,5779.0,Monthly rent payment
08/06/2022,Rent,24254.0,Grocery shopping
30-04-24,Food,2451.0,Electricity bill
22-01-24,Fod,999999.0,Shopping
21-09-2024,TRAVEL,5916.0,Medicine
07-04-2024,travel,8705.0,Internet bill
2023-06-25,Travel,,Books
01/07/2021,Fod,,Fixed deposit
,TRAVEL,4389.0,misc
2021-07-25,Entertain,,test
2024-06-25,Entertainment,-1000.0,Coffee
22-05-23,Entrtnmnt,2839.0,EMI payment
2024-03-07,Food,291.0,Lunch
11/28/2023,Utility,8076.0,test
10/03/2022,rent,5223.0,xyz123
02/13/2021,Traval,,Movie tickets
07-08-24,FOOD,3559.0,test
14-08-2023,RENT,6907.0,asdfgh
2022-08-30,Bonus,38776.0,asdfgh
21-10-2023,Entertain,853.0,Restaurant dinner
05/27/2021,TRAVEL,5867.0,EMI payment
04/20/2024,Entertainment,1125.0,Coffee
21-11-24,Utlities,491.0,Lunch
07-10-2024,Traval,9709.0,Petrol
02-04-23,Utilities,7477.0,Gym membership
2023-09-25,Bonus,,ATM withdrawal
01-11-24,Health,7603.0,Gym membership
2022-09-26,health,5387.0,Electricity bill
04/22/2023,Utlities,6115.0,Gym membership
19-02-23,food,6575.0,Medicine
04/08/2021,Health,9520.0,xyz123
03/25/2022,Food,2345.0,Doctor consultation
2023-05-22,Foodd,1341.0,test
02/23/2023,Salary,27431.0,Gym membership
08/18/2022,Helth,1906.0,Electricity bill
05/17/2021,OTHERS,9157.0,Books
20-12-2024,Helth,1233.0,Doctor consultation
25-08-2023,FOOD,7992.0,Monthly rent payment
2024-03-04,Fod,4342.0,xyz123
02/29/2024,Entertain,2897.0,Train ticket
11/10/2023,Utlities,6977.0,asdfgh
03-12-22,Rnt,4284.0,misc
10-01-21,food,1714.0,Uber ride
2024-09-05,Investment,24915.0,Petrol
08/12/2022,FOOD,698.0,Medicine
2023-12-01,Helth,6777.0,xyz123
08/31/2023,Entrtnmnt,-1000.0,Gym membership
2022-05-22,Investment,10440.0,!!!
16-10-2022,RENT,6814.0,Petrol
17-10-21,Rent,6504.0,asdfgh
10/11/2022,Rent,13684.0,Restaurant dinner
08/11/2022,FOOD,2261.0,EMI payment
2022-08-19,Rentt,5827.0,Electricity bill
2021-06-20,food,4469.0,Uber ride
28-01-21,utilities,6008.0,ATM withdrawal
06-08-22,savings,7251.0,Online course
08-07-24,health,6883.0,Grocery shopping
2022-08-05,Entertain,3054.0,Shopping
22-11-23,Salary,45815.0,Gym membership
05/11/2021,Education,8791.0,Doctor consultation
2024-08-23,utilities,2705.0,Monthly rent payment
15-06-2022,Fod,8215.0,Monthly rent payment
2024-08-20,Food,4861.0,Coffee
22-08-22,Entertainment,1951.0,Electricity bill
2023-12-22,Utilties,4656.0,Electricity bill
2021-10-06,Others,61674.0,EMI payment
04/11/2024,Utlities,5559.0,Coffee
2023-08-18,food,1248.0,Train ticket
2024-12-09,Freelance,22156.0,Coffee
08-04-23,Freelance,,Fixed deposit
08/15/2022,education,2565.0,Lunch
2023-02-21,Food,2759.0,Internet bill
2024-08-11,Bonus,39095.0,Train ticket
2023-12-24,SAVINGS,3788.0,Monthly rent payment
18-05-2022,Utlities,7543.0,Uber ride
2024-02-17,Entrtnmnt,5409.0,Monthly rent payment
2023-02-05,Rnt,5904.0,Medicine
26-07-22,EDU,2763.0,Fixed deposit
2023-09-21,Freelance,,Online course
26-11-21,TRAVEL,137.0,Petrol
2021-04-15,Fod,1520.0,Restaurant dinner
03/10/2022,Investment,64672.0,xyz123
2024-03-03,food,2603.0,Electricity bill
09/12/2023,Savings,1437.0,Train ticket
01/09/2022,FOOD,3225.0,misc
19-11-24,Travl,6068.0,EMI payment
24-01-22,Food,4352.0,ATM withdrawal
2022-12-15,Salary,26112.0,!!!
2024-05-08,Travl,8617.0,Coffee
2024-08-30,food,9142.0,Gym membership
2022-01-20,education,4316.0,Uber ride
11/03/2024,Foodd,4016.0,misc
2024-06-10,food,1363.0,xyz123
06/16/2023,Investment,27837.0,EMI payment
10/08/2021,Fod,3766.0,Coffee
11/26/2024,Entrtnmnt,5191.0,Online course
2021-05-18,Utility,2613.0,test
2022-01-17,Food,629.0,Doctor consultation
2024-05-24,Travl,8912.0,Monthly rent payment
02/24/2024,Travl,9928.0,Online course
08/01/2021,Travl,2058.0,Internet bill
2023-12-07,travel,558.0,Train ticket
2022-02-22,Others,12632.0,asdfgh
16-01-21,Rentt,35468.0,asdfgh
03/22/2023,FOOD,9481.0,misc
27-02-21,Freelance,77274.0,Medicine
10/24/2024,Freelance,57382.0,test
18-12-22,Salary,50892.0,Internet bill
,Rnt,3951.0,Uber ride
2022-08-10,health,6178.0,Internet bill
03/03/2023,Traval,9605.0,Monthly rent payment
2024-09-02,Foods,0.0,Lunch
2021-07-17,Education,3065.0,Online course
01/20/2022,Travl,5272.0,Grocery shopping
2022-02-17,Freelance,20394.0,Monthly rent payment
2023-08-05,education,4179.0,Fixed deposit
2024-12-05,Rent,29543.0,Petrol
02/18/2022,Foods,3140.0,test
2023-04-15,food,6907.0,Internet bill
2022-07-13,rent,4863.0,ATM withdrawal
2023-12-16,HEALTH,7489.0,ATM withdrawal
09/25/2024,Entertain,618.0,Grocery shopping
2023-05-31,Rentt,45251.0,EMI payment
04/27/2023,Educaton,3236.0,Electricity bill
09-07-2022,Foodd,2321.0,Uber ride
13-09-21,utilities,8292.0,Books
09/01/2023,Salary,55883.0,Medicine
2024-03-06,Utility,1582.0,test
2022-04-10,Salary,74036.0,Online course
21-11-23,Investment,60888.0,Gym membership
29-07-22,Entertain,7059.0,Internet bill
2024-02-03,FOOD,7712.0,Restaurant dinner
2024-12-10,travel,4369.0,Lunch
2024-09-25,Foods,3000.0,Restaurant dinner
01-06-21,Travel,7086.0,Online course
2024-08-12,Bonus,30889.0,Online course
2024-11-28,Investment,38597.0,Coffee
01-06-23,TRAVEL,9115.0,ATM withdrawal
03/29/2024,Travel,9213.0,Monthly rent payment
10-06-24,Utility,5281.0,Restaurant dinner
12/27/2024,Food,,Shopping
2022-06-03,food,1934.0,Doctor consultation
09/05/2022,Savings,2722.0,Online course
10/03/2024,Foodd,3656.0,Medicine
12/10/2022,OTHERS,7998.0,Movie tickets
17-10-2022,Food,4781.0,Restaurant dinner
2023-11-29,Food,4924.0,Shopping
08/01/2021,Travl,2058.0,Internet bill
2021-08-21,Others,12387.0,Monthly rent payment
23-03-22,Utlities,7241.0,Doctor consultation
09-10-21,travel,6606.0,asdfgh
02/06/2024,RENT,4484.0,!!!
05/25/2023,Health,0.0,ATM withdrawal
04/02/2022,Utlities,8228.0,Online course
2021-08-30,Rentt,12870.0,Grocery shopping
27-10-21,Educaton,4824.0,misc
30-06-24,TRAVEL,754.0,!!!
18-12-24,Freelance,17765.0,Medicine
20-11-22,Salary,71698.0,Lunch
,Others,7892.0,Restaurant dinner
2022-09-26,Travel,5908.0,Coffee
2022-04-11,HEALTH,5710.0,Books
01/06/2024,Investment,30482.0,Internet bill
10/10/2024,Travel,3550.0,Shopping
07/28/2022,Rnt,1953.0,Books
02/08/2023,Utilities,,asdfgh
2022-06-06,RENT,4138.0,Fixed deposit
2021-02-12,Investment,33121.0,Train ticket
2024-01-14,Others,35208.0,Restaurant dinner
2022-04-17,Bonus,26749.0,Medicine
2024-05-13,HEALTH,8053.0,Electricity bill
12/07/2024,Fod,5784.0,Internet bill
2021-05-21,Rentt,36216.0,asdfgh
18-10-21,utilities,784.0,ATM withdrawal
04/02/2023,Rent,23718.0,Monthly rent payment
02/13/2023,Salary,,EMI payment
11/15/2021,rent,8712.0,xyz123
2024-09-18,Foods,3301.0,Uber ride
08-01-2023,Fod,6794.0,misc
05/27/2023,Savings,153.0,Coffee
08/08/2024,Travl,,ATM withdrawal
2024-02-12,food,999999.0,test
29-10-2023,Entertainment,143.0,Coffee
12/21/2021,travel,0.0,Movie tickets
09-10-24,FOOD,6243.0,Monthly rent payment
03/12/2023,Foods,3633.0,Electricity bill
2021-09-25,HEALTH,1119.0,Doctor consultation
01-07-2023,Utility,1449.0,Petrol
01/07/2023,Utilties,648.0,EMI payment
12-11-23,Foodd,548.0,Online course
04-11-2022,Salary,20916.0,ATM withdrawal
08/16/2024,Rentt,41974.0,Medicine
2022-08-26,Travel,3605.0,Coffee
27-08-22,TRAVEL,1405.0,ATM withdrawal
07/28/2024,Rentt,29584.0,Online course
12/12/2022,Freelance,45846.0,Coffee
2021-06-29,Investment,49021.0,Coffee
04-09-23,Educaton,6047.0,Coffee
16-03-2021,Entrtnmnt,3516.0,asdfgh
2022-08-14,Food,2637.0,Fixed deposit
20-02-23,health,932.0,Train ticket
04-07-22,Food,2745.0,EMI payment
04/17/2022,TRAVEL,5434.0,EMI payment
06/18/2023,Travl,7329.0,ATM withdrawal
2023-11-18,Utilties,1542.0,Uber ride
04/04/2022,Freelance,15508.0,Fixed deposit
02/02/2022,Utilities,3365.0,Shopping
2023-08-10,utilities,1388.0,Lunch
04/09/2022,Travel,4373.0,Train ticket
15-01-21,Other,6600.0,Grocery shopping
08/19/2024,Food,4293.0,misc
02-10-23,Entrtnmnt,2796.0,Movie tickets
2023-03-06,Rnt,5876.0,Books
2023-08-20,TRAVEL,2217.0,Electricity bill
2023-09-24,Food,920.0,Petrol
2024-12-11,Entrtnmnt,6216.0,Monthly rent payment
2023-06-23,Bonus,35688.0,Lunch
26-05-2022,Foodd,166.0,Shopping
2023-07-28,Utilties,8097.0,asdfgh
2021-07-21,Utilities,1874.0,Train ticket
17-04-21,RENT,4898.0,Online course
10/02/2022,Travel,3290.0,Medicine
03/12/2022,Utilties,2737.0,Internet bill
16-11-24,travel,3430.0,Movie tickets
2023-05-22,utilities,1857.0,Coffee
2023-02-03,Rent,35289.0,Doctor consultation
11/03/2022,Others,35716.0,Books
2022-02-25,entertainment,5518.0,!!!
2024-10-27,TRAVEL,6385.0,EMI payment
05-05-2024,Fod,7571.0,Medicine
2023-08-07,rent,307.0,ATM withdrawal
2024-04-30,Rentt,9256.0,Uber ride
12/19/2021,food,2955.0,Restaurant dinner
2021-11-02,Food,4336.0,Lunch
08/18/2023,Foods,4435.0,EMI payment
01-01-22,Traval,4726.0,Internet bill
2021-09-13,utilities,825.0,ATM withdrawal
05/18/2023,Foods,4945.0,Medicine
08/25/2023,rent,3128.0,Petrol
20-04-24,education,273.0,asdfgh
2021-10-26,Others,9113.0,Grocery shopping
31-07-22,RENT,8149.0,ATM withdrawal
05/03/2024,travel,1137.0,Medicine
03-07-2023,Rnt,8949.0,!!!
26-05-2023,Rentt,17876.0,Restaurant dinner
2022-08-03,Food,3280.0,xyz123
2021-10-21,food,9139.0,Fixed deposit
03-03-2021,Rnt,3542.0,Books
2022-06-24,Others,63184.0,Electricity bill
2022-03-27,Investment,46693.0,Movie tickets
10/20/2021,Freelance,,Electricity bill
04/24/2021,Entertainment,546.0,Coffee
2022-11-29,RENT,999999999.0,Petrol
26-08-24,Travl,7004.0,Movie tickets
21-09-2021,RENT,2761.0,!!!
23-08-2022,Entrtnmnt,8647.0,Lunch
16-01-2021,Freelance,11675.0,Lunch
2022-09-05,food,1060.0,xyz123
28-08-2023,travel,8158.0,Petrol
,Helth,4409.0,Grocery shopping
06-05-23,entertainment,5748.0,Electricity bill
02/20/2021,Others,32787.0,Grocery shopping
13-11-23,Entertain,4780.0,Coffee
08/07/2023,RENT,7057.0,Train ticket
06-03-21,Educaton,999999999.0,Restaurant dinner
09/08/2021,Rent,44608.0,Books
10/03/2022,rent,5223.0,xyz123
14-09-23,Fod,3216.0,Monthly rent payment
15-08-24,Utility,5706.0,Doctor consultation
2022-11-04,utilities,,Doctor consultation
12-12-22,Foods,2643.0,Petrol
2022-02-02,Rentt,21307.0,Electricity bill
25-02-23,Rentt,47746.0,Doctor consultation
2024-12-19,Foodd,2367.0,EMI payment
2022-12-10,Rentt,17147.0,Electricity bill
2021-06-15,Education,999999999.0,Grocery shopping
2021-05-23,Travel,2621.0,Monthly rent payment
2022-04-06,Rentt,21220.0,Books
09/20/2024,Educaton,7706.0,test
05/13/2021,Entertain,5925.0,Lunch
2024-01-10,RENT,7773.0,misc
2022-04-27,Entertain,9734.0,misc
08/21/2023,Utilities,4621.0,Restaurant dinner
06-08-22,Fod,8721.0,Movie tickets
10/25/2021,EDU,1312.0,EMI payment
2021-10-18,Fod,7901.0,Monthly rent payment
2023-09-29,Helth,5275.0,Monthly rent payment
2023-12-12,Traval,8801.0,!!!
2023-06-16,Entrtnmnt,2196.0,Fixed deposit
2022-04-15,Salary,18123.0,Medicine
2021-01-07,Entertainment,5980.0,Online course
13-02-2021,Rent,13715.0,Movie tickets
2023-06-28,Education,9690.0,Movie tickets
2023-06-25,Others,63122.0,Restaurant dinner
08-03-2024,Salary,63957.0,Doctor consultation
2023-05-28,health,4000.0,Grocery shopping
2021-08-16,food,,EMI payment
09/10/2022,Utilties,249.0,Grocery shopping
22-02-2023,Others,22572.0,Online course
19-08-21,Rentt,42308.0,xyz123
05/08/2022,RENT,1977.0,ATM withdrawal
03-06-2024,savings,3479.0,Medicine
23-03-2024,Utlities,1051.0,Train ticket
2024-05-09,Investment,14041.0,Shopping
19-07-2023,Utilties,5076.0,Medicine
08/31/2023,rent,1964.0,asdfgh
2021-01-17,Salary,51541.0,misc
27-03-21,Education,2600.0,Monthly rent payment
2024-10-11,Health,5536.0,test
11-02-21,Foods,999999999.0,misc
2023-08-29,Traval,9767.0,Electricity bill
11/05/2023,FOOD,4567.0,Train ticket
2024-07-19,food,3201.0,Doctor consultation
06-04-21,education,7109.0,Online course
2022-02-27,Savings,8301.0,Fixed deposit
2023-06-28,rent,6760.0,Uber ride
2021-06-11,Others,45898.0,Medicine
24-11-2022,Foods,,misc
09/14/2024,Fod,5821.0,Medicine
2024-11-27,Travel,7804.0,EMI payment
12/12/2023,Others,62177.0,Internet bill
2021-04-18,Freelance,73105.0,Monthly rent payment
2023-10-22,utilities,4781.0,Electricity bill
2021-08-23,RENT,4419.0,EMI payment
2023-10-29,TRAVEL,7914.0,Gym membership
2023-06-22,entertainment,999999.0,Shopping
05/28/2022,Foodd,3689.0,ATM withdrawal
03/17/2022,Foods,4890.0,Electricity bill
2024-06-17,Rent,11741.0,test
10/18/2021,Traval,7433.0,Petrol
2024-12-30,Utility,7937.0,Books
06/12/2023,Helth,9623.0,xyz123
2022-01-25,FOOD,7663.0,asdfgh
2021-10-11,Rnt,4301.0,Lunch
2024-09-06,Utlities,3591.0,Movie tickets
03/22/2023,EDU,7345.0,Uber ride
17-09-21,Bonus,41966.0,xyz123
02/28/2022,Utlities,2906.0,Electricity bill
23-06-24,Freelance,61216.0,Medicine
31-10-21,Others,78388.0,Gym membership
2023-11-03,Travel,2165.0,Grocery shopping
01/22/2021,travel,168.0,Doctor consultation
02-09-2021,Entrtnmnt,3409.0,Coffee
04-08-23,FOOD,8570.0,Coffee
06/29/2023,Fod,2840.0,EMI payment
11/22/2022,Fod,5376.0,xyz123
04-11-2024,food,3020.0,Shopping
09-02-22,utilities,7418.0,Petrol
2021-07-09,TRAVEL,7316.0,Monthly rent payment
2024-04-29,Freelance,22105.0,asdfgh
21-07-2023,Foods,3319.0,Coffee
08-08-24,Investment,77361.0,Gym membership
2021-12-05,entertainment,1107.0,EMI payment
2022-01-10,Foods,655.0,Medicine
2023-12-31,Traval,5240.0,Internet bill
28-10-2021,Foods,1964.0,Lunch
28-10-24,travel,9742.0,!!!
07/30/2022,Salary,27013.0,Gym membership
2024-05-17,Utilties,7403.0,Shopping
19-11-24,Salary,183091.0,Online course
04/28/2024,EDU,5582.0,Petrol
02/02/2023,Entertain,4691.0,Lunch
2021-03-21,travel,1849.0,Books
09/11/2022,Traval,4306.0,Books
08/11/2023,Others,36352.0,Fixed deposit
12/22/2022,Entertain,8703.0,Doctor consultation
2023-06-05,Foods,2538.0,Uber ride
02/22/2024,rent,4654.0,xyz123
12/29/2023,Foods,3022.0,Doctor consultation
2022-06-04,TRAVEL,,Train ticket
2022-03-05,RENT,9065.0,Petrol
2022-09-06,RENT,4813.0,misc
2022-02-21,rent,8884.0,Shopping
2024-11-09,Foodd,2092.0,Monthly rent payment
08/05/2023,Educaton,3946.0,Fixed deposit
05/17/2023,Other,166.0,Medicine
2024-02-23,Entertain,2857.0,Restaurant dinner
2022-11-08,entertainment,9344.0,Online course
,Travl,6534.0,EMI payment
2023-12-29,Others,15135.0,Gym membership
10/20/2022,Foods,2159.0,asdfgh
,Investment,68264.0,Train ticket
06/11/2024,Foodd,1614.0,Movie tickets
10/12/2021,Food,3142.0,Electricity bill
2021-07-20,EDU,813.0,Electricity bill
10-09-2023,Bonus,14576.0,Electricity bill
2024-09-29,food,1554.0,test
05-02-22,Others,61879.0,EMI payment
2022-02-02,Rnt,6343.0,Lunch
2021-11-03,education,3205.0,EMI payment
2022-08-01,Salary,64875.0,Fixed deposit
14-04-24,Travl,3352.0,Restaurant dinner
08/12/2024,rent,7186.0,Books
10/30/2023,Entertainment,1171.0,Doctor consultation
2024-12-02,Foodd,4565.0,EMI payment
11/22/2021,Bonus,,Lunch
2024-01-17,TRAVEL,9034.0,Doctor consultation
07/16/2024,Entertainment,9459.0,!!!
19-11-2022,Traval,835.0,Fixed deposit
2022-06-16,Utility,3113.0,asdfgh
05/30/2024,Rnt,2126.0,Train ticket
10/19/2024,Rent,41453.0,misc
12/03/2024,Investment,29265.0,Movie tickets
,Misc,5106.0,Lunch
2022-08-28,TRAVEL,557.0,Petrol
20-05-2023,Traval,6544.0,Restaurant dinner
2023-12-14,Rnt,1367.0,Electricity bill
2023-09-28,TRAVEL,7836.0,Shopping
01/20/2022,rent,6085.0,Lunch
2022-07-04,Others,,Gym membership
12/22/2021,health,7195.0,Train ticket
07/19/2022,Utlities,6864.0,misc
05/08/2021,Educaton,4933.0,misc
26-07-21,Utility,5778.0,Fixed deposit
02/08/2022,Food,361.0,Lunch
2021-04-22,Educaton,409.0,Monthly rent payment
03-07-2023,Rnt,5765.0,ATM withdrawal
2024-05-20,Freelance,36616.0,Books
02/06/2023,Foods,2789.0,Coffee
02/02/2022,others,7238.0,Books
09/26/2023,TRAVEL,7986.0,misc
01/04/2022,RENT,5435.0,Doctor consultation
22-11-2022,RENT,6636.0,Online course
2024-07-05,entertainment,4305.0,Shopping
07/17/2021,Traval,2217.0,Coffee
,Travl,6305.0,Electricity bill
2021-07-02,Foods,2237.0,Grocery shopping
2024-05-24,TRAVEL,8174.0,EMI payment
2021-12-15,EDU,4978.0,Doctor consultation
31-12-24,Health,6240.0,Restaurant dinner
16-04-24,Food,814.0,Electricity bill
2022-10-01,Rent,,Uber ride
2022-07-19,Freelance,22720.0,test
2024-06-09,RENT,1737.0,Grocery shopping
26-03-2024,travel,6058.0,Internet bill
11-11-2024,Entrtnmnt,3337.0,Petrol
12/25/2023,Entertain,1311.0,Restaurant dinner
07-12-21,RENT,6893.0,EMI payment
2024-12-30,Entertain,8056.0,Coffee
30-08-2021,travel,4710.0,Lunch
2023-02-16,EDU,7659.0,Gym membership
,education,3796.0,Doctor consultation
2024-08-25,Food,1077.0,Doctor consultation
01/10/2023,RENT,3089.0,Movie tickets
2023-10-15,food,7628.0,Lunch
2023-08-19,Foodd,347.0,xyz123
2021-09-20,Traval,6231.0,asdfgh
01/01/2023,Foodd,,Monthly rent payment
2023-06-30,Entertain,8876.0,Petrol
2024-11-23,FOOD,7126.0,test
21-02-2024,Entertainment,1156.0,Petrol
2021-01-07,entertainment,,Electricity bill
2024-08-13,education,3639.0,!!!
07/16/2023,TRAVEL,4723.0,Electricity bill
30-01-22,Utilties,5368.0,Internet bill
10/15/2024,Entertainment,6990.0,Fixed deposit
12-03-24,Helth,3716.0,Shopping
2022-03-07,Rentt,42012.0,Monthly rent payment
2022-07-09,Utlities,5681.0,xyz123
08/20/2022,utilities,9677.0,Restaurant dinner
09/09/2021,travel,4011.0,test
16-06-24,Freelance,54625.0,Grocery shopping
2023-04-10,Rent,47358.0,ATM withdrawal
2024-05-18,Savings,3336.0,misc
11/06/2021,Foodd,3133.0,Petrol
07-06-21,Utlities,2907.0,Shopping
2022-04-19,Investment,76606.0,!!!
2022-07-11,Salary,76469.0,Petrol
08/11/2022,FOOD,6493.0,Train ticket
2023-08-14,Entertainment,6393.0,Medicine
04-08-2024,Others,17284.0,Petrol
23-07-22,Rentt,22788.0,Medicine
2022-04-08,utilities,5285.0,ATM withdrawal
07/14/2024,Education,1136.0,ATM withdrawal
2024-08-20,Foodd,3043.0,misc
08/08/2021,utilities,1916.0,Lunch
,TRAVEL,5168.0,Train ticket
2024-04-19,education,7164.0,Restaurant dinner
09-04-21,HEALTH,190.0,EMI payment
2024-05-25,Foods,1413.0,!!!
04/20/2021,Freelance,54564.0,Medicine
09-03-23,Freelance,679408.0,EMI payment
06/21/2021,Rentt,7684.0,ATM withdrawal
11/02/2022,food,8690.0,Electricity bill
2022-04-20,Rent,35598.0,Shopping
21-11-2022,Rentt,49581.0,Medicine
2021-12-10,Investment,54987.0,Shopping
2022-04-13,Utilities,8370.0,misc
2023-11-13,Entrtnmnt,4952.0,Petrol
30-08-24,Savings,3173.0,Books
08/28/2024,Entrtnmnt,9395.0,Medicine
26-04-22,Rent,46889.0,Monthly rent payment
2021-05-28,Entertainment,8440.0,Monthly rent payment
08/24/2023,Others,39070.0,Shopping
2024-05-21,education,6736.0,Gym membership
06-06-24,Salary,66406.0,Train ticket
11/30/2023,Rent,17622.0,test
06/26/2022,Others,65760.0,Shopping
09/07/2024,savings,7609.0,xyz123
2023-11-22,Traval,0.0,Grocery shopping
2023-05-17,Rnt,9589.0,Fixed deposit
2021-10-16,Rentt,24421.0,Internet bill
2022-09-13,Bonus,16967.0,!!!
05/21/2023,Investment,54572.0,Uber ride
2023-08-27,Rent,25115.0,Lunch
10/24/2024,Bonus,46799.0,Monthly rent payment
2022-06-20,Fod,4504.0,ATM withdrawal
04-05-2024,rent,7398.0,Coffee
2022-04-07,Foods,4356.0,Books
23-09-21,Traval,777.0,Grocery shopping
11/20/2022,FOOD,2018.0,Doctor consultation
2021-04-10,Rent,31398.0,Shopping
18-02-2024,Traval,8811.0,EMI payment
2022-03-21,rent,,Doctor consultation
26-01-22,Rnt,8484.0,xyz123
05/06/2021,Food,4576.0,Lunch
2022-05-16,Rent,9691.0,Internet bill
2022-08-21,Bonus,40839.0,Coffee
2022-07-20,Entertainment,5201.0,Shopping
2023-07-17,Savings,9682.0,xyz123
2024-02-01,rent,1110.0,Coffee
01/25/2023,Investment,15136.0,Internet bill
2023-10-07,RENT,1387.0,asdfgh
2022-12-09,Utilities,1164.0,Internet bill
2021-04-24,Entrtnmnt,5033.0,!!!
04/23/2023,rent,9192.0,Gym membership
2024-01-02,Rent,17210.0,Movie tickets
11/19/2022,Rnt,4489.0,Movie tickets
06-09-2023,Foods,3446.0,ATM withdrawal
27-01-22,utilities,2820.0,Medicine
2024-03-21,Travl,176.0,Gym membership
08/21/2022,HEALTH,6665.0,Movie tickets
01/28/2023,Fod,8415.0,Lunch
01-07-24,Traval,6442.0,test
23-11-21,Freelance,75366.0,xyz123
11-10-24,Investment,12561.0,Medicine
15-07-2023,Salary,52836.0,Grocery shopping
2023-12-17,Freelance,79600.0,Electricity bill
02/28/2023,Utility,6428.0,Petrol
01-02-24,rent,8558.0,Online course
2024-06-22,Entrtnmnt,8081.0,test
03/06/2022,utilities,2380.0,test
02/26/2021,Rent,38654.0,Grocery shopping
2022-03-30,savings,6819.0,Shopping
2024-11-18,Rentt,39367.0,EMI payment
08/03/2024,rent,9837.0,Internet bill
2021-06-23,Food,3146.0,Petrol
28-03-22,Freelance,74441.0,Train ticket
2023-07-20,utilities,2635.0,xyz123
2024-06-12,Food,3531.0,Doctor consultation
05-01-21,EDU,8564.0,Monthly rent payment
20-12-21,food,1672.0,Books
2021-06-24,travel,5502.0,Coffee
17-04-2023,Health,,Gym membership
09-08-24,Rnt,4236.0,ATM withdrawal
26-06-23,Travel,5605.0,Monthly rent payment
2024-04-13,Savings,319.0,Lunch
05/15/2022,Foods,3354.0,Movie tickets
2021-03-13,food,1067.0,EMI payment
2024-11-21,Foods,-1000.0,Monthly rent payment
27-04-2021,Entertainment,4200.0,Internet bill
01/19/2023,travel,2304.0,Shopping
08-11-23,education,9423.0,Doctor consultation
05-05-22,Travel,9374.0,Fixed deposit
2021-04-17,OTHERS,,Grocery shopping
26-08-24,Fod,1704.0,xyz123
12/21/2021,travel,367.0,Coffee
14-10-21,RENT,1959.0,Train ticket
2021-08-28,HEALTH,1008.0,Medicine
11/25/2021,Foodd,2722.0,Monthly rent payment
29-12-22,Educaton,7493.0,Uber ride
13-10-2024,FOOD,717.0,Movie tickets
22-03-2023,Savings,7301.0,Electricity bill
2022-09-22,Travl,2440.0,xyz123
11-11-2022,Rent,6993.0,ATM withdrawal
29-08-21,Foods,1680.0,Books
2021-08-15,Fod,738.0,Online course
2022-07-13,Foods,514.0,ATM withdrawal
2023-10-16,Fod,820.0,Lunch
03/05/2022,Food,,Doctor consultation
14-01-2023,Utilities,2888.0,Train ticket
2024-04-23,Rnt,8455.0,EMI payment
2021-10-15,Salary,42618.0,Doctor consultation
2022-08-19,HEALTH,6814.0,Train ticket
2022-04-29,TRAVEL,,Electricity bill
13-07-22,Educaton,4594.0,Lunch
09-03-2021,Others,7901.0,test
06/30/2024,SAVINGS,5278.0,Shopping
2024-02-27,health,676.0,xyz123
10/19/2024,Utility,9730.0,Uber ride
01/21/2024,Rentt,20419.0,misc
13-04-24,Food,861.0,Shopping
2023-06-22,Foodd,93.0,Coffee
18-06-24,Utilties,5144.0,!!!
16-11-2021,Foodd,2231.0,Grocery shopping
2022-12-25,food,4684.0,Books
23-08-21,Rent,10050.0,Grocery shopping
01/30/2023,Entertainment,4528.0,Internet bill
08/06/2023,RENT,5721.0,!!!
2024-01-26,Salary,44906.0,Movie tickets
2022-04-21,rent,3158.0,Uber ride
08/21/2023,Rentt,10959.0,Lunch
27-01-21,Foods,1313.0,Petrol
10/19/2022,RENT,5368.0,Online course
2024-11-20,Traval,6835.0,!!!
2022-04-13,TRAVEL,4824.0,Online course
2021-10-27,health,,asdfgh
12/25/2022,TRAVEL,633.0,Fixed deposit
24-09-21,Utilties,7448.0,Gym membership
2022-11-22,Utlities,7598.0,Lunch
27-12-22,Travel,5023.0,Petrol
2022-06-23,entertainment,314.0,Movie tickets
10-04-2024,food,3124.0,Lunch
06/02/2023,Investment,65852.0,Doctor consultation
02/14/2024,Entrtnmnt,2118.0,Lunch
14-04-23,HEALTH,2402.0,Coffee
08/15/2023,Rentt,999999.0,test
2024-11-04,Utlities,7619.0,Internet bill
2023-05-05,Utility,7568.0,Train ticket
02-07-2021,Bonus,69328.0,test
2024-10-17,Rentt,49634.0,xyz123
21-10-23,Fod,3321.0,Train ticket
2024-05-22,Rent,13455.0,Shopping
2022-10-07,Rentt,41084.0,Fixed deposit
03/31/2022,Utilities,999999999.0,Shopping
2024-05-18,SAVINGS,9110.0,Monthly rent payment
25-08-23,Rent,11809.0,Online course
07/15/2024,Rentt,43091.0,Books
2024-03-18,FOOD,6787.0,Fixed deposit
05/26/2022,Rnt,2649.0,Restaurant dinner
2024-03-08,food,7929.0,Shopping
2022-12-13,Entrtnmnt,5693.0,Monthly rent payment
11/05/2023,Utilties,2798.0,Online course
12-02-21,Traval,5415.0,Restaurant dinner
07-05-2021,Foods,884.0,Gym membership
07/01/2023,Utilties,867.0,Lunch
2024-07-28,rent,2578.0,Online course
2023-01-10,Travl,,Restaurant dinner
09/15/2023,Bonus,62421.0,Monthly rent payment
2024-11-03,Salary,56023.0,Uber ride
2021-10-17,Traval,8017.0,Petrol
2023-12-23,utilities,2970.0,xyz123
10/31/2021,travel,744.0,Fixed deposit
27-07-2023,Health,7857.0,Shopping
23-12-2022,Bonus,24123.0,asdfgh
11-08-2024,Utilties,5910.0,Gym membership
2023-06-16,Educaton,9533.0,Doctor consultation
02/26/2023,Foods,4833.0,Shopping
09/30/2023,Utlities,3414.0,asdfgh
13-02-24,Education,4084.0,Movie tickets
2022-02-26,Bonus,70943.0,asdfgh
13-09-24,Education,8374.0,Coffee
2021-06-10,Others,30431.0,xyz123
2022-03-19,Foodd,729.0,Gym membership
29-08-22,Traval,2054.0,Restaurant dinner
11-07-22,Foods,2787.0,Shopping
2021-04-29,Entrtnmnt,4888.0,Medicine
11/17/2023,Utlities,6873.0,misc
2021-03-06,Foods,1023.0,xyz123
19-06-22,TRAVEL,1030.0,ATM withdrawal
2022-07-09,Others,621176.0,Restaurant dinner
06-12-2023,Other,5732.0,ATM withdrawal
2021-10-12,travel,1891.0,Fixed deposit
2023-01-23,Utility,7331.0,Movie tickets
10/06/2022,Fod,7755.0,Internet bill
2021-12-07,Foods,169.0,xyz123
2024-08-11,Fod,6848.0,Coffee
03/20/2024,Others,,xyz123
2024-08-05,Entrtnmnt,8158.0,Electricity bill
2022-07-15,Entertain,2499.0,Books
01/09/2021,Salary,26983.0,Lunch
22-09-2021,Utilties,1962.0,test
02-04-22,food,3357.0,Petrol
15-12-21,HEALTH,5110.0,Gym membership
06/28/2023,Travl,7728.0,Medicine
2021-08-26,food,5936.0,Online course
08/21/2021,Entrtnmnt,3272.0,Coffee
2021-04-09,Utlities,3191.0,Doctor consultation
2022-07-15,Rnt,999999999.0,Petrol
07/07/2024,Education,,Petrol
2023-11-23,Savings,9001.0,Fixed deposit
08/15/2023,Entertainment,9804.0,test
,Rnt,4498.0,Doctor consultation
2022-05-24,utilities,5628.0,Petrol
02/15/2023,Educaton,1235.0,Uber ride
02/09/2022,Foods,2054.0,misc
03-05-21,Traval,6100.0,Doctor consultation
19-04-2021,TRAVEL,7534.0,Shopping
2021-04-04,food,7271.0,test
10-03-2024,Others,6162.0,Internet bill
29-09-23,SAVINGS,6700.0,test
2022-06-23,Utilities,,!!!
01-04-24,Food,,Monthly rent payment
11/05/2024,SAVINGS,5511.0,Books
03/31/2022,rent,724.0,test
03/27/2022,Entertainment,8754.0,asdfgh
05/08/2021,Educaton,459.0,Doctor consultation
2022-07-19,Utility,7403.0,test
2022-04-20,savings,6985.0,misc
2024-09-02,rent,538.0,Books
2024-05-13,Others,45070.0,Books
12/15/2022,Misc,567.0,Gym membership
03/04/2024,travel,5183.0,Restaurant dinner
09/04/2022,Salary,31812.0,Uber ride
2023-05-28,health,4000.0,Grocery shopping
31-10-22,Salary,23404.0,Shopping
07/04/2021,Utilties,7033.0,xyz123
07/18/2023,Rent,49284.0,Movie tickets
11/01/2022,FOOD,1050.0,Medicine
2023-05-05,FOOD,203.0,Doctor consultation
2023-10-14,Travel,8970.0,Gym membership
,health,9814.0,Online course
22-05-2022,Rentt,24568.0,EMI payment
07/08/2023,TRAVEL,4825.0,test
,RENT,2110.0,Internet bill
2024-08-05,RENT,7546.0,test
19-05-23,Utilties,4854.0,Uber ride
2021-10-29,Bonus,48642.0,!!!
27-01-24,TRAVEL,5329.0,Fixed deposit
2024-09-20,Salary,30590.0,Monthly rent payment
01-06-24,Rent,,EMI payment
23-06-2024,Utility,6222.0,Internet bill
01/26/2021,Others,65556.0,Restaurant dinner
25-06-2021,Fod,0.0,Doctor consultation
2024-04-08,Bonus,17616.0,asdfgh
2024-01-31,travel,,Restaurant dinner
11/13/2021,Freelance,21270.0,Online course
22-08-23,Investment,13365.0,Electricity bill
2024-05-27,utilities,3484.0,!!!
2021-01-23,Entertain,4327.0,xyz123
2023-01-15,Food,307.0,asdfgh
2022-01-09,Entertain,7615.0,Lunch
2022-04-19,Foodd,2049.0,Electricity bill
04/10/2024,Travl,9094.0,Coffee
24-04-24,food,-500.0,Books
06/19/2022,Investment,22245.0,Restaurant dinner
10/29/2021,utilities,8129.0,Petrol
13-11-22,Utilties,3695.0,Train ticket
30-04-2021,Salary,77048.0,Petrol
05/13/2024,Foodd,4147.0,Restaurant dinner
2021-07-02,Rentt,,Gym membership
2024-07-05,Salary,69207.0,Coffee
08-03-24,Utilties,8153.0,ATM withdrawal
07-11-2022,savings,229.0,Grocery shopping
02/23/2023,Food,311.0,Books
2023-11-17,Entertain,1896.0,EMI payment
05/20/2021,Salary,52709.0,Shopping
2024-08-22,Saving,6288.0,Coffee
05/03/2023,Fod,6352.0,Shopping
12/25/2021,Travel,2899.0,Uber ride
08/25/2021,utilities,2147.0,Fixed deposit
07/05/2023,food,3186.0,Fixed deposit
12/22/2024,Freelance,75247.0,!!!
2023-04-21,Utilties,6376.0,Grocery shopping
2021-01-12,FOOD,9425.0,xyz123
2024-03-17,Rent,43714.0,Books
2021-08-07,food,476.0,Uber ride
,Others,63265.0,Movie tickets
05-07-23,food,4034.0,!!!
,Entertain,2130.0,ATM withdrawal
27-03-2021,Utilities,1306.0,Restaurant dinner
12/01/2023,Salary,63555.0,Gym membership
04-01-24,RENT,5984.0,Internet bill
01/10/2023,travel,407.0,Gym membership
11/13/2021,Rentt,39449.0,Restaurant dinner
03/21/2024,Bonus,29438.0,Doctor consultation
04-03-22,Others,12116.0,Lunch
11-06-23,Fod,1625.0,Uber ride
08/31/2021,HEALTH,6298.0,Internet bill
2021-03-02,Entertain,2505.0,Doctor consultation
2024-08-26,health,9510.0,ATM withdrawal
11/11/2024,Utilties,8821.0,Train ticket
04/28/2023,Fod,5882.0,Gym membership
08/14/2021,Food,3378.0,Medicine
2023-05-06,Rnt,438.0,Uber ride
2024-12-17,Utilties,6610.0,Internet bill
2022-07-05,FOOD,6146.0,Uber ride
2022-02-11,Others,47374.0,Monthly rent payment
01/04/2024,TRAVEL,3681.0,Books
02-08-2022,Utlities,5973.0,Train ticket
2021-06-15,Utilties,6778.0,Monthly rent payment
21-02-23,rent,3130.0,Electricity bill
15-11-22,Utilties,8341.0,Movie tickets
2023-01-01,Travel,2022.0,Online course
2022-09-26,Fod,5762.0,Monthly rent payment
16-11-21,Helth,9036.0,xyz123
2023-02-27,health,9973.0,Train ticket
07/27/2023,Foodd,505.0,Doctor consultation
2021-06-13,Fod,4159.0,Lunch
2021-10-26,Traval,4184.0,Internet bill
12/25/2021,EDU,3105.0,Lunch
07/07/2022,Educaton,9195.0,Grocery shopping
2021-08-24,Entertainment,1841.0,!!!
04/04/2023,EDU,7073.0,Grocery shopping
03-02-24,Traval,6693.0,misc
09/14/2023,Food,4516.0,Uber ride
27-07-24,Foods,1105.0,Online course
31-07-22,Food,320.0,Electricity bill
02-01-24,Freelance,44769.0,ATM withdrawal
03/30/2022,Entertainment,5074.0,Train ticket
2023-08-11,Rentt,46947.0,Lunch
2022-12-10,Freelance,10022.0,Electricity bill
2022-09-02,Freelance,55483.0,test
10-10-21,food,-1000.0,asdfgh
08/30/2021,Foodd,383.0,!!!
02/16/2024,Utilities,1498.0,ATM withdrawal
2021-09-30,Foods,504.0,Medicine
2024-10-09,Foods,3328.0,Monthly rent payment
24-10-21,Food,151.0,Books
2024-10-21,Rnt,266.0,xyz123
04-11-2022,EDU,4906.0,Monthly rent payment
06/22/2024,entertainment,9953.0,Internet bill
04/20/2023,FOOD,1366.0,Uber ride
03/23/2024,Others,77543.0,Internet bill
03/03/2022,travel,2238.0,Lunch
05/31/2023,Foodd,795.0,Medicine
11/23/2021,RENT,7465.0,Online course
27-09-23,rent,5374.0,Restaurant dinner
13-01-23,Foodd,3390.0,Doctor consultation
31-08-22,Others,55943.0,EMI payment
13-08-24,travel,5079.0,Medicine
17-08-23,Bonus,56088.0,Books
21-08-21,Foodd,1811.0,Internet bill
09-03-2023,Entertain,6406.0,test
05/09/2021,Utilties,6002.0,asdfgh
22-01-24,Travl,2318.0,!!!
11-03-21,Utilities,1798.0,misc
11-11-24,Education,1902.0,Lunch
08-11-22,Salary,30470.0,Internet bill
03-07-22,Entertain,5190.0,Gym membership
15-09-2024,Bonus,72854.0,test
2024-08-28,Foods,1612.0,Grocery shopping
11/17/2023,Rent,15193.0,Uber ride
05-03-24,Helth,999999.0,!!!
2024-01-07,Savings,9818.0,asdfgh
22-07-2023,Travl,3041.0,ATM withdrawal
21-07-24,Rnt,7335.0,Coffee
03/04/2024,food,1048.0,Train ticket
2022-07-09,Others,621176.0,Restaurant dinner
08/04/2022,Utlities,,Gym membership
