date,category,amount,notes
December 22 2021,Rent,998.0,Paid electricity bill 
03/24/2022,Food,143.0,Grocery shopping
12/12/2021,Rent,49.0,Paid electricity bill
,Other Income,83802.0,Gift via app
12-07-22,Entertainment,208.0,Monthly rent
September 12 2019,Savings,681.0,Salary
2022-01-06,Rent,2524.0,Salary
04-11-22,Education,93.0,hZtATyn1UX55solCMr1
February 03 2021,Food,323.0,Monthly rent
02-11-22,Others,662.0,Salary cash
12/29/2022,Entertainmennt,203.0,Course fee 
2020-10-26,Salaryy,59149.0,Netflix subscription
2021-05-25,Other Income,78744.0,Doctor visit
March 03 2021,Other Income,58874.0,Salary
2021-09-24,Food,258.0,Dinner at resto
2022-07-02,Travel,336.0,Uber to office
January 20 2022,Food,383.0,Grocery shopping
2021-06-26,Food,1761.0,wkAdxBaz8rnYSOE
December 28 2020,Rent,1580.0,Uber to office
19-11-21,Reent,856.0,Paid electricity bill 
2022-04-17,Bonus,35621.0,Uber to office
04/24/2019,Rent,490.0,Doctor visit
2020-07-13,Food,1096.0,Uber to office
January 01 2021,Health,193.0,Netflix subscription
August 05 2020,Entertainment,187.0,Doctor visit cash
October 16 2022,Others,2506.0,Doctor visit cash
2020-04-05,Salary,56751.0,Paid electricity bill
07/08/2019,Other Income,63433.0,Paid electricity bill cash
2022-12-18,Bonus,55318.0,Monthly rent cash
2022-04-29,Others,206.0,Uber to office
28-10-22,Utilities,215.0,Uber to office 
2019-02-16,Travel,2871.0,Monthly rent via app
07/15/2020,Utilities,272.0,VDSr4SI1JVHg
March 31 2021,Food,5387.0,A7Brvt0bSrovLXo
18-06-22,Other Income,53334.0,Grocery shopping 
01-03-22,Travel,239.0,Paid electricity bill
2019-12-28,Entertainment,123.0,Dinner at resto cash
2019-04-18,Food,125.0,Monthly rent
01/12/2019,Others,517.0,Doctor visit
10-02-19,Food,3186.0,Grocery shopping
,Food,141.0,Paid electricity bill
10/24/2019,Travel,266.0,Doctor visit
12-02-21,Food,996.0,Paid electricity bill late
10-05-19,Rent,186.0,Monthly rent
2019-03-06,Rent,216.0,zQQvRHrCGH
11-02-20,Others,196.0,Course fee cash
23-08-20,Rent,1015.0,Salary cash
July 17 2019,Bonus,46491.0,Gift
06/16/2022,ood,4048.0,Monthly rent
05/24/2022,Other Income,32770.0,Dinner at resto
November 10 2019,Entertainment,2951.0,Uber to office
2022-02-14,Food,56.0,Grocery shopping
2022-07-04,Traavel,745.0,Uber to office via app
2021-02-01,Salary,52826.0,Paid electricity bill 
March 27 2020,Savings,408.0,Paid electricity bill cash
2019-09-27,Rent,1237.0,Gift cash
2022-04-19,Entertainment,,Monthly rent cash
October 04 2022,Rent,1530.0,Netflix subscription
06-01-19,Travel,200.0,Grocery shopping late
June 29 2019,Travel,183.0,Salary
2022-03-14,Food,333.0,Doctor visit 
October 13 2021,Food,1275.0,Gift 
06-04-20,Entertainment,1769.0,Paid electricity bill 
July 21 2022,Travel,100.0,cJ9BkudD4Tf3Ql
12/27/2020,Rent,814.0,Gift
04-07-21,Utilities,208.0,Salary via app
2021-12-22,Education,113.0,Grocery shopping
24-12-20,Rent,44.0,Gift
2022-03-24,Rent,219.0,Course fee
01-07-19,Salary,52861.0,Course fee
09/20/2020,Food,33.0,Monthly rent
10-04-20,Entertainment,418.0,Paid electricity bill
30-10-21,Savings,184.0,sboT5a6RW
2020-08-03,Other Income,68894.0,Salary 
22-04-19,Savings,2849.0,Uber to office
May 28 2022,Food,55.0,Uber to office
02/18/2021,Others,373.0,Netflix subscription via app
09/10/2022,Savings,8360.0,Dinner at resto via app
05/20/2021,Food,1766.0,Grocery shopping
20-07-21,Tavel,411.0,Paid electricity bill late
2020-02-22,Rent,20.0,kU9tfLsTrc
2019-10-28,Rent,78.0,Netflix subscription
12/11/2019,Rent,720.0,Grocery shopping
2021-09-09,OOthers,1067.0,Netflix subscription cash
June 29 2020,Food,693.0,Doctor visit
February 15 2021,Travel,641.0,Paid electricity bill
2020-09-03,Food,556.0,Salary cash
10/05/2022,Salary,60559.0,Grocery shopping late
2021-10-04,Health,57.0,Doctor visit
2020-05-09,Food,641.0,CoBzaIzlT
June 24 2022,Travel,564.0,Doctor visit late
29-04-19,Rent,1229.0,Grocery shopping 
August 02 2019,Food,189.0,Netflix subscription
01/31/2021,Entertainment,37.0,Gift
2020-11-16,Travel,175.0,Salary
11/11/2021,Food,2183.0,Salary cash
May 29 2021,eRnt,705.0,Salary
2019-07-01,Trave,404.0,Course fee
2019-04-02,Bonus,45883.0,Course fee cash
05/26/2022,Food,40.0,Monthly rent cash
08/29/2021,Salary,69360.0,Gift cash
03/01/2021,Food,227.0,Netflix subscription late
09-12-21,Food,757.0,16wmjUjz
2019-01-23,Food,81.0,Netflix subscription
June 11 2021,Food,196.0,Monthly rent
2021-05-28,Travel,86.0,Monthly rent
21-04-21,Rent,641.0,Salary
2019-10-14,Rent,143.0,Netflix subscription via app
21-04-20,Savingss,2035.0,Salary
18-03-21,Rent,51.0,zldFyXXwJ
06/13/2021,Food,575.0,Netflix subscription
17-08-22,Rent,123.0,Netflix subscription cash
16-01-21,Health,195.0,Salary
2020-01-17,Food,587.0,LDRxleWusbe7ZvYa
10/14/2020,Rent,555.0,Dinner at resto
11-05-20,Rent,61.0,Doctor visit
28-06-19,Utilities,824.0,Dinner at resto
2019-03-06,Savings,443.0,Dinner at resto cash
10/04/2022,Food,225.0,Paid electricity bill
2020-04-30,Rent,326.0,Dinner at resto 
29/10/19,Rent,1881.0,Course fee
09-07-22,Trave,111.0,1yv2UgqhuT
01/24/2022,Travel,5172.0,Course fee
2021-06-20,Travel,1703.0,Doctor visit via app
04-08-21,Savings,1711.0,Uber to office via app
November 23 2019,Other Income,45038.0,Doctor visit
June 26 2019,Entertainment,1050.0,Uber to office
March 13 2019,Travel,617.0,Course fee 
2022-12-20,Rent,104.0,Uber to office
2020-09-01,Other Income,69193.0,Dinner at resto 
17-03-21,Rent,959.0,Salary
2019-12-03,Salary,41560.0,Doctor visit late
2019-05-29,eRnt,77.0,Monthly rent
2022-02-09,Travel,1175.0,Gift
11/01/2020,Utilities,85.0,Uber to office 
04/29/2021,Rent,232.0,Uber to office
11-02-21,Food,1588.0,Uber to office via app
,Ren,205.0,Dinner at resto
14-04-21,Travel,374.0,Netflix subscription
10/22/2022,Food,263.0,Gift via app
30-01-21,Entertainment,757.0,Gift late
2021-01-17,Rent,50.0,Grocery shopping 
12-11-21,Bonus,43834.0,Gift cash
2020-10-11,Utilities,472.0,Uber to office cash
01/22/2021,Salary,49691.0,Salary via app
July 25 2020,rTavel,1413.0,nqj5djeLfknN4JU
October 09 2021,Education,207.0,Netflix subscription
08-04-22,Entertainment,923.0,Course fee 
12/24/2020,Utilities,157.0,4qk8NxcvcHAcxzQrBB
01/30/2019,Savings,2425.0,Monthly rent
06/02/2020,Rent,106.0,Doctor visit
2020-09-26,Food,264.0,lPujru8v5kb9vKPv
07/21/2022,Utilities,133.0,Uber to office 
11-03-21,Savings,747.0,Uber to office
11/12/2021,Bonus,68420.0,Uber to office
15-05-21,Travel,348.0,Paid electricity bill
2019-01-11,Bonus,57190.0,Salary 
2020-03-23,Foo,568.0,Dinner at resto 
18-10-22,Travel,125.0,Paid electricity bill late
May 30 2019,Others,726.0,Salary
04/29/2020,Food,301.0,Paid electricity bill cash
2020-10-19,Salary,39615.0,Paid electricity bill
2019-06-05,Health,324.0,Uber to office 
12/08/2020,Rent,1789.0,iU4GRmkU
2020-12-24,Food,,Course fee late
2021-11-07,Rent,61.0,RQEpVsCm
January 16 2021,Food,64.0,Monthly rent 
2022-03-15,Salary,66226.0,Paid electricity bill cash
2022-11-17,Food,114.0,Paid electricity bill
01/05/2021,Travel,97.0,Netflix subscription
July 24 2022,Food,323.0,Salary cash
06/03/2019,Utilities,246.0,Dinner at resto
02-03-19,Otehr Income,59622.0,Uber to office
2020-10-07,Utilities,965.0,Gift via app
March 14 2022,Rent,116.0,Netflix subscription
2019-04-03,Food,1372.0,Monthly rent
01/23/2019,Travel,142.0,Netflix subscription
2019-11-04,Entertainment,83.0,Course fee
2020/05/05,Foo,231.0,Netflix subscription cash
23-01-19,Bonus,63751.0,Salary via app
2019-02-11,Food,1789.0,CTahRXPpt1r
2020-03-26,Salary,75840.0,Dinner at resto via app
January 10 2022,Rent,69.0,Grocery shopping 
12/15/2021,Travel,4679.0,Doctor visit cash
2020-02-11,Food,259.0,Doctor visit cash
11-01-22,Others,843.0,Paid electricity bill
2021-08-03,Food,516.0,Gift
10/20/2022,Rent,731.0,Salary late
15-03-19,Food,388.0,Netflix subscription
02/09/2022,Rent,418.0,Paid electricity bill cash
2019-07-31,Other Income,54548.0,Salary cash
November 28 2020,Rent,201.0,Doctor visit via app
July 06 2019,Bonus,68463.0,zhjquyI3MwYbP4rQr9
26-07-21,Food,1325.0,Dinner at resto
April 14 2019,Food,8096.0,Course fee
07/29/2019,Rent,194.0,Dinner at resto
October 07 2020,Rnt,1706.0,Doctor visit
24-01-20,Food,20.0,Gift via app
2022-03-29,Rent,424.0,Grocery shopping via app
2020-10-21,Others,2364.0,Salary
07/19/2019,Food,594.0,Netflix subscription
06/27/2019,Food,239.0,Paid electricity bill cash
2020-04-17,Other Income,48427.0,Uber to office
2020-08-28,Food,287.0,Dinner at resto 
01/12/2022,Rent,709.0,Course fee late
12/12/2020,Entertainment,4518.0,Netflix subscription
2020-08-15,Food,512.0,9mR8zTIgFl
2019-04-12,Travel,335.0,Doctor visit
2021-08-06,Otehrs,1952.0,Gift
2019-05-24,Bonus,39902.0,Paid electricity bill late
2021-06-28,Rent,255.0,Netflix subscription
09/16/2019,Food,964.0,Salary
2020-10-22,Salary,67136.0,Monthly rent
November 01 2019,Rent,-1049.0,Grocery shopping 
2022-02-01,Rent,2070.0,Doctor visit
19-10-22,Utilities,730.0,Uber to office via app
02/15/2019,Education,970.0,Dinner at resto
March 27 2021,Utilities,101.0,Course fee
10-11-20,Travel,480.0,Netflix subscription
29-10-20,Travel,49.0,Course fee
2020-10-19,Rent,18.0,Paid electricity bill
02/03/2019,Entertainment,908.0,Monthly rent
July 03 2022,Travel,1701.0,Salary
18-11-21,Food,1328.0,Paid electricity bill
2021-05-18,Food,412.0,iu2HPMFwQ3ZsxQWTV25
2019-01-27,Savings,284.0,Dinner at resto
December 13 2021,Rent,2016.0,Monthly rent
07/28/2021,Other Income,64138.0,Monthly rent via app
2022-03-27,Travel,1741.0,Course fee via app
2021-05-02,Salary,77659.0,Dinner at resto
31-05-22,Food,448.0,Uber to office late
2019-11-12,Food,299.0,Dinner at resto
2022-01-10,Other Income,75061.0,Salary
08/24/2019,Bonus,59042.0,Paid electricity bill
02/23/2020,Education,1152.0,Doctor visit 
2019-06-10,Food,47.0,Paid electricity bill
2021-07-03,Food,600.0,Course fee via app
20-02-21,Bonus,42819.0,Gift via app
16-07-22,Food,164.0,7LFdoPRzhpf
07-10-19,Rent,349.0,Gift
August 15 2021,Education,548.0,Monthly rent
February 18 2019,Utilities,2209.0,Paid electricity bill
05/26/2019,Rent,6523.0,Monthly rent
08/19/2020,Other Income,76838.0,Uber to office
08/05/2020,Education,767.0,Uber to office
2021-03-08,Travel,117.0,Monthly rent late
November 30 2022,Utilities,102.0,Monthly rent
09-03-19,Rent,416.0,Netflix subscription
10/30/2021,Entertainment,111.0,Grocery shopping
03/02/2021,Entertainment,831.0,fADSGGeLdIUz9KhNcw
08/03/2020,Entertainment,117.0,Uber to office
11-07-20,Utilities,366.0,Doctor visit
22-11-21,Rent,710.0,Netflix subscription
10/10/2021,Food,480.0,Salary
07/24/2021,Salary,72217.0,Grocery shopping 
2019-02-20,Travel,1945.0,Gift via app
08/03/2019,Utilities,32.0,Grocery shopping
11/23/2019,Entertainment,366.0,Grocery shopping
November 05 2022,Bonus,69315.0,Paid electricity bill via app
03/23/2021,Travel,-786.0,Netflix subscription 
10/31/2019,Salary,42490.0,Grocery shopping
20-09-22,Food,642.0,D3QuRGl5j4yuEvu
2019-06-12,Travel,614.0,Salary 
September 25 2022,Health,201.0,Netflix subscription
2021-09-02,Travel,182.0,Course fee
June 20 2022,Entertainment,465.0,Dinner at resto
05/25/2020,Rent,1253.0,Netflix subscription via app
September 16 2019,Food,527.0,Gift
December 13 2022,Rent,457.0,Gift
08/24/2019,Entertainment,135.0,uGLMTS2HW
13-06-20,Food,6543.0,Paid electricity bill late
,Travel,1713.0,Gift
April 15 2021,Savings,45.0,Doctor visit
November 01 2020,Rent,72.0,Gift via app
12/07/2021,Food,462.0,Salary
2020-08-13,Food,1220.0,Uber to office
2019-08-19,Savings,50.0,Salary late
11-12-22,Travel,184.0,Uber to office
05-08-20,Rent,2081.0,Netflix subscription
05/29/2020,Bonus,55407.0,Dinner at resto 
2021-04-05,Food,111.0,Grocery shopping cash
December 05 2021,Rent,437.0,Dinner at resto cash
03/29/2020,Food,999999.0,Course fee late
01/13/2022,Bonus,72765.0,Salary 
05-06-19,Salary,53363.0,Grocery shopping
01/16/2019,Rent,278.0,Paid electricity bill
01/10/2020,Food,374.0,Dinner at resto
10-06-22,Bonus,47686.0,Grocery shopping
06/25/2019,Utilities,356.0,Course fee
April 12 2020,Utilities,160.0,Gift late
08/09/2020,Other Income,55351.0,Gift
19-01-22,Food,1443.0,Monthly rent
01/14/2022,Others,12728.0,Doctor visit
2019-07-02,Entertainment,1972.0,Course fee
2020-10-24,Rent,969.0,Salary
2020-07-02,Food,666.0,Monthly rent
2021-04-10,Bonus,58814.0,Netflix subscription via app
2021-02-15,Travel,4409.0,Course fee
09/17/2020,Food,261.0,Salary
02/06/2021,Bonus,66594.0,TcWJmtPa
2020-07-29,Utilities,276.0,NxH69Odw2
08/09/2021,Bonus,54405.0,Monthly rent via app
12/12/2019,Rent,2070.0,Dinner at resto 
03/11/2021,Food,400.0,Gift cash
2021-02-01,Travel,77.0,Uber to office 
05/08/2020,Others,103.0,ezebfSjgbIcK3D
27-02-20,Food,,Doctor visit
2022-06-26,Food,404.0,NUGOxY5uEE6VGxC6Dd
27-12-21,Rent,360.0,Grocery shopping
11-05-19,Bonus,76426.0,Salary
May 09 2020,Food,1012.0,oUUq1sbTZ0KCLrWUTx
2021-06-03,Food,1000.0,Dinner at resto
April 22 2021,Entertainment,905.0,Paid electricity bill
22-08-21,Savings,448.0,Course fee
2021-09-28,Travel,581.0,Salary
07/08/2021,Travel,645.0,Netflix subscription 
10-11-19,Food,215.0,Paid electricity bill cash
2021-11-04,Rent,611.0,Doctor visit 
10/11/2019,Heealth,164.0,Salary
19-11-20,Travel,303.0,Course fee 
2021-04-16,Food,2228.0,Paid electricity bill
2020-09-28,Rent,255.0,Salary
2022-01-11,Food,207.0,Monthly rent
2019-09-01,Food,584.0,Course fee
2021-10-22,Food,248.0,Gift cash
2019-03-21,Other Income,45533.0,Salary 
,Entertainment,5781.0,Salary
2022-11-05,Salary,75900.0,Monthly rent 
2021-01-14,Food,304.0,Gift
23-12-22,Rent,1342.0,Uber to office
08/04/2021,Food,476.0,Gift cash
01/08/2020,Food,1836.0,Monthly rent cash
April 16 2022,Entertainment,92.0,Paid electricity bill
07/03/2019,Rent,1625.0,Salary late
23-08-22,Utilities,376.0,Dinner at resto
March 05 2022,Rent,92.0,Gift
09/21/2019,Travel,130.0,Course fee
01/11/2022,Food,252.0,Salary
2022-06-23,Entertainment,98.0,Dinner at resto
03/24/2021,Rent,105.0,Doctor visit
2021-04-12,Rent,149.0,GicUyo3QZlua
01/19/2020,Other Income,71181.0,Netflix subscription
11/05/2021,Food,580.0,Netflix subscription
16-10-21,Rent,545.0,Uber to office
2022-10-01,Food,109.0,Gift
2019-09-11,Food,80.0,Salary
2020-08-04,Bonus,55448.0,OkSl27OasapS6rCA
09-04-22,Savings,192.0,Grocery shopping
10/22/2019,Others,240.0,Monthly rent
11/09/2019,Entertainment,126.0,Salary
28-01-20,Rent,1629.0,Doctor visit cash
March 29 2021,Food,439.0,Gift
04-05-20,Travel,3284.0,Paid electricity bill late
2019-11-28,Rnt,458.0,Grocery shopping
20-02-19,Rent,1433.0,Grocery shopping late
2022-02-01,Food,127.0,Grocery shopping
2020-04-25,Food,7359.0,Salary
06/27/2019,Rent,3077.0,Doctor visit
03-02-20,Others,88.0,Doctor visit late
March 02 2020,Travel,20.0,Netflix subscription cash
2021-08-29,Rent,1499.0,Grocery shopping
07/26/2019,Food,3930.0,Dinner at resto
July 12 2019,Fod,36.0,Salary cash
02/17/2020,Entertainment,288.0,Uber to office
08/08/2022,Food,5400.0,Doctor visit
25-11-19,Food,374.0,Paid electricity bill late
15-09-21,Food,365.0,Uber to office
May 25 2020,Food,4318.0,Salary 
2021-10-06,Entertainment,298.0,hBz81no7L1
December 28 2020,Foodd,902.0,Dinner at resto 
05-01-21,Food,424.0,Netflix subscription via app
31-01-22,Travel,428.0,RNhdIbmIwXfsOTAot
August 25 2020,Food,133.0,Paid electricity bill late
10/19/2021,Salary,49111.0,Dinner at resto 
07/09/2020,Food,47.0,mAwEWPOy3LrS
08/21/2021,Health,1327.0,Netflix subscription
12/23/2022,Rent,92.0,Paid electricity bill
2020-10-10,Others,77.0,Paid electricity bill
09/27/2019,Food,67.0,Ww2oL2xdhiC
09/05/2020,Fod,1087.0,Doctor visit
11/20/2022,Food,236.0,Netflix subscription 
December 12 2022,Rent,1016.0,Doctor visit cash
2020-08-31,Utilities,162.0,Paid electricity bill
07/29/2020,Entertainment,,Gift via app
2022-10-13,Rennt,661.0,Course fee
April 17 2020,Food,640.0,Paid electricity bill
April 22 2022,Entertainment,822.0,Doctor visit
2022-06-22,Rent,353.0,Monthly rent
July 26 2020,Utilities,106.0,Course fee
August 26 2019,Food,745.0,Gift
25-02-20,Travel,1037.0,Paid electricity bill cash
2021-08-08,Entertainment,1643.0,Grocery shopping
02/09/2021,Food,332.0,Netflix subscription
11/22/2020,Salary,58158.0,Doctor visit
02-06-22,Ret,394.0,Salary 
09/04/2019,Entertainment,12.0,Doctor visit
2022-01-07,Salary,82077.0,Netflix subscription
December 30 2020,Other Income,42452.0,Grocery shopping
14-08-20,Savings,501.0,Course fee
2020-07-17,Travel,41.0,Grocery shopping
07/11/2022,Entertainment,216.0,Uber to office
07-10-20,Rent,11680.0,Doctor visit
09/17/2021,Food,166.0,Doctor visit
2019-08-30,Food,113.0,Course fee
24-04-19,Utilities,1086.0,Doctor visit
01-12-20,Travel,1339.0,Doctor visit
2021-02-28,Foood,1678.0,Salary 
2019-07-05,Travel,258.0,Gift
September 29 2020,Food,2152.0,Salary
17-05-20,Rent,1215.0,rChxJ1egv
03/04/2022,Rent,143.0,Grocery shopping
2021-07-08,Travel,365.0,Monthly rent
02/09/2021,Retn,51.0,Doctor visit
January 05 2019,Rent,592.0,Monthly rent
03-09-20,Food,2845.0,7wKMnd5nQMm6YKPClcCr
01/24/2019,Food,127.0,Doctor visit
01/19/2019,Othhers,892.0,Gift
June 08 2021,Food,255.0,Uber to office
January 19 2020,Utilities,65.0,Uber to office
04/26/2021,Other Income,77536.0,Uber to office
08/12/2021,Rent,746.0,7WfVwD83
05/24/2021,Travel,195.0,Dinner at resto
2019-10-16,Food,1796.0,Dinner at resto
06/17/2020,Rent,85.0,Netflix subscription 
09/29/2019,Rent,72.0,Doctor visit
03/12/2020,Utilities,312.0,Gift
07/17/2022,aSvings,431.0,Dinner at resto
10/13/2020,Food,298.0,Doctor visit
04-01-22,Food,1125.0,Grocery shopping 
07/01/2021,Utilities,711.0,Dinner at resto
02/10/2021,Bonus,55467.0,Monthly rent late
2022-03-24,Savings,56.0,Netflix subscription
June 02 2019,Bonus,75939.0,Grocery shopping
15-11-19,Entertainment,802.0,Uber to office via app
09-05-20,Entertainment,936.0,Dinner at resto
07/17/2021,Travel,604.0,Paid electricity bill
08/16/2019,Other Income,48672.0,Course fee
28-03-19,Others,1553.0,PzHzCcU4si
03/30/2022,Other Income,36590.0,Paid electricity bill
2020-01-18,Travel,2704.0,Doctor visit
13-09-20,Rent,3307.0,Gift 
2020-07-24,Utilities,77.0,Uber to office
05/01/2021,Food,367.0,Gift late
2022-09-19,Othhers,44.0,Uber to office
2019-04-23,Bonus,48080.0,Salary 
06/08/2019,Utilities,995.0,Salary
October 27 2022,Bonus,43933.0,Gift
14-12-20,Bonus,60047.0,Uber to office
25-12-21,Food,715.0,Salary late
05/08/2021,Entertainment,2154.0,Monthly rent
2022-07-18,Utilitise,736.0,Doctor visit
,Food,2103.0,Salary 
03-11-22,Travel,567.0,Salary
06/23/2019,Rent,1107.0,Monthly rent
2020-11-25,Utilities,757.0,Dinner at resto
01-01-22,Food,668.0,Grocery shopping cash
,Entertainment,100.0,Doctor visit
05-01-22,Rent,784.0,SVGjFupg3FXJxUf5Q7Pq
2020-08-22,Other Income,55665.0,Course fee via app
2022-01-14,Utilities,5966.0,Dinner at resto
2020-03-24,Entertainment,287.0,Doctor visit
29-01-22,Food,4266.0,Grocery shopping
04/03/2022,Rent,1266.0,Paid electricity bill
31-01-22,Salary,76476.0,Dinner at resto 
06-11-21,Travel,127.0,Course fee
10/06/2022,Entertainment,1025.0,Monthly rent
01/05/2019,Rent,4504.0,Monthly rent
2022-09-15,Health,654.0,Netflix subscription
2022-09-07,Education,776.0,Course fee
July 06 2021,Health,552.0,Course fee
2019-01-19,Utilities,149.0,Netflix subscription
17-10-21,Other Income,26018.0,Grocery shopping
2020-03-19,Food,47.0,Paid electricity bill late
10/23/2019,Travle,341.0,vZ431GtAo9cUy
23-02-20,Utilities,298.0,Monthly rent cash
2022-01-26,Utilities,250.0,Doctor visit via app
27-11-21,Others,991.0,hBDi272nn
2022-07-20,Education,326.0,Doctor visit
25-11-19,Travel,279.0,Course fee late
October 11 2022,Food,45.0,Paid electricity bill 
09-11-20,Other Income,56722.0,GdkfctB7hPYDs
02/15/2022,Healt,154.0,Paid electricity bill
05/26/2019,Rent,226.0,Uber to office
2019-02-05,Food,949.0,Paid electricity bill
03/18/2020,Education,3783.0,Dinner at resto
08/26/2020,Food,345.0,Paid electricity bill
September 13 2020,Food,286.0,Doctor visit
16-02-22,Entertainment,2571.0,Netflix subscription 
October 17 2021,Rent,286.0,Doctor visit
03/26/2022,Others,1582.0,Paid electricity bill
10/30/2019,Food,766.0,Doctor visit
09/09/2019,Entertainment,1976.0,Doctor visit cash
September 11 2020,Health,1062.0,Uber to office cash
28-03-21,Travel,288.0,Dinner at resto via app
January 27 2020,Utilities,305.0,Monthly rent
11-08-22,FFood,2131.0,Paid electricity bill cash
22-02-22,Salary,73481.0,Uber to office cash
May 17 2022,Rent,80.0,Dinner at resto
08-10-22,Salary,31992.0,Monthly rent
2021-07-10,Food,1150.0,Grocery shopping cash
24-02-19,Other Income,64532.0,Dinner at resto
2020-01-23,Food,297.0,Grocery shopping
12/28/2022,Other Income,50366.0,Uber to office
02-08-22,Food,278.0,Uber to office
May 09 2019,Others,25.0,Dinner at resto
2019-03-29,Food,117.0,Course fee
01/06/2021,Bonu,51870.0,Dinner at resto
10-04-22,Food,619.0,Monthly rent
October 12 2019,Rent,118.0,Course fee
12-12-22,Rent,899.0,Uber to office
May 17 2021,Travel,223.0,Course fee cash
2022-11-17,Travel,1367.0,Uber to office
23-05-19,Education,1490.0,Grocery shopping
05/07/2022,Food,383.0,Gift late
2020-10-17,Food,493.0,Monthly rent
03/15/2020,Utilities,810.0,Dinner at resto
06/18/2020,Travel,1069.0,o97zunjcdwR
28-03-19,Others,1553.0,PzHzCcU4si
18-04-19,Travel,115.0,Grocery shopping
December 06 2019,Rent,2098.0,Doctor visit
2019-07-26,Salary,38983.0,Grocery shopping
2019-05-09,Foood,132.0,Doctor visit
October 24 2020,Entertainment,213.0,RaGsYvbh
10/06/2020,Food,170.0,Uber to office
2021-12-22,Rent,1374.0,Paid electricity bill
30-03-19,Entertainment,390.0,Gift
10/27/2019,Other Income,57261.0,Course fee
August 05 2019,Rent,1965.0,Oj5dHEuv
19-04-22,Food,645.0,Course fee
2020-03-28,Rent,69.0,Grocery shopping
January 04 2021,Food,451.0,Doctor visit
September 25 2021,Others,362.0,5M01gbjIQkWEhD
2020-10-19,Bonus,71760.0,Paid electricity bill
21-02-21,Travel,1219.0,Doctor visit via app
09/14/2021,Entertainment,1166.0,Uber to office
08/11/2021,Rent,1371.0,Paid electricity bill via app
20-11-20,Food,1140.0,Dinner at resto
16-05-20,Food,161.0,Course fee
11/03/2022,Food,103.0,Grocery shopping
December 22 2021,Others,2520.0,Salary
07-07-20,Rent,1095.0,Paid electricity bill cash
28-02-20,Travel,1745.0,Netflix subscription late
19-12-20,Others,2744.0,Netflix subscription 
16-10-21,Food,230.0,Doctor visit
June 30 2022,Travel,373.0,Course fee via app
08/10/2019,Food,284.0,Paid electricity bill via app
01/04/2021,Food,1223.0,Doctor visit via app
20-10-22,Rent,208.0,Salary 
23-04-19,Travel,571.0,Gift late
06/30/2021,Food,33.0,Dinner at resto
03/29/2021,Entertainment,276.0,Uber to office
19-09-19,Travel,95.0,Doctor visit
November 15 2020,Utilities,362.0,Doctor visit
May 01 2019,Other Income,57565.0,Uber to office
07/25/2020,Savings,537.0,Gift
25-04-20,Food,852.0,Dinner at resto
July 13 2022,Rent,4777.0,Netflix subscription
24-06-22,Food,539.0,Monthly rent
25-04-21,Salary,78391.0,Dinner at resto
10/09/2019,Rent,840.0,Paid electricity bill 
02/18/2020,Rent,839.0,Monthly rent
26-09-20,Food,512.0,Course fee cash
04/10/2019,Travel,253.0,Uber to office 
2021-11-04,BBonus,73402.0,Grocery shopping
2019-09-05,Bons,60922.0,Dinner at resto
08-03-21,Reent,89.0,Doctor visit
19-02-20,Salary,84348.0,Gift
September 25 2022,Food,434.0,Course fee
09-10-22,Rent,750.0,Gift
22-11-20,Travel,123.0,Doctor visit
08/04/2019,oFod,529.0,Netflix subscription
10-09-19,Food,144.0,Doctor visit
20-10-19,Others,171.0,Grocery shopping via app
11/10/2019,Eduation,1171.0,Monthly rent
2019-06-13,Bonus,66653.0,Doctor visit
2022-09-04,Salary,46756.0,Gift
04/28/2022,Health,2435.0,Uber to office
29-06-19,Entertainment,316.0,Salary via app
March 21 2021,Rent,269.0,IOcqTPRj1mZ
2020-11-13,Rent,1304.0,Monthly rent late
12/10/2019,Rent,111.0,Paid electricity bill
11/05/2019,Food,2427.0,Paid electricity bill
2022-06-23,Utilities,346.0,Gift
06/02/2021,Others,175.0,Doctor visit
06/14/2019,Salary,64756.0,Paid electricity bill
06-02-20,Travel,100.0,Monthly rent 
11/13/2020,Other Income,89028.0,Paid electricity bill
05-06-21,Rent,195.0,Salary via app
03/24/2022,Savings,194.0,Course fee
04/01/2019,Rent,286.0,Doctor visit
April 01 2021,Food,3489.0,Grocery shopping
2020-09-01,Food,2081.0,Course fee
23-11-20,Utilities,270.0,Doctor visit
2022-11-07,Food,1359.0,Course fee
October 04 2022,Health,192.0,Netflix subscription
2022-04-21,Ret,702.0,Paid electricity bill
February 22 2020,Travel,386.0,Monthly rent 
02/04/2021,Savings,68.0,Uber to office via app
03/12/2022,Food,1858.0,Uber to office
30-07-21,Entertainmentt,3078.0,Dinner at resto via app
September 10 2022,Entertainment,38.0,Grocery shopping cash
2022-04-15,Rent,1278.0,Gift
24-10-22,Rent,106.0,Uber to office
16-02-21,Rent,430.0,Uber to office
10/02/2022,Rent,4889.0,Paid electricity bill
April 23 2022,Travel,2374.0,Monthly rent 
January 12 2021,Travel,524.0,Dinner at resto
10/22/2019,Salary,85628.0,Paid electricity bill late
09/25/2021,Food,199.0,69H0adDwPI20T
05/25/2022,Utilities,1067.0,Doctor visit via app
October 20 2022,Other Income,66826.0,Netflix subscription
June 01 2021,Entertainment,77.0,Gift via app
2020-11-23,Savings,1539.0,Paid electricity bill
2021-03-04,Rent,2044.0,Uber to office
2022/12/09,Utilities,142.0,Monthly rent cash
2022-10-29,Utilities,359.0,Dinner at resto
12/09/2019,Rent,558.0,Gift
2021-11-14,Food,606.0,Uber to office 
2019-08-16,Bonus,34954.0,2RRLCTFm
2019-02-25,Rent,573.0,Grocery shopping
2019-09-03,Rent,195.0,Doctor visit
2022-05-29,Utilities,180.0,Netflix subscription
23-11-22,Food,97.0,Netflix subscription
2021-07-27,Food,570.0,Dinner at resto 
2019-12-17,Rent,168.0,Uber to office
June 29 2020,Rent,667.0,ur3kNFk5
06/30/2020,Others,351.0,Salary
June 09 2019,Food,2685.0,Grocery shopping cash
2020-10-12,Food,138.0,Doctor visit
2019-07-24,Food,683.0,Paid electricity bill
2019-04-27,Rent,25.0,Doctor visit
04/16/2022,Rent,64.0,Course fee late
31-08-19,Rent,110.0,Salary
February 12 2021,Savings,313.0,Doctor visit
2022-08-15,Rent,202.0,Grocery shopping
01-07-20,Bonus,41848.0,Paid electricity bill
12/13/2020,Rent,461.0,Gift
28-04-20,Food,87.0,Doctor visit
June 08 2020,Travel,463.0,Gift cash
2021-07-02,Others,782.0,Paid electricity bill
2020-04-15,Food,167.0,Salary
23-01-20,Utilities,581.0,Course fee
06-12-22,Bonus,65568.0,Monthly rent via app
09/06/2022,Food,113.0,Dinner at resto
10/17/2020,Travel,147.0,Salary
19-05-19,Utilities,99.0,Dinner at resto
05/03/2020,Rent,498.0,Salary
01/08/2020,Food,1836.0,Monthly rent cash
June 05 2020,Rent,743.0,Monthly rent
January 28 2021,Food,219.0,Netflix subscription
15-09-19,Utilities,452.0,Grocery shopping via app
12-02-19,Rent,1343.0,Dinner at resto via app
17-11-21,Entertainment,279.0,wpdwmpuTfdaDJWtqvDnT
27-03-21,Rent,1252.0,1UzqTGH3FAi3MNGDK
,Rent,,Netflix subscription
2019-10-29,Rent,102.0,Dinner at resto cash
2021-09-21,Rent,1032.0,Monthly rent via app
02/22/2019,Food,195.0,Grocery shopping
August 10 2021,Rent,533.0,Salary
April 10 2020,Food,1032.0,Gift via app
2020-02-24,Rent,121.0,Course fee
04/06/2019,Food,140.0,Paid electricity bill
August 14 2021,Food,273.0,Monthly rent cash
11/01/2020,Others,77.0,Paid electricity bill 
29-11-21,Food,149.0,Uber to office
March 29 2019,Savingss,205.0,Dinner at resto
March 10 2021,Rent,366.0,Grocery shopping
15-01-19,Utilities,335.0,Gift
September 23 2022,Otherrs,547.0,Gift
08/30/2021,Food,794.0,Course fee
2021-06-27,Food,298.0,Paid electricity bill
October 17 2022,Other Income,48269.0,Course fee
04/13/2019,Rent,5367.0,Uber to office
05/01/2021,Entertainment,515.0,uCDIPKBn5P8F
13-08-19,Entertainment,50.0,Monthly rent 
06/27/2021,Rent,130.0,Course fee
07/05/2022,Education,296.0,hlYRBPZD5ORPnIVE
July 09 2020,Entertainment,560.0,Netflix subscription
03/06/2020,Others,170.0,Doctor visit
10/24/2021,Food,73.0,Salary
05/02/2019,Rent,593.0,EAHUtJjiVIYv
2019-04-27,Utilities,309.0,Gift late
12/31/2020,Rent,556.0,Salary via app
10/25/2021,Foood,140.0,Netflix subscription
08-03-22,Travel,1159.0,Paid electricity bill
06/30/2019,Food,337.0,Doctor visit
14-06-20,Food,13.0,Course fee via app
04/17/2020,Salary,72604.0,Grocery shopping
23-03-19,Health,77.0,Doctor visit
2022-01-14,Salry,60219.0,Doctor visit 
2019-06-04,Rent,111.0,Doctor visit
2021-11-12,Travel,61.0,Uber to office
,Food,234.0,Dinner at resto
06-03-22,Rent,1038.0,Doctor visit late
2022-03-15,Rent,3179.0,Monthly rent late
05/22/2021,Retn,46.0,Uber to office via app
14-03-19,Rent,65.0,Gift
2021-07-05,Saary,84957.0,Salary
2020-01-19,Food,27.0,Dinner at resto late
12-09-21,Other Income,39705.0,Gift
10/15/2020,Other Income,66608.0,Grocery shopping
05/30/2021,Entertainment,767.0,Uber to office
02/24/2022,Food,328.0,Grocery shopping via app
2019-05-25,Rent,3126.0,Doctor visit
10/09/2022,Travel,116.0,Salary
2021-08-28,Education,106.0,Doctor visit
31-08-19,Food,153.0,Doctor visit late
November 08 2021,Other Income,56253.0,Monthly rent via app
09/10/2022,Entertainemnt,534.0,Monthly rent
November 26 2020,Other Income,71178.0,Salary
11/15/2022,Others,-72.0,Course fee
10/03/2019,Education,1091.0,Monthly rent late
2020-03-16,thers,,Dinner at resto
23-06-21,Others,703.0,Uber to office
08-11-19,Food,1884.0,Netflix subscription
2019-08-01,Utilities,2372.0,Grocery shopping
09/06/2022,Others,105.0,Netflix subscription
16-10-22,Others,309.0,0wTZek2hqtCfeaA
2022-06-04,Bonus,55451.0,Gift
14-08-19,eRnt,1031.0,Monthly rent cash
03/17/2019,Education,3018.0,Netflix subscription
02/14/2022,Food,788.0,Grocery shopping late
30-04-20,tOhers,641.0,Paid electricity bill
07-02-19,Food,144.0,Course fee
2019-08-21,Other Income,,Course fee
08-05-21,Travel,1681.0,Salary
12/25/2021,Rent,489.0,Paid electricity bill late
,Food,211.0,Dinner at resto
12-12-22,Utiilties,436.0,Grocery shopping
2020-02-24,Rent,121.0,Course fee
September 11 2020,Rent,882.0,Gift
28-02-20,Food,514.0,Salary
31-08-20,Rent,1138.0,Grocery shopping
2022-09-04,Bonus,51392.0,Paid electricity bill
2021-04-27,Others,948.0,Dinner at resto
28-06-20,Salary,73272.0,Uber to office late
11/23/2022,Travel,58.0,Paid electricity bill
09/06/2020,Food,102.0,Uber to office
2020-12-01,Food,182.0,Monthly rent
29-04-21,Bonus,48831.0,Course fee
2021-12-01,Rent,675.0,Paid electricity bill 
2020-07-15,Health,278.0,VDf3qOjt3XzWuOIwt4
24-06-19,Other Income,29903.0,Dinner at resto late
09/10/2022,Food,268.0,Course fee 
11-07-21,Rent,127.0,Monthly rent
,Utilities,857.0,Monthly rent late
04/01/2022,Food,1779.0,Grocery shopping
2021-08-31,Rent,660.0,Monthly rent
02-03-21,Rent,5396.0,Uber to office
July 21 2020,Food,2383.0,Doctor visit
05-08-21,Travel,72.0,Monthly rent
05/07/2021,Rent,428.0,Monthly rent
19-09-19,Education,759.0,Uber to office
2020-12-16,Entertainment,395.0,HTXaMmWLJmXPn
05/29/2021,Rent,669.0,Gift
26-03-20,Rent,3350.0,Grocery shopping
11/02/2020,Savings,210.0,Monthly rent
06/15/2022,Rent,464.0,Course fee
2022-05-21,Food,407.0,Doctor visit
09/02/2019,Rent,557.0,Grocery shopping via app
June 04 2022,Rent,814.0,Dinner at resto via app
May 02 2022,Utilities,2314.0,Doctor visit cash
06-12-19,Utilities,545.0,Course fee
06/30/2022,Other Income,49846.0,Netflix subscription
07/06/2021,Food,209.0,Uber to office via app
10/01/2020,Rent,409.0,Monthly rent
November 18 2021,Rent,256.0,Grocery shopping via app
19-12-20,Bonus,55459.0,Course fee late
09/30/2020,Bonus,64315.0,Course fee via app
2020-09-24,Utilities,2426.0,Dinner at resto
09/18/2020,Salary,48765.0,Salary
09/30/2021,Food,41.0,qIQhn1EYmguTH8HwRVx
2019-04-06,Rent,369.0,Netflix subscription cash
09/16/2019,RRent,3345.0,Monthly rent
2019-02-09,Food,791.0,Salary late
January 28 2021,Rent,526.0,Course fee via app
November 23 2022,Utilities,314.0,Gift late
10-08-19,Other Income,51251.0,Doctor visit
06/23/2020,eRnt,110.0,5zWRo8Cyvm
19-01-21,Rent,325.0,Dinner at resto
02-12-19,Bonus,69991.0,Netflix subscription
2021-01-07,Savings,1017.0,Dinner at resto
02/16/2019,Food,291.0,Gift 
06/26/2020,Food,254.0,Salary
04/05/2020,Food,127.0,Monthly rent
02/17/2022,Food,628.0,Salary
04-01-22,Utilities,5675.0,Gift
11-11-20,Travel,1151.0,Salary via app
December 04 2022,Travel,711.0,Monthly rent
09/06/2019,Others,864.0,Paid electricity bill
2022-08-21,Food,379.0,Uber to office
07-09-21,Education,938.0,Doctor visit
01/05/2022,Food,23.0,Grocery shopping
November 19 2020,Savings,2358.0,Doctor visit
2020-06-24,Bonus,51067.0,Doctor visit late
08/16/2022,Food,2097.0,Gift
03/22/2022,Fod,688.0,Doctor visit
04/25/2019,Entertainment,370.0,HLYxwHf38
06/09/2022,Travel,292.0,Grocery shopping
20-08-20,Bonus,76415.0,Grocery shopping 
2022-03-21,Food,76.0,nSHn55eNbb
18-08-22,Food,316.0,Gift
November 22 2020,Rent,429.0,Grocery shopping
04/04/2020,Utilities,322.0,Gift late
2020-07-27,Food,184.0,Grocery shopping
08/25/2019,Food,547.0,Uber to office
29-01-20,Food,921.0,Dinner at resto 
2022-09-01,Food,52.0,Course fee
November 27 2021,Rent,535.0,Dinner at resto
10/03/2019,Rent,76.0,Dinner at resto 
07/16/2022,Rent,462.0,Uber to office
March 19 2022,Travel,556.0,Course fee
03/26/2019,Others,60.0,Salary
January 01 2020,ravel,88.0,Monthly rent
May 07 2021,Food,1333.0,Netflix subscription cash
2021-04-03,Travel,212.0,Gift via app
30-06-19,Bonus,59647.0,Course fee
05/08/2019,Rent,44.0,Course fee
12/15/2020,Food,1476.0,Doctor visit
2022-02-09,Entertainment,2741.0,Paid electricity bill
20-09-20,Utilities,767.0,Salary
2020-06-30,Bonus,53620.0,Grocery shopping
September 20 2022,Food,1477.0,Dinner at resto
March 14 2020,Fod,1103.0,Grocery shopping via app
05/28/2020,Entertainment,2035.0,Uber to office via app
March 05 2019,Rent,443.0,Dinner at resto
2021-11-17,Food,175.0,Grocery shopping 
28-08-22,Food,257.0,Grocery shopping
2022-07-31,Utilities,3490.0,Course fee 
16-06-20,Rent,2380.0,Course fee cash
03/01/2022,Ret,40.0,Salary
2022-03-25,Rent,265.0,Doctor visit
2019-01-03,Sallary,62019.0,bl1fpc9K3
24-08-20,Travel,492.0,SoKxa4xfhdKO
12/07/2020,Education,162.0,Salary via app
08/28/2021,Rent,421.0,Uber to office
2019-10-29,Savings,69.0,Dinner at resto 
2020-04-20,Utilities,901.0,Salary late
10-09-22,Food,586.0,Grocery shopping via app
08-02-21,Travel,100.0,DiTBjvIBKj6H
,Travel,201.0,Paid electricity bill via app
January 15 2021,Utilities,569.0,Paid electricity bill
12/04/2022,Salary,60303.0,Netflix subscription late
04/03/2022,Food,267.0,Grocery shopping
25-12-22,Food,467.0,Dinner at resto
March 11 2022,Education,957.0,Uber to office via app
21-04-21,Food,164.0,Monthly rent
12/25/2022,Utilities,249.0,Netflix subscription
March 18 2022,Travel,199.0,Monthly rent
09/26/2021,Rent,279.0,Monthly rent
06/28/2020,Entertainment,78.0,Monthly rent via app
16-12-22,Salary,47510.0,Monthly rent
26-04-19,Utilities,340.0,Dinner at resto
26-03-20,Rent,3350.0,Grocery shopping
02/16/2020,Health,588.0,Monthly rent cash
27-04-19,Entertainment,119.0,Salary
April 20 2021,Others,64.0,Grocery shopping
2020-06-21,Food,717.0,Monthly rent
2021-07-12,Others,133.0,Uber to office
14-04-19,Foo,399.0,Dinner at resto
12-04-22,Bonus,52599.0,Doctor visit 
2020-08-03,Salary,41546.0,Doctor visit
2019-09-20,Food,1030.0,Salary
2019-02-03,Rent,451.0,Gift
04/21/2020,Food,639.0,Paid electricity bill
03-05-22,Other Income,76057.0,Paid electricity bill
2019-06-22,Savings,369.0,Monthly rent
01/14/2019,Food,1240.0,VZ69c1k8KzBPM1
06/09/2022,Other Income,50394.0,Grocery shopping
May 03 2020,Utilities,496.0,Grocery shopping 
06/10/2019,Health,99.0,6Wk3ZHZs05k
13-09-20,Entertainment,193.0,Monthly rent late
04-11-22,Rent,832.0,Grocery shopping
2020-03-31,Bonus,39155.0,Salary
May 15 2019,Other Income,39404.0,Course fee via app
2021-06-13,Utilities,564.0,Doctor visit
06-04-19,Rent,229.0,Dinner at resto
08/04/2020,Others,62.0,Salary
2019-04-25,Food,1799.0,Uber to office late
2020-07-18,Entertainment,143.0,Doctor visit 
29-01-22,Food,4266.0,Grocery shopping
2021-01-13,Salary,47507.0,Course fee
,Food,309.0,Monthly rent 
08/10/2019,Others,711.0,Netflix subscription
08/20/2022,Rent,960.0,Monthly rent
2020-09-24,Food,1044.0,Gift cash
2021-08-10,Entertainment,345.0,Paid electricity bill
2019-05-26,Food,222.0,Grocery shopping
09/16/2020,Other Income,46142.0,Paid electricity bill 
2019-05-03,Ret,637.0,Monthly rent 
01/14/2019,Salary,67468.0,Salary
07/21/2020,Travel,28.0,Salary 
2019-07-22,Food,112.0,Course fee
01/22/2022,Utilities,160.0,Netflix subscription
2019-02-09,Rent,158.0,Gift
01/31/2019,Utilities,1123.0,Gift
2022-01-29,Utilities,1312.0,Doctor visit via app
02/08/2021,Rent,711.0,Gift
November 07 2021,Rent,90.0,Doctor visit cash
11-05-21,Rent,175.0,Grocery shopping
28-10-21,Rent,78.0,Dinner at resto
October 17 2021,Utilities,639.0,Salary
2019-06-16,Education,808.0,Salary
11/08/2020,Rent,870.0,Course fee
19-11-19,Other Income,48690.0,Grocery shopping
18-04-21,Rent,2306.0,Monthly rent
2020-04-19,Travel,804.0,Grocery shopping 
04/27/2022,Rent,523.0,Doctor visit
2022-09-01,Salary,34055.0,Netflix subscription
09/24/2021,Others,116.0,Uber to office
01/21/2020,Savnigs,509.0,Monthly rent cash
2022-06-12,Food,848.0,Uber to office late
2021-07-23,Travel,581.0,Course fee
2019-09-26,Food,697.0,Doctor visit
October 11 2019,Bonus,55210.0,Netflix subscription
22-09-20,Food,314.0,Gift
August 29 2019,Food,,Dinner at resto via app
12-11-21,Entertainment,122.0,8whphA7dgigdkmb
25-06-19,Entertainment,1829.0,Doctor visit via app
20-08-22,Food,993.0,Monthly rent
2020-12-29,Food,1646.0,Grocery shopping 
2019-06-24,Food,182.0,Salary
2019-06-27,Trravel,46.0,Paid electricity bill
29-01-20,Rent,398.0,Salary
2021-01-13,Salary,45361.0,Dinner at resto
11/10/2022,Rent,35.0,Course fee via app
02/09/2020,Others,1642.0,Salary
2020-08-02,Bonus,40989.0,Doctor visit cash
March 01 2021,Rent,1707.0,Doctor visit
2021-12-08,Others,933.0,Dinner at resto late
2020-10-06,Savings,111.0,Salary
2022-05-06,Entertainment,1261.0,Course fee
10-09-21,Food,625.0,Netflix subscription
08/19/2020,Food,151.0,Dinner at resto
02/19/2022,Utiliies,536.0,Doctor visit via app
2020-04-25,Entertainment,51.0,Paid electricity bill
August 30 2020,Food,584.0,Grocery shopping
04/16/2019,Travel,72.0,Paid electricity bill
09/28/2022,Entertainment,276.0,Doctor visit
2020-10-17,Food,157.0,Course fee late
2021-09-11,Food,1297.0,Monthly rent
May 08 2021,Travel,220.0,Netflix subscription
01/04/2021,Entertainment,986.0,Salary cash
2021-10-11,Health,121.0,Paid electricity bill
2022-10-19,Food,79.0,Netflix subscription
February 16 2019,Travel,399.0,Dinner at resto cash
2019-04-02,Bonus,58056.0,Netflix subscription
12-01-20,Rent,265.0,Uber to office
04/07/2022,Food,472.0,Course fee
March 20 2020,Rent,201.0,Grocery shopping
2020-01-14,Heaalth,43.0,Paid electricity bill
19-09-21,Salary,63393.0,Uber to office
01/14/2020,Rent,2180.0,Grocery shopping late
02-12-20,Food,666.0,Monthly rent 
24-11-22,Rent,452.0,Monthly rent
2020-04-21,Entertainment,968.0,Netflix subscription
July 24 2021,Food,769.0,Netflix subscription
2020-04-20,Travel,42.0,Gift
2019-06-22,Food,54.0,Monthly rent
April 09 2020,Rent,682.0,Course fee
07/28/2019,Entertainment,4606.0,Netflix subscription
17-11-22,Other Income,44131.0,Netflix subscription
June 13 2020,Travel,,Doctor visit
28-12-22,Rnet,110.0,Gift
15-04-19,Utilities,59.0,YTCZd49a
October 21 2020,Utilities,694.0,Monthly rent
30-10-19,Rent,131.0,Salary
08/25/2019,Food,547.0,Uber to office
05/15/2020,Health,254.0,eW5qQYyrvHmU2LM8jy
03/25/2020,Saviings,149.0,Grocery shopping
2019-10-21,Travel,474.0,Paid electricity bill
07/21/2021,Food,1172.0,Doctor visit cash
2021-12-22,Education,726.0,Doctor visit
25-10-20,Health,253.0,Course fee
25-08-20,Food,67.0,ZEJWCU3zkq59bGwYGMG
02/11/2021,Education,303.0,Doctor visit 
06/16/2021,Bonus,58827.0,Monthly rent
13-11-22,Rent,944.0,Paid electricity bill
17-04-21,Food,1968.0,Monthly rent
January 03 2020,Food,221.0,Course fee
09/16/2019,Travel,119.0,Paid electricity bill
June 23 2019,Food,94.0,Gift
March 28 2021,Food,34.0,Dinner at resto late
2021-01-22,Food,345.0,Netflix subscription
2019-01-08,Ret,232.0,Uber to office
October 11 2019,Rent,90.0,Grocery shopping
2019-01-17,Food,136.0,Doctor visit
2022-04-10,Entertainment,64.0,Uber to office
31-10-20,Bonus,61839.0,Paid electricity bill via app
20-07-21,Rent,-606.0,Course fee
2022-05-27,Food,233.0,Gift
03/18/2022,Other Income,44973.0,Dinner at resto
03-06-19,Rent,122.0,Uber to office
11/25/2022,Rent,1693.0,Course fee cash
05/27/2022,Food,1542.0,Doctor visit
12/18/2021,Entertainment,2492.0,otiV1X9eVehtowy
04/10/2022,Salary,94560.0,Uber to office 
16-11-19,Travel,153.0,Uber to office
09/09/2019,Savings,451.0,Uber to office
03/21/2020,Bonus,38731.0,Course fee
February 01 2022,aSvings,241.0,Paid electricity bill
08-04-21,Food,556.0,Paid electricity bill
11/15/2021,Food,576.0,Course fee
08/03/2020,Entertainment,238.0,Doctor visit via app
04-10-22,Food,109.0,Salary
03/30/2021,Others,2197.0,Grocery shopping
01-09-21,Bonuus,70786.0,Course fee
05/11/2020,Rent,1592.0,Salary
12/06/2019,Food,765.0,Doctor visit
01-06-22,Food,956.0,Uber to office
11/16/2022,Rent,434.0,Monthly rent
16-03-21,Rent,801.0,Gift
March 11 2021,Food,680.0,Doctor visit via app
12/08/2019,Rent,56.0,Doctor visit
2021-06-27,Food,1454.0,fCYxRVUbkCQU
06/30/2019,Rent,1351.0,Monthly rent via app
05/28/2021,Rent,627.0,Monthly rent cash
02/13/2019,Salary,78296.0,Gift cash
2020-11-27,Salary,45564.0,Netflix subscription
02/08/2021,Health,1720.0,KadEx9ARS3
March 27 2021,Food,197.0,Monthly rent
20-09-20,Rent,113.0,Grocery shopping via app
08/06/2020,Travel,3169.0,Gift
21-02-21,Food,262.0,Netflix subscription late
08/23/2022,Food,192.0,jUhHOm4uNzK3J8R1i
July 19 2022,Other Income,40626.0,Monthly rent
12/26/2022,Others,85.0,Dinner at resto
07/24/2021,Savings,33.0,Salary 
26-12-21,Food,1642.0,Salary
January 12 2020,Rent,177.0,Doctor visit
2019-11-06,Food,236.0,Paid electricity bill
07/13/2022,Travel,1214.0,Monthly rent
05/10/2021,Entertainment,242.0,Salary
08/24/2020,Utilities,568.0,Salary
2021-06-08,Utilities,475.0,Salary 
June 20 2019,Travel,237.0,Uber to office
02/15/2021,Rent,889.0,Paid electricity bill
03/31/2022,Food,970.0,Uber to office
2021-07-22,Rent,54.0,Gift
11/01/2022,Rent,1072.0,Grocery shopping
06-08-22,Others,61.0,Netflix subscription
11/10/2022,Other Income,68502.0,Salary
2019-09-14,Rent,192.0,Course fee late
2020-02-28,Rent,1553.0,Salary
10/28/2021,Travel,,Netflix subscription
23-12-22,Others,132.0,Grocery shopping late
February 14 2022,Bonus,31477.0,Dinner at resto late
July 27 2020,Food,438.0,Salary via app
07/13/2020,Rent,841.0,Course fee
2021-01-25,Rent,181.0,Netflix subscription
30-08-20,Savings,253.0,Monthly rent late
09/19/2021,Rent,327.0,Course fee
27-11-22,Travel,73.0,Monthly rent
June 25 2022,Utilities,781.0,s2w5I0uFobe0
August 26 2022,Travel,90.0,Grocery shopping via app
05/01/2020,Utilities,1120.0,Grocery shopping
04/17/2021,Travel,223.0,Salary 
05-08-19,Food,246.0,Monthly rent
2021-04-23,Utilities,223.0,Grocery shopping
07/31/2019,Food,114.0,Uber to office
2019-03-03,Travel,1425.0,EMHxVV1izMR5nxmac
07-10-20,Food,545.0,Course fee 
13-09-20,Rent,1872.0,Paid electricity bill via app
2021-06-29,Bonus,74204.0,Paid electricity bill
21-12-21,Bonus,24327.0,Gift 
2022-08-12,Food,198.0,Monthly rent late
2020-03-11,Rent,250.0,Uber to office 
18-05-22,Other Income,47917.0,Monthly rent
2019-03-06,Savings,443.0,Dinner at resto cash
05/25/2020,Salary,66850.0,Paid electricity bill
12/13/2021,Rent,497.0,Uber to office 
March 08 2022,Food,132.0,Grocery shopping via app
2021-11-18,Bonus,65584.0,Course fee
2020-05-06,ent,538.0,Salary
01-05-22,Entertainment,167.0,Paid electricity bill
04/06/2022,Utilities,553.0,Dinner at resto cash
2022-05-14,Other Income,41065.0,Gift via app
2019-03-09,Rent,1208.0,Grocery shopping
,Rent,587.0,Netflix subscription
2022-10-11,Rent,78.0,Doctor visit
04/01/2022,Travel,88.0,Salary
14-03-20,Rent,288.0,Grocery shopping cash
06-10-19,Travel,90.0,Grocery shopping late
2021-04-23,Food,375.0,Gift
08/12/2019,Food,215.0,Doctor visit late
21-07-21,Rnet,307.0,Uber to office via app
07/19/2021,Food,1122.0,Doctor visit cash
06/29/2019,Food,2113.0,Netflix subscription
14-10-20,Bonus,78184.0,tmhFA3rKZV
05-09-22,Food,221.0,Dinner at resto
03/17/2021,Food,102.0,Uber to office
12/08/2020,Other Income,66710.0,Course fee via app
June 23 2020,Food,962.0,Doctor visit
05/22/2019,Food,324.0,Gift
March 14 2019,Rent,65.0,Salary
2022-06-04,Food,106.0,Salary late
09/19/2020,Entertainment,2483.0,Dinner at resto
09/22/2022,Food,3297.0,y2G2UTctHP
2021-01-04,Rent,174.0,Monthly rent
June 27 2021,Other Income,65829.0,Dinner at resto
17-10-20,Salary,66785.0,Gift
09/30/2021,Rent,1026.0,Gift
16-07-19,Rent,220.0,Paid electricity bill
05-10-22,Food,344.0,Dinner at resto late
07/27/2019,Other Income,79326.0,Salary
2022-09-26,Rent,7.0,wMRrHWqPX6dlBP3ecqNf
December 16 2021,Travel,555.0,Salary
2022-08-31,Food,1066.0,Course fee
20-10-22,Other Income,66495.0,Paid electricity bill 
2021-06-07,Other Income,76533.0,Dinner at resto
January 12 2022,Rent,2279.0,Gift
05/25/2020,Entertainment,741.0,Course fee cash
26-11-19,Utilities,31.0,MAUoGhysOdwzLU
05/28/2019,Food,1166.0,Grocery shopping via app
September 17 2019,Education,2923.0,Doctor visit late
04-07-21,Utilities,344.0,Course fee 
2019-06-12,Bonus,75088.0,Netflix subscription
March 23 2020,Food,973.0,Gift via app
2021-05-28,Salary,37909.0,Gift
2021-04-11,Travel,459.0,Doctor visit
2021-04-29,Travel,1099.0,Uber to office
03/10/2021,Saivngs,365.0,Dinner at resto
July 16 2019,Utilities,4400.0,Doctor visit
04/10/2022,Rent,428.0,Uber to office
2020-08-04,Rent,154.0,Grocery shopping
04-09-19,Utilities,642.0,Dinner at resto
02-07-22,Utilities,134.0,Monthly rent
2021-04-04,Rent,702.0,Grocery shopping
05/12/2019,Food,135.0,Paid electricity bill
09/21/2021,Bonus,65092.0,Salary
19-03-19,Other Income,52201.0,Grocery shopping
06/18/2021,Rent,3776.0,Gift
12/25/2020,Rent,322.0,Dinner at resto via app
08-08-19,Rent,807.0,Salary
06/07/2020,Entertainment,1425.0,0N0klokFJIZDG8LVccx
10/04/2022,Foood,248.0,Salary
03-09-20,Rent,3225.0,Paid electricity bill
2022-07-08,Travel,320.0,Monthly rent
02-12-21,Travel,364.0,OOEiZYDARGvrw4hzsxs
30-08-19,Savings,516.0,Salary
2022-08-18,Food,133.0,Dinner at resto
09/21/2022,Others,1485.0,Gift
05-12-20,Travel,5710.0,Grocery shopping
2021-03-08,Travel,117.0,Monthly rent late
September 24 2020,Food,293.0,Gift
06-04-22,Rent,172.0,Dinner at resto cash
2021-02-18,Utilities,29.0,Grocery shopping
2020-07-20,Food,585.0,p7LUxVpHunSRiAqBKF
01-11-19,Food,273.0,Grocery shopping
May 16 2021,Food,546.0,Gift
2021-10-02,Others,213.0,Monthly rent
11/27/2022,Food,173.0,Uber to office
2022-08-09,Food,-754.0,Grocery shopping via app
07/08/2021,Entertainment,178.0,Salary
10-04-22,Others,535.0,Grocery shopping cash
18-08-20,Utilities,1446.0,Netflix subscription
,Utilities,595.0,Gift
17-06-20,Travel,2855.0,Uber to office late
09/16/2022,Entertainment,355.0,Monthly rent
11-09-20,Rent,96.0,Paid electricity bill
September 05 2022,Bonus,68376.0,Netflix subscription
03-08-21,Utilities,3146.0,Doctor visit
2020-12-09,Travel,16.0,Netflix subscription late
09-12-19,Food,168.0,Gift cash
May 31 2021,Food,116.0,v8OInj8e
May 19 2019,Other Income,69726.0,Monthly rent cash
September 04 2022,Rent,888.0,Dinner at resto via app
25-09-21,Rent,1471.0,Salary
05/24/2019,Bonus,39909.0,Salary
09-06-22,Food,207.0,Uber to office 
2021-07-30,Entertainment,105.0,Gift
2020-10-15,Travel,907.0,Grocery shopping
June 12 2020,Savngs,144.0,Paid electricity bill
,Salary,65026.0,Monthly rent
13-10-21,Food,1026.0,Netflix subscription via app
03-11-19,Utilities,816.0,Grocery shopping
2022-06-29,Travel,123.0,HkiMxtBZar
08/03/2019,Salary,76266.0,Dinner at resto
11-04-22,Other Income,53194.0,Course fee
12/11/2020,Food,213.0,Course fee
August 10 2022,Rent,3828.0,Doctor visit late
2022-04-28,Travel,40.0,Netflix subscription
07-04-21,Education,59.0,Uber to office late
19-06-22,Foo,719.0,Grocery shopping
06/13/2022,Reent,793.0,Salary
2019-06-14,Food,36.0,Doctor visit
02-06-22,Food,183.0,Course fee
05/18/2022,Rent,109.0,Grocery shopping
01-07-19,Health,2027.0,Gift
22-10-20,Rent,,Paid electricity bill
06/24/2021,Rent,2590.0,Salary via app
2019-08-12,Health,345.0,Salary
30-01-19,Food,709.0,Gift
July 06 2020,Entertainment,202.0,Monthly rent
01/09/2019,Savings,84.0,Grocery shopping cash
2020-03-09,Entertainment,146.0,Salary late
2021-10-20,Rent,1113.0,Monthly rent
2019-01-02,Bonus,60227.0,Monthly rent
October 05 2020,Food,269.0,Gift
07/17/2019,Food,2240.0,Gift
26-12-21,Other Income,35329.0,Grocery shopping
09/23/2022,Salary,47868.0,Gift
01/12/2020,Travel,409.0,Monthly rent
07/15/2021,Food,353.0,Grocery shopping late
2020-03-18,Health,373.0,Jf9mas4TfJMo7
,Other Income,89970.0,mEP8jDbVaFSf8ggoT95G
02/24/2022,Utilities,242.0,Netflix subscription late
27-11-20,Food,275.0,Course fee 
24-09-21,Rent,621.0,Gift
January 17 2022,Rent,202.0,Course fee
2020-04-14,Food,2090.0,Gift
30-09-21,Utilities,178.0,Gift
2020-05-01,Svings,187.0,Netflix subscription
24-07-22,Foodd,675.0,Dinner at resto
March 30 2022,Travel,839.0,Course fee
2020-02-24,Education,309.0,Salary
21-03-21,Salary,48614.0,Doctor visit late
05/17/2019,Bonus,66532.0,Grocery shopping 
2019-07-19,Ren,1902.0,Salary
03/20/2022,Travel,393.0,Monthly rent
2021-03-11,Rent,292.0,Monthly rent
2019-02-28,Rent,168.0,Grocery shopping 
31-08-19,Travel,930.0,Uber to office via app
11/05/2020,Food,912.0,Doctor visit cash
12/25/2022,Entertainment,2013.0,Doctor visit
08/05/2019,Travel,501.0,Course fee
December 05 2019,Others,3903.0,Gift
2022-05-04,Salary,54162.0,Gift late
09/18/2020,Food,1167.0,Grocery shopping
April 01 2019,Bonus,69445.0,Paid electricity bill
2020-06-07,Food,158.0,Monthly rent
December 30 2020,Food,2799.0,Doctor visit via app
24-09-19,Salary,48680.0,Uber to office
2022-01-29,Rent,797.0,ig54Cvs2dtEnUv2
12/13/2022,Food,85.0,Salary
,Travel,769.0,Course fee 
2020-09-20,Utilities,1731.0,Dinner at resto
2022-10-21,Salary,32304.0,Dinner at resto
October 25 2022,Rent,741.0,Gift
2022-09-30,Bonus,66100.0,Doctor visit
May 18 2020,Rent,395.0,Course fee
09/14/2019,Other Income,50514.0,Salary
2019-11-05,Entertainment,159.0,2BSQ1YBZ
2021-04-22,Others,619.0,Gift
01-01-22,Health,425.0,Uber to office
,Health,418.0,Uber to office
02/01/2020,Utilities,2322.0,Salary
July 03 2020,Food,785.0,Paid electricity bill
2020-03-16,Food,52.0,Paid electricity bill late
03-12-22,Rent,363.0,Gift
19-10-19,Rent,72.0,Monthly rent
24-10-19,Salary,61412.0,Monthly rent
2022-03-03,Rent,400.0,Grocery shopping
12/11/2019,Entertainment,262.0,Course fee
2020-09-25,Education,132.0,Uber to office via app
06/03/2022,Travel,52.0,Uber to office
2020-02-24,Entertainment,510.0,Monthly rent late
03-03-22,Savings,1427.0,Grocery shopping
02/27/2020,Savings,314.0,Grocery shopping cash
07/18/2022,Utilities,327.0,Gift
01/20/2020,Entertainment,327.0,Uber to office
July 26 2019,Rent,999999.0,Monthly rent
2019-05-04,Food,631.0,Salary
2022-04-12,Rent,103.0,Doctor visit
April 06 2020,Utilities,583.0,Course fee
27-03-22,Entertainment,2727.0,Netflix subscription cash
30-04-21,Rent,250.0,Paid electricity bill
2022-09-23,Utilities,100.0,Gift via app
09-11-21,Utilities,410.0,Uber to office
10/19/2021,Travel,717.0,Monthly rent
19-07-20,Food,602.0,Grocery shopping
06/11/2019,Food,325.0,Grocery shopping cash
11/28/2022,Rent,29.0,Salary
05-03-20,Entertainment,274.0,Doctor visit
2019-10-18,Food,238.0,Netflix subscription
April 06 2022,Rent,1533.0,Monthly rent
04-11-21,Rent,1014.0,Grocery shopping
June 01 2022,Utilities,349.0,Salary
2019-02-06,Entertaniment,353.0,Gift
2021-07-06,Travel,2243.0,Doctor visit
01/16/2020,Utilitis,157.0,Uber to office late
07/30/2019,Food,89.0,Doctor visit via app
2020-11-20,Rnt,4467.0,Grocery shopping
2020-01-14,Entertainment,167.0,Doctor visit cash
2022-08-06,Other Income,64522.0,Netflix subscription
05/11/2021,Food,1126.0,Paid electricity bill
29-05-19,Food,1114.0,VBHX0QUS8tM4m0oeNc2
18-01-21,Health,294.0,Uber to office
05/28/2021,Health,1024.0,Gift
October 14 2020,Food,126.0,Dinner at resto 
June 14 2021,Entertainment,122.0,Netflix subscription late
07/10/2020,Travel,529.0,Course fee late
06/10/2020,Bonus,55337.0,Gift
07-01-22,Food,174.0,Doctor visit
October 08 2019,Savings,364.0,Gift
01/19/2021,Bonus,54763.0,KbTnVjj3OPJ9
01/27/2019,Rent,309.0,Doctor visit
2020-10-16,Utilities,224.0,Gift cash
2021-07-28,Rent,548.0,Dinner at resto
2019-02-18,Food,4125.0,Paid electricity bill
10/05/2021,Rent,846.0,Gift
2020-01-29,Food,354.0,Monthly rent
02/11/2022,Food,168.0,Monthly rent cash
05/17/2021,Food,428.0,Paid electricity bill
May 19 2022,Bonus,55640.0,Salary
November 27 2021,Bonus,59176.0,qU4FPOJp4Szqe6JTH
02/27/2019,Tavel,35.0,Doctor visit
15-01-19,Others,2514.0,Salary
11/25/2020,Other Income,45322.0,Aicxd066cShU71OWkYz
2021-02-06,Savings,199.0,Course fee
07-10-19,Rent,135.0,Netflix subscription
,Health,621.0,Netflix subscription 
June 02 2022,Rent,320.0,Course fee
02/25/2021,Salary,65907.0,Gift
04-02-19,Utilities,218.0,Monthly rent
05/29/2020,Other Income,67561.0,Netflix subscription
10-07-19,Education,1427.0,Netflix subscription 
2022-04-17,Others,412.0,Uber to office
2019-04-07,Utiliies,611.0,Dinner at resto 
2021-12-18,Utilities,176.0,Paid electricity bill
October 01 2020,Fod,346.0,Uber to office
09-12-19,Utilities,162.0,Dinner at resto 
10/18/2020,Food,240.0,Monthly rent cash
July 25 2020,Food,18.0,Dinner at resto
29-09-20,Utilities,844.0,Uber to office
08/06/2020,FFood,912.0,Uber to office
01/05/2019,Utilities,160.0,Gift
08/07/2022,Rent,109.0,Netflix subscription late
September 26 2021,Rent,96.0,Dinner at resto
01-10-20,Food,31.0,Netflix subscription
December 16 2020,Other Income,42115.0,Doctor visit
23-07-21,Education,454.0,Uber to office via app
August 26 2021,Food,125.0,Gift late
2019-02-03,Food,191.0,Monthly rent via app
09-03-22,Travel,1544.0,Gift 
November 26 2019,Bonus,57350.0,Xqqy7QcK9sPSi11
09/08/2019,Food,343.0,Dinner at resto
10/17/2020,Food,,Netflix subscription
11/29/2022,Rent,385.0,Paid electricity bill cash
September 21 2022,Food,64.0,Salary
2019-10-23,Utilities,569.0,Course fee
19-01-19,Food,58.0,Dinner at resto
02/22/2020,Savings,54.0,Paid electricity bill cash
09-03-20,Rent,199.0,Netflix subscription
2019-10-20,Rent,502.0,Course fee
2022-01-24,Food,182.0,Gift cash
August 01 2022,Rent,459.0,Course fee
2021-11-05,Rent,501.0,za9wrx4FVZyjbDz5pl
23-03-19,Rent,484.0,Gift late
,Food,1433.0,Grocery shopping 
02/03/2022,Utilities,170.0,Paid electricity bill
24-04-19,Salary,79301.0,Grocery shopping
11/28/2022,Rent,512.0,Gift
2021-08-21,Salary,72419.0,6RJdNVdickpZ9
02/15/2021,Rent,92.0,Doctor visit
March 22 2022,Salary,50893.0,Grocery shopping 
10/17/2019,Savings,960.0,ESrnWmgY4qw6FrX
2020-05-07,Food,129.0,Netflix subscription via app
08/18/2019,Food,235.0,Dinner at resto
2020-07-01,Rent,82.0,Grocery shopping
25-11-22,Education,1069.0,Grocery shopping
January 11 2019,Education,3182.0,Netflix subscription 
07/09/2021,Bonus,,Monthly rent
2021-11-01,Food,421.0,Z45BZzp4K7IQQp
,Travel,446.0,Uber to office
2020-05-05,Bonus,53508.0,Grocery shopping
2019-08-05,Entertainment,144.0,Doctor visit
10/03/2019,Food,788.0,Grocery shopping cash
2021-09-19,Utilities,1908.0,Gift via app
December 09 2020,Bonus,69010.0,Netflix subscription
2019-07-12,Entertainment,2216.0,Salary
2020-10-28,Rent,4640.0,Gift
2019-02-06,Food,859.0,Salary cash
January 17 2020,Utiltiies,6265.0,Uber to office
17-01-21,Salary,52875.0,Doctor visit cash
December 16 2019,Rent,866.0,Gift 
,Food,529.0,Gift
03/16/2019,Bonus,68419.0,Doctor visit
2021-12-27,Travel,506.0,Monthly rent
28/09/22,Rent,342.0,Paid electricity bill
03/25/2022,Education,161.0,Netflix subscription
08-07-21,Rent,1131.0,Salary
28-06-20,Entertainment,435.0,Monthly rent
2019-10-02,Food,856.0,Netflix subscription late
10/27/2020,Savings,153.0,Gift
31-03-20,Others,127.0,Course fee
2019-10-07,Travel,917.0,Gift late
2022-01-01,Salary,,UqS3lavl8viq
19-06-19,Rent,259.0,Dinner at resto
2019-01-07,Oters,1334.0,Netflix subscription
01/19/2021,aSlary,55755.0,Doctor visit late
09/08/2020,Food,1152.0,Dinner at resto
18-05-19,Others,155.0,Paid electricity bill via app
2020-06-10,Others,120.0,Uber to office
08/11/2020,Food,1646.0,Monthly rent via app
2019-07-07,Travel,674.0,Course fee
09-01-19,Food,619.0,Paid electricity bill
September 26 2021,Food,797.0,Monthly rent via app
03-02-21,Salary,82903.0,Gift
14-06-22,Bonus,43318.0,Netflix subscription
2019-10-29,Rent,600.0,Dinner at resto
22-10-19,Rent,999999.0,Course fee
2019-05-21,Travel,161.0,piQZeWOB
2021-03-10,Food,365.0,Monthly rent late
04-06-19,Savings,179.0,Uber to office via app
04/25/2020,Entertainment,195.0,Doctor visit
2021-12-02,Entertainment,2804.0,Salary
03/19/2019,Entertainment,1084.0,Paid electricity bill
19-03-21,Savings,138.0,CltIek82
2022-07-15,Rent,84.0,Course fee
March 10 2019,tOher Income,72011.0,Paid electricity bill via app
16-02-22,Others,207.0,Paid electricity bill
04-06-22,Rent,1669.0,Netflix subscription
2021-09-25,Rent,110.0,Dinner at resto
11-02-19,Food,79.0,Salary
2021-09-24,Rent,765.0,Salary
April 07 2021,Food,158.0,Dinner at resto
2022-04-05,Reent,3574.0,Grocery shopping
22-07-19,Salary,58945.0,Paid electricity bill via app
20-11-20,Food,13.0,Uber to office
01/24/2022,Rent,1504.0,Grocery shopping
13-08-21,Rent,133.0,Gift cash
2020-03-24,Food,999999.0,Uber to office
04/29/2019,Bonus,58725.0,Salary
2019-10-21,Travel,474.0,Paid electricity bill
02/12/2021,Travel,217.0,Netflix subscription
01/08/2019,Savings,27.0,Doctor visit
06/10/2019,Utilities,781.0,Uber to office
02/23/2019,Savings,439.0,Salary
05/15/2021,Food,244.0,Paid electricity bill
February 20 2019,Food,127.0,Course fee
30-11-22,Travel,1839.0,Salary cash
07/19/2022,Bonus,72789.0,Monthly rent cash
2021-04-26,Rent,72.0,EwymUb4jWlPeVV
29-04-20,Travel,58.0,Course fee
22-12-22,Food,2814.0,Salary
19-03-19,Utilities,774.0,Dinner at resto via app
22-06-19,Rennt,443.0,Netflix subscription
03/17/2019,Entertainment,1394.0,Course fee cash
18-09-22,Travel,461.0,Course fee via app
2019-09-28,Rent,96.0,Grocery shopping
2021-10-02,Rnet,573.0,Uber to office
26-12-19,Utilities,330.0,Course fee
2022-08-30,Enntertainment,495.0,Paid electricity bill cash
10/12/2019,Salary,63929.0,Dinner at resto
2020-02-20,Food,1714.0,aA3vIrQaqGT5
11/05/2019,Savings,1627.0,Monthly rent
26-06-19,Rent,1106.0,Netflix subscription
2019-12-21,Bonus,82159.0,Doctor visit
2021-04-15,Utilities,22.0,Gift via app
,Savings,425.0,Netflix subscription
22-02-22,Others,110.0,Doctor visit
28-03-21,Food,733.0,Uber to office
January 14 2019,Entertainment,1794.0,Doctor visit
2021-09-01,Food,435.0,Uber to office
,Bonus,58782.0,Monthly rent
09/18/2019,Savings,1580.0,Dinner at resto
09/10/2019,Bonus,88188.0,Uber to office
March 06 2022,Food,1755.0,Doctor visit
05/02/2020,Food,941.0,Grocery shopping
12/10/2022,Bonus,61814.0,Uber to office via app
26-12-20,Rent,626.0,Gift
18-06-21,Travel,217.0,6qj3PdbpVEoHvaCGnqp2
2021-11-12,Food,218.0,Monthly rent
22-02-20,Bonus,62725.0,Salary 
19-03-22,Food,169.0,Doctor visit late
01-08-20,Food,117.0,Uber to office
28-04-21,Rent,859.0,Dinner at resto 
November 03 2022,Food,1914.0,Monthly rent
2021-10-27,Rent,115.0,Dinner at resto
2021-04-04,Utilities,60.0,Grocery shopping cash
2022-01-24,Travel,178.0,Netflix subscription
April 03 2020,Travel,413.0,Course fee 
June 13 2021,Food,310.0,Doctor visit
08/18/2020,Food,410.0,Gift via app
July 02 2021,Food,1786.0,Paid electricity bill
01/20/2020,Travel,1242.0,Dinner at resto
23-02-21,Entertainment,2175.0,Uber to office
2022-07-22,Others,1038.0,Uber to office
January 13 2019,Travel,194.0,Uber to office
12/20/2022,Food,270.0,Gift
18-06-22,Food,420.0,Netflix subscription late
2021-04-01,Food,113.0,Uber to office
2022-09-24,Rent,45.0,Gift
09-10-22,Food,135.0,Dinner at resto
2021-08-11,Rent,79.0,Grocery shopping
09/15/2022,Other Income,38463.0,Paid electricity bill 
14-04-22,Food,549.0,Paid electricity bill
November 13 2021,Bonus,51764.0,Doctor visit
18-02-19,Food,418.0,Monthly rent
03/16/2019,Food,496.0,Netflix subscription
2021-07-20,Rent,266.0,Salary
07/05/2021,Food,103.0,Course fee cash
2019-02-10,Rent,342.0,Netflix subscription late
2020/02/20,Rent,226.0,Gift
2020-07-09,Entertainment,143.0,Doctor visit cash
2022-04-25,Food,553.0,Netflix subscription
2019-05-13,Food,540.0,Paid electricity bill
2022-06-01,Rent,76.0,Doctor visit late
06/29/2022,Food,572.0,Gift via app
,Food,527.0,Salary late
2022-10-18,Savings,976.0,Dinner at resto cash
December 08 2021,Entertainment,3479.0,Netflix subscription via app
2022-04-28,Fod,183.0,Paid electricity bill via app
2022-05-07,Edcation,2647.0,Gift
2019-12-02,Food,155.0,Paid electricity bill
12/19/2020,Other Income,59363.0,Salary
08-06-22,Food,418.0,Doctor visit
2022-10-25,Rent,57.0,Gift via app
04/23/2021,Food,314.0,Course fee cash
06/28/2022,Utilities,1609.0,Gift late
01/04/2019,Salary,54561.0,Gift
02/08/2021,Bonus,75498.0,Paid electricity bill
10-12-21,Food,2572.0,B0k5M6N2rQ
2020-09-23,Food,106.0,Course fee late
09-12-20,Other Income,68244.0,zkXA5fvQ8
2020-12-12,Rent,133.0,Dinner at resto
2019-08-23,Bonus,76947.0,Gift
2021-07-12,Food,113.0,Salary
,Rent,538.0,Doctor visit late
28-10-22,Food,335.0,Paid electricity bill 
December 14 2022,Food,369.0,MZzqkp69hRtxLBPDO
16-05-21,Food,-578.0,Doctor visit
2022-06-30,Rent,2415.0,Paid electricity bill
,Food,279.0,Netflix subscription
29-11-22,Salary,71182.0,Dinner at resto
03/24/2021,Rent,105.0,Doctor visit
01/31/2020,Entertainment,546.0,Gift
2019-12-01,Food,2265.0,Monthly rent late
11-05-22,Travel,433.0,Salary cash
,Savings,1748.0,Monthly rent
2022-10-09,Food,34.0,Monthly rent
01/28/2022,Bonus,55637.0,Netflix subscription late
11/10/2021,Food,285.0,Uber to office
2021-07-28,Trael,258.0,Monthly rent 
02/20/2019,Health,91.0,Netflix subscription
2019-12-27,Others,280.0,Netflix subscription
10/06/2021,Food,367.0,Monthly rent
2019-05-10,Utilities,429.0,Salary
07/06/2021,Salary,54593.0,Gift
January 14 2021,Salary,54333.0,3aoIXPm7mwleFUf
2019-07-04,Travel,227.0,Gift via app
2022-02-20,Savings,609.0,Kl2jJ3cqLsxdqK88KpoG
04-11-19,Entertainment,33.0,Doctor visit
,Health,157.0,Salary
05/06/2022,Food,502.0,uYBFj1k2RrSIMI14MRV
2020-03-16,Travel,171.0,Gift
2022-09-09,Food,286.0,Netflix subscription via app
2019-12-22,Savings,365.0,Uber to office
July 12 2020,Rent,599.0,Grocery shopping
09/12/2021,Entertainment,171.0,JrCBCvGAbi3
2020-09-13,Rent,778.0,Doctor visit
03/12/2021,Travel,517.0,Monthly rent
2022-04-24,Food,1265.0,Paid electricity bill via app
2019-08-15,Fod,533.0,Paid electricity bill
2020-10-22,Travel,60.0,Salary
03-03-19,Travel,834.0,ReoQJE3CarKd12
04/20/2019,Other Income,92991.0,Monthly rent cash
2022-10-25,Entertainment,351.0,Doctor visit
2020-08-24,Utilities,,Salary via app
08/08/2022,Rent,108.0,Gift
09/16/2021,Salary,41227.0,Salary
2019-04-24,Utilities,96.0,Salary
2021-06-12,Rent,2892.0,Doctor visit via app
2022-09-02,Travel,2106.0,Salary
09/12/2020,Travel,995.0,Grocery shopping
September 21 2021,Food,1287.0,Doctor visit late
10/26/2022,Bonus,72547.0,wCfAoGr0c51
2022-07-27,Utilities,1083.0,Doctor visit 
2020-06-11,Rent,131.0,Course fee
2022-11-12,Food,555.0,Paid electricity bill cash
2019-02-22,Other Income,41522.0,Netflix subscription
2020-09-24,Rent,2279.0,zouQtUPanKcRY4rtoO
February 26 2022,Food,67.0,Gift 
06/04/2021,Other Income,70096.0,Salary 
09-02-22,Other Income,75266.0,Paid electricity bill
August 15 2021,Food,153.0,Doctor visit
2019-07-10,Food,363.0,Salary 
02/27/2022,Salary,40770.0,Paid electricity bill via app
2021-02-15,Rent,459.0,Grocery shopping
02/15/2022,Others,1456.0,Monthly rent via app
02/01/2021,Rent,63.0,Salary
06/11/2019,Other Income,77293.0,Salary cash
2020-05-09,Salary,84823.0,Course fee
2020-12-09,Food,134.0,Grocery shopping
29-07-20,Others,208.0,Salary
03/09/2021,Food,486.0,Salary 
June 06 2022,Food,132.0,Salary
21-02-21,Rent,880.0,Salary via app
2020-09-07,Enttertainment,81.0,Uber to office
2021-04-17,Rent,307.0,Netflix subscription
2019-11-24,Food,518.0,Salary via app
01/17/2021,Food,500.0,Gift
01/27/2020,Rent,1356.0,Salary 
01/31/2019,Food,293.0,Uber to office cash
12-09-20,Rent,637.0,Doctor visit 
2019-01-27,Rent,937.0,Grocery shopping late
2020-09-02,Entertainment,208.0,Gift
April 22 2020,Rent,854.0,iz1WKeV7B
11/07/2019,Health,247.0,Course fee
09/12/2020,Travel,2247.0,Course fee
September 09 2021,Others,82.0,Gift
2019-11-11,Entertainment,2379.0,Uber to office cash
2022-06-11,Utilities,108.0,Dinner at resto via app
02/16/2022,Food,45.0,Doctor visit via app
08/11/2021,Food,407.0,Uber to office
06/27/2019,Travel,369.0,Gift
June 18 2020,Travel,2714.0,Netflix subscription
May 08 2020,Bonus,45790.0,Paid electricity bill 
2021-06-02,Food,412.0,Course fee
August 24 2019,Rent,286.0,Gift 
2022-03-12,Utilities,224.0,Course fee
2021-12-04,Bonus,47939.0,Monthly rent via app
12/31/2019,Utilities,403.0,Paid electricity bill
18-05-19,Rent,162.0,Monthly rent
2022-12-01,Rent,218.0,Paid electricity bill
09/17/2019,Food,3402.0,Uber to office
04-02-22,Others,394.0,Grocery shopping
2019-03-31,Utilities,1426.0,Uber to office
06/24/2021,Bonus,21872.0,Uber to office
02/03/2022,Travel,240.0,Paid electricity bill
16-09-20,Other Income,66218.0,Salary
07/16/2019,aSlary,76512.0,Gift
,Rent,289.0,Gift
2021-12-23,Rent,2213.0,Netflix subscription
2019-12-19,Food,117.0,Monthly rent
February 28 2022,Utilities,377.0,Grocery shopping
02-02-20,Food,27.0,Dinner at resto cash
01/20/2019,Food,259.0,Grocery shopping
05/21/2019,Others,1870.0,Dinner at resto
2022-08-29,Food,458.0,Monthly rent
2019-10-02,Salary,44916.0,cKtyyp32dO5seubQut
2022-10-08,Entertainment,138.0,Gift cash
29-05-20,Rent,2487.0,Uber to office 
2020-12-31,Education,464.0,Doctor visit
,Health,3361.0,Paid electricity bill
02/11/2022,Entertainment,187.0,Doctor visit
2019-09-17,Rent,230.0,Gift late
26-12-22,Utilities,1079.0,Netflix subscription
19-11-22,Rentt,658.0,Netflix subscription via app
03/07/2021,Utilities,181.0,Paid electricity bill cash
01-06-19,Utilities,657.0,Course fee
09/16/2022,Bonus,62170.0,Grocery shopping
2019-01-23,Savings,971.0,Uber to office
December 01 2021,Utilities,228.0,Uber to office 
,Rent,930.0,Uber to office late
30-03-22,Travel,979.0,Uber to office
01-04-19,Bonus,71519.0,Grocery shopping via app
July 04 2022,Utilities,525.0,Grocery shopping
2019-01-30,Rent,201.0,Paid electricity bill
01/23/2020,Entertainment,1104.0,Salary
09-10-22,Food,823.0,Uber to office via app
29-05-19,Rent,192.0,Salary
October 22 2022,Others,503.0,Gift
09/03/2021,Bonus,47486.0,Course fee
2022-02-15,Rent,563.0,Salary late
2021-06-22,Utilities,128.0,Monthly rent
09/25/2020,Entertainment,168.0,Grocery shopping
17-05-20,Travel,6822.0,Course fee
07/17/2020,Food,910.0,Grocery shopping via app
2020-03-13,Rent,96.0,Uber to office
2020-01-27,Travel,53.0,Course fee late
01/30/2019,Bonus,69874.0,Dinner at resto
2021-12-02,Rent,264.0,Gift
03/10/2019,Food,1915.0,Doctor visit cash
12/11/2020,Bonus,70843.0,Monthly rent late
2020-06-28,Savings,1731.0,Grocery shopping
11/04/2021,Travel,266.0,Paid electricity bill 
08/09/2021,Bonus,64987.0,Netflix subscription
02/07/2019,Other Income,59414.0,Dinner at resto 
02-07-22,Utilitiees,205.0,Uber to office
07/08/2021,Food,51.0,Monthly rent
01/29/2019,Savings,195.0,Dinner at resto
2022-06-23,Bonus,65146.0,Monthly rent
April 23 2019,Other Income,43755.0,Salary 
July 04 2019,Entertainment,383.0,Dinner at resto
01/28/2021,Entertainment,4258.0,Uber to office via app
2020-03-09,Utilities,201.0,Monthly rent
01-12-21,Travel,778.0,Grocery shopping
06/23/2020,Rent,117.0,Salary cash
02/02/2020,Others,285.0,Nln5hWC0Gi
August 26 2019,Food,116.0,Gift
07/04/2022,Food,1025.0,Uber to office
2021-11-08,Rent,406.0,Gift
12-09-20,Travel,269.0,Gift via app
15-04-22,Food,184.0,Monthly rent
05-03-22,Travel,189.0,Course fee
11/09/2022,Rent,208.0,Gift late
January 08 2022,Other Income,71407.0,Salary late
March 09 2019,Entertainment,398.0,Gift
02/16/2021,Travel,252.0,Uber to office
2022-12-13,Food,1114.0,Course fee
14-09-19,Uttilities,,Gift
03/05/2022,Bonus,58709.0,Gift
February 10 2019,Travel,156.0,Grocery shopping 
2020-05-10,Rent,32.0,Paid electricity bill
18-12-20,Food,187.0,Monthly rent
January 28 2022,Entertainment,812.0,Gift
01/10/2022,Travel,122.0,Doctor visit via app
2020-03-21,Other Icnome,35476.0,Doctor visit cash
11-10-22,Food,174.0,Uber to office
09-10-19,Travel,958.0,Dinner at resto
2019-11-04,Rent,65.0,Gift
03-09-22,Rent,341.0,Monthly rent
06/03/2022,Travel,393.0,Gift via app
2021-04-30,Travel,165.0,Dinner at resto 
2020-03-28,Utilities,599.0,MVqI3dVfgZ
2019-06-28,Entertainment,371.0,Gift
February 21 2022,Food,263.0,Dinner at resto
09-03-21,Travel,292.0,Paid electricity bill cash
May 17 2020,Utilities,562.0,Netflix subscription via app
2021-11-04,Fod,225.0,9eWqjZPeeHa0Apog8Yfy
2019-08-09,Others,529.0,Monthly rent
May 10 2020,Reent,1084.0,Netflix subscription via app
23-11-22,Entertainment,3790.0,Netflix subscription
23-04-19,Food,375.0,Course fee 
06-12-19,Entertainment,540.0,Course fee 
2021-07-12,Travel,169.0,Course fee
29-03-21,Health,347.0,Gift
02/04/2021,Salary,51426.0,Dinner at resto
2021-12-10,Travel,99.0,Dinner at resto
12/16/2022,Educationn,414.0,Salary
December 01 2019,Rent,858.0,Paid electricity bill late
12-01-20,Other Income,62041.0,Grocery shopping
December 04 2021,Food,1779.0,Paid electricity bill cash
12/22/2022,Rent,2485.0,Grocery shopping
2020-10-04,Food,69.0,Uber to office via app
02/02/2020,Rent,45.0,KBKJ96m3YwKTSd
April 22 2022,Rent,1294.0,Grocery shopping
21-05-21,Salary,54627.0,Paid electricity bill
2022-03-03,Trael,160.0,Grocery shopping
04/13/2020,Rent,107.0,Paid electricity bill
2019-11-04,Rent,809.0,Monthly rent
2020-08-28,Food,234.0,Netflix subscription
07/13/2021,Rent,987.0,Dinner at resto cash
04-11-19,Entertainment,554.0,Gift
11/16/2022,Food,2520.0,Dinner at resto
2022-10-27,Food,2111.0,Uber to office cash
May 15 2021,Food,50.0,Grocery shopping
12/18/2020,Salary,69944.0,Paid electricity bill
2022-09-06,Food,858.0,Dinner at resto cash
2021-07-02,Food,74.0,Netflix subscription
22-02-22,Rent,126.0,Paid electricity bill
20-07-22,Food,-970.0,Doctor visit late
2021-09-16,Food,511.0,Doctor visit 
June 06 2020,Rent,384.0,Salary via app
08-10-20,Entertainment,462.0,Dinner at resto
February 20 2022,Salary,45403.0,Doctor visit
19-05-21,Rent,2259.0,Gift
03/07/2020,Food,3384.0,Grocery shopping
02/01/2021,Rent,63.0,Salary
2020-01-11,Education,1931.0,Course fee
October 20 2020,Rent,50.0,Grocery shopping
2020-12-11,Food,221.0,Paid electricity bill
04-12-20,Utilities,36.0,Gift
2019-01-11,Travel,2032.0,Course fee
2021-10-27,Education,2579.0,Monthly rent cash
October 08 2019,Food,623.0,aeDKRcPdyZ7zubOxKrB
04/10/2019,Food,1666.0,6ibZ1uusS
2021-01-13,Food,364.0,Gift 
26-07-22,Education,189.0,Netflix subscription 
2019-02-04,Food,178.0,Salary cash
January 05 2020,Rent,426.0,Uber to office
03/03/2022,Food,1114.0,Grocery shopping late
2019-09-24,Rent,5393.0,Salary
28-03-20,Utilities,348.0,Doctor visit
05-06-20,Travel,250.0,Netflix subscription
06/18/2020,Food,771.0,Paid electricity bill
12/12/2020,Entertainment,1719.0,UzmHToopb5nP
2021-06-20,Foood,283.0,Dinner at resto
11/22/2022,Entertainment,641.0,Netflix subscription
04-08-21,Entertainment,4476.0,HUYj2sEE
05/01/2020,Utilities,515.0,Netflix subscription via app
October 21 2019,Travel,2386.0,Netflix subscription cash
11/30/2022,Others,1371.0,Salary
03/08/2021,Savings,71.0,tsrtyq2yKjvG
2019-10-10,Food,32.0,Doctor visit
2019-11-27,Rent,797.0,Course fee 
20-02-19,Food,301.0,Uber to office
2022-12-29,Rent,359.0,Uber to office
08/13/2020,Salary,72897.0,Uber to office
2019-01-07,Savings,251.0,Grocery shopping
24-02-21,Travel,1105.0,Course fee via app
May 18 2021,Food,77.0,Salary via app
2021-07-03,Foood,114.0,Gift
07/09/2022,Travel,1490.0,Salary
01/27/2020,Other Income,75263.0,Salary
11/14/2020,Travel,253.0,Salary
12-12-20,Rent,620.0,gJmVaRl6
2022-09-04,Utillities,529.0,Monthly rent
11/26/2020,Rent,434.0,Gift
01/28/2019,Food,176.0,Paid electricity bill
06/11/2021,Savings,54.0,Gift
29-01-22,aSvings,631.0,Gift
05/29/2020,Salary,79053.0,Netflix subscription 
09/26/2020,Others,637.0,Course fee via app
03/06/2022,Rent,2262.0,w29xWlBNIwy5U
11/05/2021,Health,742.0,Course fee
05-04-22,Entertainment,216.0,Course fee late
February 18 2020,Entertainment,476.0,Paid electricity bill
06/28/2022,Education,197.0,Netflix subscription late
01/03/2020,Others,444.0,Netflix subscription 
03/14/2022,Salary,98685.0,Monthly rent cash
August 18 2019,Food,424.0,Monthly rent
13-12-21,Entertainment,998.0,Paid electricity bill 
02-05-19,Food,64.0,Gift late
2019-04-14,Rent,1231.0,Uber to office late
March 03 2019,Food,564.0,Dinner at resto cash
01-12-22,Other Income,68902.0,Grocery shopping
July 23 2020,Food,357.0,Paid electricity bill
November 17 2020,Food,1148.0,Monthly rent
07/06/2021,Food,543.0,Uber to office
2021-07-26,Food,283.0,Uber to office late
30-05-21,Salary,72113.0,Monthly rent
2020-07-22,Rent,3630.0,Salary late
07/07/2022,Travel,142.0,Grocery shopping
12/06/2020,Food,337.0,Monthly rent via app
21-12-22,Savings,114.0,Course fee
11-10-19,Rent,793.0,aYWd9Xf1inbtXInCG2
2019-08-08,Food,145.0,Salary 
11/23/2021,Rent,703.0,Grocery shopping
2020-03-09,Rent,820.0,Dinner at resto
2019-11-27,Utilities,198.0,Netflix subscription 
07/16/2021,Bonus,61898.0,Monthly rent
18-11-19,Food,124.0,Course fee
2022-12-19,Food,6444.0,Netflix subscription 
2019-11-04,Utilities,257.0,Paid electricity bill via app
18-10-22,Food,419.0,Netflix subscription
March 26 2020,Bonus,60263.0,Dinner at resto
22-01-21,Bonus,42453.0,Monthly rent cash
August 22 2020,Entertainment,532.0,Monthly rent
28-08-19,Rent,436.0,Gift
02/21/2019,Food,121.0,Netflix subscription
2022-01-22,Rent,592.0,Salary
06/16/2022,Entertainment,794.0,Doctor visit 
2021-04-30,Food,210.0,DBbFjYb266TwITp
2020-08-01,Food,76.0,Gift
2021-12-25,Rent,916.0,Salary
12-03-19,Food,476.0,Course fee
01/05/2020,Food,323.0,Gift 
21-11-22,Bonus,36183.0,UifHnEcBBP5
05-11-20,Food,295.0,Uber to office
2022-03-12,Food,647.0,Netflix subscription via app
2020-12-03,Utilities,629.0,Gift
01/19/2019,Rent,621.0,Dinner at resto
20-04-20,Other Income,45389.0,Grocery shopping
2020-04-19,Food,336.0,Grocery shopping
2019-06-25,Travel,1875.0,Paid electricity bill
13-11-22,Rent,275.0,2dJF5jj8dj1lk3n5QyFK
06/08/2022,Bonus,66531.0,Dinner at resto 
2021-03-29,Savings,885.0,Doctor visit
11/13/2019,Rent,23.0,Gift
October 21 2020,Others,1849.0,Dinner at resto 
02/10/2019,Food,533.0,Uber to office
01/08/2020,Education,294.0,Netflix subscription
01-04-22,Entertainment,1606.0,Paid electricity bill cash
2022-03-24,Food,219.0,Uber to office
2019-10-14,Rent,453.0,Dinner at resto cash
2021-06-14,Other Income,71627.0,Salary
April 09 2019,Rent,601.0,Dinner at resto
February 22 2020,Rent,298.0,Paid electricity bill
05/31/2021,Savings,97.0,P8sucA6OjvnLe0s1m
07/01/2021,Rent,148.0,Salary
03-11-19,Savings,,k9X3S9Ad
24-04-22,Rent,999999.0,Uber to office
13-01-20,Rent,2149.0,Uber to office
03/19/2021,Food,171.0,Gift
01-07-20,Entertainment,275.0,Course fee cash
2019-05-31,Rent,927.0,aHSu4sdlhBkiekm
12/12/2022,Rent,493.0,Monthly rent late
02/17/2022,Travel,1649.0,Doctor visit
26-12-22,Bonus,67253.0,Grocery shopping
2019-04-17,Education,45.0,Paid electricity bill
10/23/2019,Utilities,652.0,Course fee
February 16 2019,Travel,1398.0,Netflix subscription
03/02/2021,Entertainment,831.0,fADSGGeLdIUz9KhNcw
08/22/2022,Travel,1696.0,Dinner at resto
24-01-22,Others,7035.0,Netflix subscription
09-10-19,Bonus,78255.0,Salary
2021-11-19,Travel,734.0,Paid electricity bill
01/26/2020,Travel,84.0,Doctor visit
11/23/2020,Savings,1195.0,Netflix subscription
2021-12-09,Utillities,4.0,Dinner at resto
01-11-21,Otthers,59.0,Doctor visit
2022-03-16,Rent,46.0,FJ0jcmIt7i
05/18/2022,Rent,386.0,Grocery shopping
September 15 2021,Rent,1017.0,Netflix subscription
31-01-19,Foood,156.0,Gift
18-01-21,ood,2190.0,Gift
04-02-19,Travel,287.0,Monthly rent
2019-11-11,Fod,490.0,Netflix subscription 
04/04/2019,Utilities,697.0,Course fee
2021-02-17,Salary,32548.0,Grocery shopping
02/08/2019,Food,511.0,Gift
June 07 2022,Bonus,62771.0,Dinner at resto
2022-01-05,Salary,63716.0,Grocery shopping
October 14 2022,Entertainment,771.0,Monthly rent cash
26-08-20,Other Income,81239.0,Monthly rent
03/19/2021,Rent,172.0,Gift
2020-11-25,Utilities,235.0,tJZjxeZfMxNcGO
08/28/2019,Food,445.0,LNIGe9BIaKHU9fg2T
March 10 2020,ravel,121.0,Gift late
02/03/2022,Others,2574.0,Dinner at resto via app
04/04/2020,Rent,317.0,Grocery shopping
October 29 2022,Food,193.0,Uber to office
March 06 2022,Savings,908.0,Course fee
06-06-22,Rent,50.0,Grocery shopping via app
08/10/2019,Food,680.0,MmIGZUSn1wGvhetV9Ft
17-01-20,Savings,253.0,Gift
12-07-19,Others,358.0,Netflix subscription
01/01/2019,Food,105.0,Course fee
09/16/2021,Entertainmentt,176.0,Grocery shopping
11/15/2021,Travel,285.0,Netflix subscription
09-11-22,Rent,1789.0,Netflix subscription
07/20/2021,Food,187.0,Monthly rent
2020-12-12,Salary,35872.0,Salary
01/10/2022,Food,1387.0,Grocery shopping
26-02-20,Rent,3380.0,Paid electricity bill late
2022-04-22,Bonus,45270.0,Paid electricity bill 
10/13/2021,Food,969.0,Dinner at resto cash
December 29 2022,Rent,45.0,Salary via app
19-06-20,Rent,5980.0,Course fee
2019-07-05,Food,1120.0,Gift
06/20/2021,Others,58.0,Course fee
23-12-20,Education,857.0,Monthly rent
,Utilities,167.0,Netflix subscription cash
04/10/2020,Ren,595.0,SIagvpvY7eljE
09/30/2022,Utilities,495.0,Uber to office
September 25 2020,Other Income,78234.0,Doctor visit
January 21 2019,Savings,425.0,Salary
02/19/2019,Entertainment,157.0,Gift
2020-09-09,Travel,93.0,Course fee
2022-01-07,Food,267.0,Grocery shopping
10/23/2022,Rent,1728.0,Gift
September 01 2021,Rent,1428.0,Monthly rent
2022-06-15,Savings,528.0,Netflix subscription
2019-03-31,Other Income,61905.0,Netflix subscription
01-10-19,Food,117.0,Netflix subscription
21-11-20,Rent,62.0,t9kpq2HEtiIWor
2022-05-21,Entertainment,69.0,Monthly rent
2019-05-07,Food,7942.0,Monthly rent
08/29/2019,Entertainment,1025.0,Monthly rent
10/08/2020,Bonus,59059.0,Salary via app
2019-10-10,Others,450.0,Dinner at resto
06/03/2021,Food,85.0,Gift
February 25 2021,Rent,2131.0,Uber to office
August 15 2021,Entertainment,63.0,Uber to office
19-11-20,Travel,811.0,Netflix subscription
11/16/2022,Others,323.0,Doctor visit 
11/29/2020,Foood,592.0,Uber to office
03/05/2022,Entertainment,362.0,Netflix subscription
2022-08-26,Food,3509.0,Dinner at resto
08/22/2019,Utilities,169.0,Uber to office
26-04-20,Food,40.0,Gift 
01/27/2019,Rent,195.0,Salary
July 02 2021,Savings,122.0,Salary
2019-11-11,Entertainment,165.0,Gift
2019-12-13,Travel,1095.0,Netflix subscription cash
12/09/2019,Entertainment,1334.0,Monthly rent 
18-09-20,Education,620.0,Course fee
15-07-20,Bonus,83453.0,Gift 
07/06/2021,Utilities,193.0,Salary
27-06-19,Health,321.0,Monthly rent 
05/08/2022,Rent,188.0,Grocery shopping
03-06-22,Bonus,41638.0,Gift
03/01/2021,Food,373.0,Grocery shopping
November 01 2022,Other Income,59559.0,Salary late
15-12-22,Others,279.0,Salary
08/02/2019,Bonus,48673.0,Salary
29-06-19,Rent,76.0,Monthly rent
December 10 2021,Entertainment,349.0,Dinner at resto cash
04/26/2022,Rent,184.0,Salary
10/28/2022,Food,1582.0,Paid electricity bill
2020-07-21,Education,420.0,Netflix subscription
12/30/2021,Rent,51.0,Netflix subscription via app
December 15 2019,Travel,33.0,9qdfmmq0h77
2021-10-18,Travel,303.0,Uber to office 
,Travel,1289.0,Course fee
2020-10-10,Others,77.0,Paid electricity bill
03/23/2020,Rent,1167.0,Dinner at resto
2019-09-28,Rent,96.0,Grocery shopping
13-01-19,Travel,170.0,z3gozNOzGcpF47yGLh2m
2021-08-01,Other Income,76314.0,Grocery shopping 
2020-03-11,Education,1422.0,Course fee
07/22/2020,Savings,837.0,Grocery shopping
10/27/2019,Food,678.0,Salary
November 06 2020,Bonus,73794.0,Course fee
21-10-21,Rent,245.0,Paid electricity bill
February 26 2020,Rent,109.0,Doctor visit
03/05/2022,Utlities,305.0,Dinner at resto
2022-05-25,Bonus,44966.0,Salary
November 14 2019,ravel,1295.0,Uber to office cash
March 06 2021,Food,2469.0,Uber to office
05/11/2020,Food,1141.0,Paid electricity bill
March 04 2020,Rent,673.0,Course fee
03/30/2019,Rent,195.0,Paid electricity bill
December 08 2021,Other Income,54180.0,Gift
2020-01-10,Bonus,64556.0,Paid electricity bill
27-04-21,Salary,68954.0,Dinner at resto
20-07-22,Travel,270.0,Course fee via app
January 07 2022,Entertainment,170.0,Salary late
2020-02-20,Rent,134.0,Uber to office
September 05 2020,Entertainment,269.0,Doctor visit
August 31 2021,Food,258.0,Doctor visit 
November 17 2020,Food,220.0,Salary
09/29/2020,Food,443.0,Netflix subscription late
08/30/2021,Savings,133.0,Paid electricity bill
18-09-19,Educatino,176.0,Course fee
2020-03-15,Rent,539.0,Grocery shopping
2020-11-04,Other  Income,68008.0,Netflix subscription
10/28/2019,Food,2460.0,Grocery shopping 
10/20/2022,Education,323.0,Monthly rent via app
2019-02-09,Rent,3713.0,Gift
20-08-22,Other Income,53107.0,Course fee
2022-06-04,Travel,3895.0,Gift late
2022-10-06,Food,11.0,Dinner at resto
October 29 2019,Utilities,948.0,Course fee cash
September 03 2021,Food,194.0,Salary
11/13/2021,Entertianment,1029.0,a1PDjGh0z
06/19/2021,Food,430.0,Monthly rent
07-10-21,Travel,600.0,Doctor visit
2019-11-19,Utilities,184.0,Uber to office
February 09 2022,Food,432.0,Doctor visit
August 23 2022,Entertainment,1698.0,Course fee
12-01-20,Rent,288.0,IVapG8Kmk44iVD
2021-11-21,Savings,383.0,Gift
01/11/2021,Travel,189.0,Uber to office
12-11-20,Rentt,333.0,Salary
2021-02-25,Enttertainment,165.0,LChvqs6QR
02/18/2020,Food,1337.0,Paid electricity bill cash
04/26/2020,Utilities,592.0,Doctor visit
05/08/2022,Rent,34.0,Doctor visit
2020-09-06,Travel,1305.0,Paid electricity bill
04/21/2019,Travel,2534.0,Salary
11/29/2022,Utilities,3608.0,Paid electricity bill
12/29/2021,Salry,67844.0,Grocery shopping
06-07-19,Salary,45358.0,Grocery shopping
2020-06-23,Utilities,330.0,Salary
04-02-21,Entertainment,688.0,Monthly rent
01-10-20,Travel,951.0,Grocery shopping
October 15 2022,Salary,47749.0,Monthly rent
07-02-20,Utilities,257.0,Salary
18-02-19,Salary,69968.0,Course fee
2019-03-07,Utilities,73.0,Grocery shopping cash
23-04-21,Rent,3740.0,Uber to office cash
10/01/2021,Rent,485.0,Course fee
2022-02-26,Entertainment,12260.0,Netflix subscription via app
2019-09-17,Food,408.0,Grocery shopping
2020-08-11,Utilities,263.0,Gift cash
08/01/2019,Rent,207.0,Monthly rent
2022-08-27,Other Income,69111.0,Paid electricity bill
2019-09-30,Rent,52.0,Salary via app
2020-01-08,Health,4564.0,Netflix subscription
11/21/2022,Food,367.0,Course fee
10-12-22,Food,59.0,Monthly rent
31-12-22,Food,291.0,Doctor visit
09/10/2020,Other Income,51869.0,Monthly rent late
12/13/2021,Utilities,218.0,Netflix subscription
October 12 2022,Savings,2128.0,Course fee
August 05 2020,Food,,Course fee
08/20/2022,Utilities,164.0,Grocery shopping
23-08-21,Travel,300.0,Monthly rent 
2020-04-17,Rent,56.0,Salary
2019-05-14,Food,317.0,Course fee
12/23/2021,Food,1676.0,Netflix subscription
,Education,693.0,Dinner at resto late
03/31/2019,Travel,4150.0,Netflix subscription
28-09-22,Utilities,213.0,Grocery shopping
08/08/2021,Travel,68.0,Monthly rent
2021-12-20,Food,774.0,Monthly rent via app
22-03-20,Other Income,47705.0,Salary
08-04-19,Other Income,62621.0,Gift
March 02 2020,Utilities,67.0,Netflix subscription
2019-12-13,Food,141.0,Dinner at resto late
2019-06-18,Travel,847.0,Doctor visit 
November 26 2022,Salary,66880.0,NRABXrd7ut5nKDVp
2021-10-24,Utilities,395.0,Grocery shopping
12/01/2022,Salary,71154.0,Netflix subscription
April 23 2021,Education,188.0,Gift late
,Salary,65686.0,Grocery shopping
10/07/2022,Food,358.0,Doctor visit
05/03/2021,Utilities,746.0,Dinner at resto
August 31 2020,Enteertainment,302.0,Paid electricity bill
August 06 2020,Salary,34439.0,Doctor visit
07/29/2020,Entertainment,436.0,Monthly rent
05-10-19,Utilities,666.0,Grocery shopping
10/21/2021,Food,472.0,Dinner at resto
04-06-22,Rent,1669.0,Netflix subscription
2019-09-16,Others,76.0,7ScXh5S8Y4iTav3wKGld
September 16 2021,Rent,472.0,Gift late
,Salary,48099.0,W0jynUoKNeVXZ
24-10-22,Travel,521.0,Course fee
March 26 2022,Health,68.0,Paid electricity bill
2020-09-07,Utilities,49.0,Netflix subscription late
10/17/2020,Food,2421.0,Uber to office
12/04/2021,Rent,244.0,Grocery shopping
05-10-19,Others,276.0,Doctor visit
2019-07-07,Food,1612.0,Doctor visit cash
18-03-21,Others,1110.0,Salary
05/28/2021,Salary,87999.0,Uber to office via app
05-11-19,Savings,203.0,Monthly rent
2019-01-22,Travel,868.0,Uber to office cash
13-01-22,Rent,729.0,Monthly rent
March 14 2020,Salary,51981.0,Gift
12-08-21,Ren,457.0,Netflix subscription 
04/19/2021,Rent,1957.0,Netflix subscription
05/15/2022,Rent,359.0,Doctor visit
September 13 2020,Savings,384.0,Doctor visit 
2020-04-19,Food,314.0,Monthly rent cash
2020-07-18,Rent,440.0,Uber to office
01-03-19,Tavel,451.0,Uber to office late
01/29/2021,Utilities,519.0,Netflix subscription
27-11-21,Rent,107.0,Doctor visit
11/01/2022,Savings,116.0,Dinner at resto
2022-11-23,Food,331.0,Grocery shopping late
21-04-21,Others,121.0,Monthly rent
2020-10-22,Bonus,91259.0,Doctor visit
02/05/2019,Food,155.0,Dinner at resto
06/17/2020,Food,100.0,Salary
01-09-22,Travel,409.0,Doctor visit
14-06-19,Education,1976.0,Dinner at resto cash
2021-06-02,Rent,4.0,Gift cash
31-12-22,Travel,60.0,Uber to office
21/08/21,Other Income,68329.0,GRxxhODPIi
March 20 2022,Food,1758.0,Course fee
2020-07-29,Food,48.0,Uber to office
10-01-21,Rent,305.0,fKWAwQ7o1fbYrFSJoN
2022-11-12,Rent,139.0,Gift
2019-11-19,Food,116.0,Doctor visit
2022-08-17,Rent,52.0,Grocery shopping
01/12/2021,Food,248.0,Course fee
07/10/2022,Food,725.0,Course fee
2019-12-06,Foood,130.0,P6bLcvVnfIFHGwwe1
12/01/2020,Travel,101.0,Uber to office
2019-08-22,Travel,1278.0,Netflix subscription
04/01/2020,Other Income,61668.0,Uber to office
2020-05-27,Food,79.0,Course fee
2019-03-25,Food,3773.0,Doctor visit
June 14 2020,Other Income,82797.0,Grocery shopping
10-08-21,Salary,61686.0,Grocery shopping
July 24 2022,Food,754.0,Monthly rent
04/27/2021,Utilities,498.0,Grocery shopping
07/26/2020,Travel,55.0,Course fee
2020-02-03,Rent,349.0,Gift
10-05-21,Savvings,1425.0,Grocery shopping
09/23/2020,Rent,622.0,Monthly rent
08-05-21,Salary,85935.0,Course fee via app
01/29/2021,Food,304.0,E7iCigrnTaY5b
January 08 2020,Rent,930.0,Uber to office via app
2022-04-18,Rentt,539.0,Uber to office
04/23/2021,Others,159.0,Grocery shopping
2020-09-15,Food,,Doctor visit
26-05-19,Rent,1734.0,Doctor visit cash
27-02-21,Others,860.0,Uber to office late
2020-08-23,Utilities,596.0,Monthly rent
02/10/2022,Food,451.0,Dinner at resto via app
2020-07-13,Rent,1113.0,Uber to office 
2021-03-21,Others,590.0,Monthly rent 
2021-05-12,Rent,236.0,Course fee
07/14/2019,Others,333.0,Paid electricity bill
07/18/2019,Food,541.0,Netflix subscription
2019-12-08,Entertainment,237.0,Uber to office
12/06/2022,Food,1316.0,Monthly rent
23-01-21,Rent,306.0,Salary
2019-10-13,Other Income,35413.0,Gift
2022-07-28,Food,367.0,Gift via app
2022-05-07,Rent,1443.0,Monthly rent
03/16/2020,Food,337.0,Gift cash
2022-04-28,Food,130.0,Gift via app
2020-11-05,Travel,513.0,Course fee via app
December 09 2022,Rent,404.0,Course fee late
2021-03-06,Others,1846.0,Course fee
2021-02-15,Entertainment,611.0,poWo1lhJAqrm5
25-06-21,Travel,1522.0,Paid electricity bill
18-08-20,Utilities,1446.0,Netflix subscription
02-08-21,Food,3256.0,Grocery shopping 
07/27/2022,Food,333.0,Monthly rent cash
2021-11-13,Food,456.0,Grocery shopping
09/12/2022,ravel,913.0,Gift
07-12-22,Food,135.0,Monthly rent
19-07-21,Travel,51.0,Doctor visit
08/10/2021,Rent,127.0,L2kuii1t
,Entertainment,93.0,Gift
02/23/2021,RRent,613.0,Dinner at resto
25-06-19,Food,961.0,Doctor visit
09/18/2019,Entertainment,4658.0,Course fee
02/04/2021,Salary,51426.0,Dinner at resto
November 16 2021,Travel,1433.0,Salary
2021-03-10,Savings,326.0,Gift late
04/25/2020,Salary,,XUEDPTsjRYbftxH
2019-02-04,Food,178.0,Salary cash
31-07-22,Entertainment,343.0,Doctor visit
June 19 2019,Bonus,52153.0,EfyaidMv6htyolwlIleX
February 21 2021,Travel,384.0,Monthly rent
03/10/2021,Food,74.0,Grocery shopping
31-10-20,Education,908.0,Doctor visit cash
01/17/2020,Food,-667.0,Uber to office
05/24/2020,Food,2735.0,Course fee 
17-07-21,Rent,666.0,Monthly rent
2022-10-17,Salaryy,46432.0,Gift
09/27/2019,Rent,635.0,Dinner at resto
10/23/2022,Rent,336.0,Netflix subscription
2019-12-01,Other Income,53065.0,Doctor visit
02/28/2019,Entertainment,156.0,Netflix subscription
02/01/2022,Food,169.0,Doctor visit
08-08-21,Food,505.0,Grocery shopping
05/25/2020,Salary,68228.0,7EpcT7EkB
23-01-19,Education,310.0,Uber to office via app
2021-05-23,Other Income,58249.0,Uber to office
December 04 2022,Salary,66326.0,Salary
October 12 2021,Utilities,585.0,Dinner at resto
05/21/2019,Savings,126.0,Grocery shopping via app
18-08-22,Rent,653.0,Doctor visit
October 05 2022,Rent,821.0,Uber to office cash
May 28 2021,Rent,1355.0,Salary via app
2021-02-15,Salary,66256.0,Course fee 
28-07-19,Food,235.0,Uber to office
,Bonus,63634.0,Course fee via app
2021-01-04,Other Income,80350.0,Grocery shopping
12/15/2019,Rent,2752.0,Gift
22-11-20,Health,207.0,tIfsn4DF4U
2021-03-02,Other Income,52543.0,Gift via app
12/21/2022,Food,96.0,Gift 
04/08/2020,Retn,144.0,Salary
,Other Income,63330.0,Paid electricity bill
04/11/2022,Savings,156.0,Monthly rent 
04/25/2019,Travel,441.0,Paid electricity bill via app
2022-08-17,Food,1489.0,Paid electricity bill
28-12-20,Bonus,61930.0,Uber to office late
April 24 2021,Food,433.0,Course fee late
July 31 2020,Travel,100.0,Salary cash
04/15/2021,Other Incoome,47146.0,Uber to office late
2019-06-07,Rent,116.0,Uber to office
12/17/2021,Entertainment,455.0,Salary
16-05-21,Food,209.0,Paid electricity bill
March 09 2022,Food,430.0,Monthly rent via app
September 26 2021,Food,498.0,Course fee
2020-03-18,Food,38.0,Gift
June 27 2022,Food,252.0,Netflix subscription via app
July 10 2020,Utilities,308.0,Gift
08-02-22,Bonus,49839.0,Uber to office via app
15-06-19,Bonus,54765.0,Uber to office
12-08-20,Food,109.0,Netflix subscription
16-12-20,Utilities,321.0,Uber to office via app
2020-07-28,Food,2266.0,Dinner at resto late
November 28 2021,Foo,212.0,Netflix subscription
2022-05-05,Rent,4005.0,Netflix subscription cash
07/04/2019,Utilities,306.0,Doctor visit
15-03-20,Other Income,57234.0,Salary cash
January 03 2021,Rent,2861.0,Grocery shopping
25-01-21,Bonus,50017.0,Paid electricity bill via app
2019-03-17,Food,935.0,Netflix subscription cash
11/28/2022,Food,774.0,Dinner at resto
2020-06-23,Utilities,35.0,Uber to office 
2019-02-13,Salary,61047.0,Paid electricity bill
01/22/2021,Travel,-589.0,Dinner at resto
05/07/2019,Foodd,283.0,Uber to office
07/29/2022,Travel,217.0,Monthly rent
07/04/2022,Utilities,621.0,Course fee
February 11 2019,Rent,46.0,Uber to office late
30-06-22,Entertainment,142.0,3JX4dKw9678a
29-12-21,Entertaimnent,81.0,Salary
10/11/2020,Food,371.0,Grocery shopping late
September 23 2022,Others,400.0,JdXR9FZKNTYFjn
02/01/2021,Education,617.0,Salary
2021-07-05,Savings,636.0,Paid electricity bill
09/24/2020,Entertainment,1289.0,Grocery shopping
04/27/2021,Bonus,95848.0,Paid electricity bill
2019-10-06,Food,4670.0,Gift
,Salary,42396.0,Grocery shopping late
14-06-19,Food,145.0,Uber to office
04/28/2019,Bonus,60666.0,Paid electricity bill
2022-05-30,Others,2335.0,Salary late
05-09-20,Tavel,271.0,Paid electricity bill
10/17/2022,Education,234.0,Dinner at resto
2021-03-13,Oter Income,53394.0,Gift
07/17/2020,Salary,47808.0,Gift
2020-06-13,Utilities,567.0,Uber to office
20-02-19,Entertainment,51.0,Netflix subscription
2020-01-03,Travel,65.0,Uber to office
06/24/2019,Bonus,65109.0,Gift cash
24-08-21,Rent,15229.0,Salary
11/28/2020,Rent,674.0,Gift 
2022-07-12,Rent,384.0,Doctor visit 
11/02/22,Salary,64749.0,Paid electricity bill cash
01-04-22,Rent,1712.0,Doctor visit
2021-04-03,Savings,623.0,Netflix subscription
01/14/2019,Rent,104.0,Grocery shopping cash
07/02/2020,Rent,2477.0,Paid electricity bill
,Bonuus,62322.0,Doctor visit
07-06-19,Rent,259.0,Monthly rent 
08-02-19,Other Income,68887.0,Salary
16-10-19,Rent,39.0,Gift late
09/29/2021,Salary,65727.0,Doctor visit
August 20 2020,Food,498.0,Salary
2022-06-25,Rent,167.0,Dinner at resto
2019-07-31,Bonus,52677.0,Grocery shopping
2019-01-12,Savings,331.0,Salary
January 09 2019,Food,162.0,Course fee
05/11/2020,Rent,123.0,Uber to office
03/23/2020,Utilities,121.0,Paid electricity bill late
05/08/2021,Rent,289.0,Netflix subscription
12/23/2022,Bonus,59626.0,Doctor visit 
May 25 2019,Salary,67662.0,Netflix subscription
05/02/2020,Food,1014.0,Salary
2022-11-18,Travel,3331.0,Dinner at resto
,Others,807.0,Dinner at resto
2019-10-14,Others,-635.0,Pa76K5gjxo0PAorVtLZ
03/28/2022,Rent,596.0,InlfrSg3RD7JV7X
02/10/2020,Utilities,175.0,Grocery shopping
04-10-21,Rent,1724.0,Monthly rent
2019-04-08,Utliities,107.0,Netflix subscription
03/03/2021,Food,480.0,Gift
07/09/2021,Utilities,5256.0,Course fee
08/11/2020,Food,528.0,Monthly rent
April 22 2020,Salary,76904.0,Monthly rent via app
February 11 2022,Rent,1460.0,Doctor visit cash
May 06 2021,Other Income,57331.0,Grocery shopping
26-11-22,Entertainment,16852.0,Doctor visit
2021-10-02,Trave,837.0,Gift
2021-05-30,rTavel,182.0,Paid electricity bill
02/03/2022,Salary,64644.0,Paid electricity bill
03/13/2021,Food,862.0,Dinner at resto
February 14 2019,Rent,699.0,POjsz0KTKSeYGj6g49b
11/03/2019,Health,-32.0,Dinner at resto
April 26 2020,Food,54.0,Doctor visit late
2022-05-15,Food,51.0,Grocery shopping
2022-11-20,Rent,180.0,Gift
September 01 2021,Utilities,-105.0,Doctor visit
2022-02-11,Rent,241.0,Grocery shopping via app
2021-05-29,Bonus,72165.0,Netflix subscription
06/25/2019,Food,5354.0,Uber to office
2021-08-19,Education,549.0,Paid electricity bill
09/25/2019,Travel,1995.0,Gift cash
02/14/2022,Bonus,70257.0,sD8yUVYo
December 28 2022,eRnt,967.0,Salary
25-07-22,Bonus,55629.0,Grocery shopping late
2019-11-01,Travel,2771.0,Course fee late
14-01-21,Rent,154.0,Gift
07/31/2021,Utilities,391.0,Dinner at resto
2021-06-16,Food,313.0,Salary 
04/08/2020,Food,2402.0,Monthly rent cash
19-09-21,Rent,257.0,Monthly rent
2019-08-11,Entertainment,775.0,eRTbDpyguuJoaOMa
03-01-22,Other Income,57130.0,Dinner at resto
06/15/2021,Rent,1821.0,Salary
06/30/2020,Entertainment,241.0,Salary
08/08/2019,Rent,225.0,Monthly rent
20-08-20,Rent,242.0,Netflix subscription late
11-10-22,Food,174.0,Uber to office
06/10/2020,Rent,926.0,z6pKyz4DhlEKyn0
2022-02-25,Utilities,721.0,Uber to office
07/27/2019,Entertainment,443.0,Paid electricity bill cash
08/11/2019,Food,166.0,Uber to office
11/09/2020,Food,583.0,Paid electricity bill
September 02 2020,Others,148.0,Doctor visit
2022-02-26,Rent,495.0,Paid electricity bill
26-08-20,Food,440.0,Dinner at resto
2021-10-24,Other Income,75327.0,Salary
19-11-22,Food,225.0,Paid electricity bill
14-05-20,Others,1019.0,Netflix subscription
14-03-21,Others,209.0,3DWdcXOOQaYc7t5ph
October 07 2019,Rent,635.0,Grocery shopping
2019-07-09,FFood,533.0,Dinner at resto via app
,Rent,511.0,6YajRZ9nhKiT
,Rent,2084.0,Netflix subscription
January 03 2022,Rent,2743.0,Grocery shopping
2019-05-07,Food,1668.0,7wUBSaL7
10/25/2021,Savings,320.0,Doctor visit cash
17-02-21,Food,451.0,Dinner at resto
10/09/2021,Rent,337.0,Salary
November 16 2019,Salary,63235.0,Dinner at resto
2022-10-28,eRnt,256.0,Grocery shopping
January 10 2022,Others,584.0,Dinner at resto late
15-01-22,Rent,894.0,Uber to office
2021-02-07,Utilities,1024.0,Doctor visit cash
11/06/2021,Travel,174.0,Grocery shopping late
01/25/2022,Savinngs,143.0,Paid electricity bill
26-07-22,Food,156.0,Doctor visit via app
02/15/2022,Rent,85.0,Grocery shopping
September 15 2020,Education,863.0,Paid electricity bill
10/28/2020,Rent,1946.0,Monthly rent
August 06 2019,Travel,1421.0,k43n03NhguKSG
September 26 2021,Travel,2235.0,Grocery shopping late
2019-11-03,Travel,280.0,Uber to office
13-05-21,Entertainment,340.0,Netflix subscription late
2022-04-24,Food,907.0,Doctor visit via app
04/22/2022,Food,1269.0,Grocery shopping
06/04/2019,Rent,1814.0,Gift
January 23 2020,Rent,1308.0,Salary late
20-01-20,Food,327.0,Doctor visit
01-05-19,Other Income,86945.0,Netflix subscription
02/06/2021,Salary,91444.0,Netflix subscription 
10/15/2021,Traveel,639.0,Dinner at resto
01/24/2022,Utilities,925.0,Doctor visit
April 05 2019,Bonus,46988.0,Salary
05/04/2021,Rent,630.0,Doctor visit
28-07-19,Rent,909.0,Netflix subscription 
2022-01-06,Rent,2524.0,Salary
March 01 2021,Food,878.0,Doctor visit
05/28/2019,Food,467.0,Paid electricity bill via app
09/22/2022,Food,906.0,Salary
11-11-20,Food,103.0,Gift
07/28/2020,Rent,66.0,Monthly rent late
2022-08-08,Rent,831.0,7HjMqplD
05/23/2020,Food,481.0,Doctor visit
June 13 2021,Food,2730.0,Uber to office late
2019-03-26,Food,3862.0,f83Psxd9Gn3hLLgcKBmO
May 23 2021,Rent,897.0,Course fee 
2022-05-29,Salary,76132.0,Gift
February 23 2021,Health,743.0,Doctor visit
11/03/2022,Food,544.0,Monthly rent late
2022-08-23,Bonus,74735.0,Monthly rent
25-05-20,FFood,331.0,Netflix subscription via app
03/17/2019,Food,912.0,Grocery shopping
09-11-21,Food,107.0,Paid electricity bill cash
April 20 2021,Food,44.0,Salary
24-10-22,Rent,560.0,Dinner at resto
2019-04-15,Food,5797.0,Dinner at resto
07/04/2021,Travel,102.0,Grocery shopping
29-09-22,Rent,2094.0,Salary
2022-04-25,Food,-301.0,Salary
2022-08-18,Salary,65939.0,Uber to office late
May 22 2020,Travel,122.0,Gift 
12/20/2022,Utilities,1007.0,Paid electricity bill
July 08 2019,Salary,70850.0,Salary 
03/21/2021,Rent,238.0,P9L9CfK5
2021-10-01,Food,4637.0,Netflix subscription
04/26/2020,Entertinment,321.0,Paid electricity bill via app
18-12-20,Savings,143.0,Monthly rent late
10/13/2020,Other Income,31633.0,Doctor visit
01/15/2021,Food,939.0,KDgFuB0OeqsW
05/13/2020,Bonus,71545.0,Grocery shopping
2022-01-08,Rent,194.0,Dinner at resto
30-07-21,Rent,156.0,Paid electricity bill
2019-02-03,Food,245.0,Doctor visit
20-06-20,Rent,57.0,Dinner at resto
2019-09-07,Foodd,141.0,Netflix subscription
2022-07-23,Food,12091.0,Course fee
04/05/2019,Rent,671.0,Grocery shopping
12-04-19,Travel,2039.0,Grocery shopping
25-06-22,Rent,794.0,Uber to office 
12/27/2019,Rent,42.0,Netflix subscription
07/19/2021,Salary,41772.0,Paid electricity bill
01-09-19,Food,107.0,Salary via app
February 15 2022,Others,263.0,Gift
2019-06-19,Entertainment,1081.0,Gift
08/05/2021,Food,1396.0,Uber to office
07/18/2022,Food,867.0,Netflix subscription 
10/07/2019,Food,250.0,Doctor visit
11/27/2020,Travel,1275.0,Monthly rent
13-11-20,Savings,468.0,Monthly rent
06-01-19,Travel,200.0,Grocery shopping late
November 19 2019,Utilities,491.0,Doctor visit
09/30/2019,Salary,50844.0,Paid electricity bill
12/08/2019,Food,344.0,Uber to office
2022-10-12,Bonus,53396.0,Netflix subscription
06/17/2020,Other Income,51922.0,Gift
2020-03-14,Utilities,611.0,Grocery shopping cash
11-01-22,Food,54.0,Paid electricity bill cash
01/26/2021,Travel,2232.0,Gift cash
June 02 2019,Entertainment,211.0,Uber to office
December 26 2022,Bonus,36702.0,Netflix subscription via app
30-10-22,Food,4536.0,Netflix subscription
13-08-21,Bonus,61685.0,Monthly rent
January 11 2021,Education,796.0,Dinner at resto cash
2020-01-19,Rent,317.0,11t4gBt3K6S
25-12-22,Education,69.0,Paid electricity bill 
2022-08-11,Food,183.0,Monthly rent late
2019-12-10,Food,1600.0,Grocery shopping late
09/11/2021,Health,867.0,Course fee
July 04 2022,Food,432.0,Gift
07/21/2021,Rent,3564.0,Gift via app
06-10-19,Rent,1065.0,Uber to office via app
17-05-22,Utilities,1314.0,Course fee
04/05/2019,Other Income,63516.0,Uber to office
2021-10-21,Rent,2029.0,Netflix subscription
14-04-20,Other Income,60408.0,Netflix subscription cash
2022-06-08,Health,96.0,Netflix subscription
2020-08-17,Salary,72169.0,Salary
August 20 2022,Savings,789.0,Doctor visit
January 27 2019,Rent,351.0,Uber to office
04/06/2020,Rent,24.0,Uber to office
04/27/2020,Rent,534.0,Course fee
01/20/2022,Utilities,93.0,8zZuVvuLf
2022-12-03,Utilities,1032.0,Gift
2020-01-02,Rent,101.0,Uber to office
08-09-22,Food,379.0,Doctor visit via app
14-10-20,Food,334.0,Dinner at resto via app
08/04/2019,Food,449.0,Course fee
27-07-19,Travel,1109.0,Paid electricity bill cash
07/21/2020,Food,574.0,Grocery shopping
2022-10-08,Food,89.0,Netflix subscription
16-11-22,Food,180.0,Paid electricity bill via app
2020-07-04,Food,1230.0,Gift late
07/03/2020,Other Income,70132.0,Gift 
11/16/2022,Rent,1352.0,Uber to office via app
01-12-20,Etertainment,118.0,Course fee
2019-03-24,Other Income,40150.0,Salary
2019-04-06,Rent,629.0,Gift
August 27 2019,Rent,229.0,Uber to office
May 08 2022,Food,217.0,Course fee
2022-08-21,Utilities,73.0,Course fee
12/19/2019,Rent,115.0,Grocery shopping
2022-03-15,Rent,335.0,Gift
04/17/2020,ood,32.0,Salary late
28-09-22,Rent,735.0,Grocery shopping 
11/25/2021,Rent,376.0,Gift
12/15/2021,Saary,46359.0,Course fee cash
2021-12-17,Other,843.0,Dinner at resto
05/01/2020,Others,,Gift
26-11-22,Entertainment,16852.0,Doctor visit
04/28/2022,Entertainment,192.0,Gift cash
April 25 2022,Rent,3480.0,Netflix subscription
2019-05-06,Food,151.0,Dinner at resto
2021-01-07,Others,1755.0,Paid electricity bill
2020-08-03,Rent,1449.0,Gift
12/08/2021,Utilities,809.0,Dinner at resto
12/23/2020,Rent,171.0,Doctor visit
07/31/2022,Rent,96.0,Grocery shopping
01/09/2022,Education,59.0,Dinner at resto
June 23 2019,Food,458.0,Netflix subscription 
02/16/2020,Food,377.0,WAl64BrtkIy9n
22-07-22,Entertainment,129.0,Grocery shopping
15-06-21,Rent,120.0,Monthly rent
16-08-19,Salary,60120.0,Netflix subscription
10/28/2022,Savings,31.0,Grocery shopping
2021-03-17,Travel,115.0,Dinner at resto cash
10-04-22,Food,2396.0,Paid electricity bill via app
09-05-20,Travel,37.0,Gift
05/03/2019,Entertainment,470.0,PELFlc7F
16-09-19,Utilities,81.0,Grocery shopping
01/02/2021,Rentt,122.0,Salary via app
07/05/2019,Rent,1517.0,Uber to office
2021-07-25,Utilities,2172.0,Uber to office cash
2019-05-22,Rent,2227.0,Grocery shopping
30-01-19,Entertainment,110.0,Paid electricity bill
15-06-19,Bonus,39047.0,Gift late
16-04-21,Utiltiies,239.0,Paid electricity bill via app
May 04 2022,Rent,3208.0,Course fee 
01/30/2019,Bonus,56560.0,Salary cash
04/17/2022,Bonus,55272.0,Dinner at resto
09/09/2019,Entertainment,1976.0,Doctor visit cash
10/07/2022,Savings,127.0,Gift 
05/26/2021,Rent,1020.0,Paid electricity bill 
21-01-21,Food,510.0,Dinner at resto
04/28/2022,Health,129.0,Uber to office cash
07/15/2020,Salary,43841.0,Gift 
December 31 2020,Travel,741.0,Dinner at resto
12/07/2020,Travel,79.0,Uber to office via app
2019-03-28,Rent,1305.0,Uber to office
2022-05-01,Salary,38302.0,Salary via app
06/18/2019,Health,205.0,Netflix subscription cash
12/31/2022,Food,110.0,Monthly rent
2021-01-14,Entertainment,73.0,0I3WNIxxBSeadeWX
11/20/2022,Rent,2173.0,Grocery shopping
01-07-19,Food,43.0,Dinner at resto
July 02 2020,Food,440.0,Doctor visit
08/25/2020,Food,634.0,Dinner at resto
October 19 2019,Bonus,55293.0,Paid electricity bill
07/29/2019,Trave,110.0,Course fee cash
08/10/2019,Rent,165.0,Salary
12/25/2019,Rent,143.0,Salary
2020-07-28,Savings,395.0,Salary
12/10/2022,Others,415.0,Course fee 
2021-07-27,Travel,1784.0,Gift
2022-02-24,Savings,1130.0,Uber to office
07/01/2020,Rent,53.0,Salary
2021-02-05,Salary,59251.0,Dinner at resto
21-06-20,Rent,95.0,Netflix subscription cash
16-08-22,Others,1201.0,TBr1ehsplB6ypY6N7Gt
December 31 2022,Other Income,54173.0,Monthly rent
05/13/2022,thers,60.0,Gift cash
2019-08-14,Rent,586.0,Netflix subscription
03/13/2022,Food,705.0,Dinner at resto
2021-08-13,Entertainment,348.0,Salary
25-08-21,Health,89.0,Paid electricity bill
05-11-19,Savings,203.0,Monthly rent
2020-12-23,Other Income,55261.0,Uber to office
December 13 2020,Rent,280.0,Gift
2019-06-10,Education,107.0,Salary cash
08/03/2022,Rent,2813.0,Netflix subscription
03/18/2019,Otherrs,505.0,Uber to office 
11/19/2021,Rent,223.0,Gift
11/20/2020,Entertainment,131.0,Monthly rent
10/03/2020,Savigs,565.0,Paid electricity bill via app
March 01 2021,Rent,1417.0,Paid electricity bill
24-01-20,Utilities,324.0,Uber to office cash
20-05-21,Rent,,Monthly rent late
04/04/2020,Rent,760.0,Course fee 
February 05 2020,Food,773.0,Grocery shopping
April 10 2022,Rent,1823.0,Course fee late
2019-01-28,Salary,64233.0,Netflix subscription late
02/13/2021,Others,129.0,Paid electricity bill
,Entertainment,5106.0,Uber to office
September 16 2020,Salary,63372.0,nXnyJag3NqslID
04/27/2022,Utiities,2586.0,Course fee
2019-04-15,Utilities,1335.0,Gift
18-08-19,Rent,277.0,Monthly rent
08/13/2020,Food,67.0,Monthly rent 
2022-12-09,Bonus,78083.0,Salary
01/13/2019,Trael,216.0,Netflix subscription
2020-01-31,Food,1494.0,Dinner at resto
2021-01-13,Utilities,120.0,Lwwz1yy0M6Co2H
01/16/2020,Utilities,375.0,Course fee
13-06-20,Food,6543.0,Paid electricity bill late
13-06-21,Food,1240.0,Grocery shopping
16-09-21,Travel,241.0,Netflix subscription
2020-07-27,Rent,642.0,WGEYaEJo1RvjqmEmPow5
,Food,377.0,Salary
15-04-22,Rent,137.0,Salary
2021-12-20,Food,774.0,Monthly rent via app
2020-02-10,Food,707.0,Salary
2020-03-24,Travel,,Gift
May 24 2020,Bonus,72326.0,Netflix subscription
18-08-21,Bonus,46897.0,Gift
03/30/2020,Health,266.0,Netflix subscription
05-08-22,Entertainment,1697.0,Monthly rent
2021-11-13,Food,244.0,Netflix subscription
12/13/2020,Salry,65891.0,Netflix subscription
01/03/2020,Food,202.0,Grocery shopping
11/14/2022,Entertainment,351.0,Netflix subscription late
21-10-20,Utilities,49.0,Gift
05/10/2022,Food,947.0,Paid electricity bill via app
2021-02-08,Entretainment,876.0,Grocery shopping late
21-02-21,Food,289.0,Monthly rent 
02-12-20,Food,747.0,akLAqMUQVK
2019-10-01,Rent,936.0,Netflix subscription
11/07/2022,Food,162.0,Course fee
04/08/2020,Utilities,1273.0,Course fee
03/22/2020,Other Income,60674.0,Monthly rent cash
04/18/2022,aSvings,1370.0,Doctor visit
May 09 2022,Food,179.0,Uber to office
13-01-22,Rent,630.0,Course fee cash
20-03-19,Rent,85.0,Paid electricity bill
August 22 2019,Travel,2194.0,Netflix subscription
2020-08-11,Uitlities,152.0,Netflix subscription 
14-10-19,Food,178.0,Monthly rent late
20-05-21,Rent,,Monthly rent late
2021-09-29,Rent,362.0,Course fee 
2019-09-14,Food,609.0,Paid electricity bill
22-02-22,Other Income,82615.0,Uber to office
24-05-21,Rent,772.0,Uber to office cash
2021-07-07,Utilities,1030.0,Uber to office
,Rent,192.0,Grocery shopping
05/30/2020,Entertainment,383.0,Paid electricity bill
2021-06-21,Entertainment,1151.0,Paid electricity bill 
09/30/2021,Rent,52.0,Gift
07/10/2020,Rent,1033.0,Netflix subscription
February 08 2022,Food,4664.0,Grocery shopping
26-11-19,Others,78.0,Gift via app
April 06 2021,Salary,57099.0,Doctor visit
18-01-20,Food,383.0,Gift via app
08-02-20,Salary,71205.0,Course fee
06/26/2020,Savings,247.0,Salary
05/24/2020,Others,5184.0,Dinner at resto
15-11-19,Food,760.0,Monthly rent
2022-09-18,Food,1019.0,Grocery shopping cash
01/02/2019,Food,122.0,Paid electricity bill cash
November 19 2022,Entertaniment,354.0,Monthly rent
16-01-21,Travel,598.0,Doctor visit
July 24 2021,Food,59.0,Doctor visit 
11/02/2021,Rent,753.0,Course fee
14-04-19,Travel,136.0,Uber to office
2020-05-10,Rent,56.0,Grocery shopping via app
2022-06-13,Rent,276.0,Doctor visit
2021-07-29,Salary,47623.0,Netflix subscription
10/21/2019,Utilities,1651.0,Paid electricity bill
13-12-21,Rent,824.0,Doctor visit
02-08-21,Utilities,88.0,Monthly rent 
07-11-20,Bonus,66146.0,Salary
26-05-20,Food,43.0,Gift 
25-05-20,Savings,172.0,Uber to office
03/02/2019,Bonus,67049.0,Monthly rent
2022-03-11,Salary,58497.0,Gift late
2019-04-10,Travel,624.0,cNkcFAVNAVkl
2020-09-05,Other Income,61721.0,Doctor visit
04/06/2019,Savings,164.0,Uber to office 
,Education,8611.0,Gift
06/08/2022,Food,323.0,Paid electricity bill
06-02-20,Foo,174.0,Netflix subscription
02/21/2022,Utilities,767.0,Gift
10/11/2022,Food,489.0,Paid electricity bill
08/05/2019,Rent,676.0,Monthly rent
March 30 2021,eRnt,1048.0,Salary via app
2020-08-02,Entertainment,723.0,Monthly rent
2019-04-25,Rent,149.0,Gift
07-06-21,Travel,346.0,Uber to office
2019-10-12,Food,113.0,Salary 
18-05-20,Other Income,63563.0,Gift
May 27 2019,Bous,47556.0,Paid electricity bill
26-02-21,Bonus,47100.0,Grocery shopping 
2021-05-03,Rnet,218.0,Monthly rent 
12-10-20,Other Income,65506.0,Grocery shopping
23-11-19,Entertainment,2197.0,Gift
07/06/2021,Education,172.0,Course fee
2019-07-22,Food,496.0,Doctor visit
January 12 2020,ent,1067.0,Salary
12/12/2021,Savings,336.0,Salary
01/18/2020,Rent,558.0,Monthly rent late
2021-01-28,Salary,49740.0,Paid electricity bill
17-04-21,Others,190.0,Grocery shopping
05/04/2022,Food,457.0,Doctor visit
2022-12-19,Enterrtainment,3245.0,Monthly rent
03/18/2019,Food,368.0,Monthly rent
2021-02-12,Savings,834.0,Salary
08/28/2020,Rent,958.0,Grocery shopping via app
09/03/2019,Food,2630.0,BjbdGlmebrNS5XTwE
2020-10-18,Utilities,60.0,Grocery shopping
24-01-19,Savigs,158.0,Uber to office
03/06/2022,Savings,85.0,Doctor visit
2021-01-02,Food,514.0,Salary
May 27 2020,Salary,58238.0,Dinner at resto 
12-09-20,Utilities,612.0,bItMgzzc3fLLB9oZd8h
10/27/2020,Food,161.0,Doctor visit 
April 23 2022,Food,4892.0,Salary
May 04 2021,Food,954.0,Course fee cash
14-05-19,Salary,84369.0,Salary
25-07-20,Travel,353.0,Doctor visit via app
,Entertainment,49.0,Doctor visit
2022-05-15,Bonus,67451.0,Uber to office
26-02-22,Others,199.0,Course fee
03/09/2021,Food,94.0,Uber to office via app
01-11-19,Food,110.0,Monthly rent
03/23/2020,Entertanment,65.0,Uber to office
2022-09-09,Rent,593.0,Doctor visit
2020-08-07,Food,76.0,Uber to office
September 24 2020,Food,293.0,Gift
14-06-19,Bonus,48417.0,Gift
22-05-22,Rent,212.0,Gift
03/03/2022,Utilities,999999.0,Dinner at resto cash
,Savings,913.0,M38vEOiE0mq
09-04-21,Utiilties,40.0,Grocery shopping
October 30 2019,Rent,228.0,Grocery shopping via app
2019-09-14,Savings,812.0,Doctor visit
02/09/2020,Food,648.0,Gift
2020-03-23,Travel,72.0,Netflix subscription
20-01-20,Entertainment,730.0,Dinner at resto late
06/10/2022,Bonus,50903.0,Paid electricity bill
2021-06-23,Travel,332.0,Monthly rent
2019-01-13,Utilities,1387.0,Dinner at resto
,Others,840.0,Uber to office
2020-04-21,Saary,51916.0,Uber to office
2022-03-31,Entertainment,253.0,Uber to office 
04/27/2022,Utiltiies,161.0,Grocery shopping
2021-08-10,Food,100.0,Paid electricity bill late
09/17/2022,Food,89.0,Salary
November 09 2020,Rent,1026.0,Paid electricity bill
19-08-19,Utilities,198.0,Grocery shopping late
10/09/2022,Salary,46912.0,Uber to office
2022-04-20,Entertainment,337.0,Doctor visit
16-10-19,Other Income,49262.0,Dinner at resto
21-12-20,Other Income,69966.0,Dinner at resto
2021-05-28,Utilities,1727.0,Paid electricity bill
09-08-20,Savings,885.0,Doctor visit
2020-06-15,Others,485.0,Grocery shopping
09-07-21,Food,756.0,hfNKwQfJv
28-09-22,Savings,2167.0,RjfExfdeiXGAL
30-05-20,Utilities,282.0,Netflix subscription
November 20 2022,Food,238.0,Uber to office 
19-03-20,Savings,2992.0,Netflix subscription cash
27-02-20,Food,1253.0,Doctor visit
05/22/2022,Entertainment,855.0,Dinner at resto
10-10-19,Rent,1633.0,Paid electricity bill
02-12-21,Savings,1774.0,Paid electricity bill
2021-03-21,Others,176.0,Gift via app
07/22/2019,Food,1580.0,Gift
05/19/2022,Rent,103.0,Netflix subscription
2021-11-21,Travel,417.0,Dinner at resto via app
03/14/2022,Food,1955.0,2rxtNdevaWWgS4T
2022-12-03,Food,365.0,Paid electricity bill
2019-07-01,Others,344.0,Monthly rent
04-11-22,Bonus,78639.0,Salary
02/26/2019,Utilities,126.0,Gift
2019-05-16,Bonus,69882.0,Gift
03-09-19,Salary,75945.0,Dinner at resto 
August 30 2022,Food,308.0,A83ibfO0HNQn
23-09-20,Food,857.0,Uber to office
12-08-19,Entertainment,491.0,Netflix subscription late
09/03/2021,Bonus,47486.0,Course fee
,Utilities,575.0,Dinner at resto
2020-07-04,Others,456.0,Monthly rent
03-04-19,Food,935.0,Course fee
08/29/2020,Education,340.0,Salary cash
October 12 2019,Food,1025.0,Uber to office
08/17/2019,Entertainment,4472.0,Uber to office 
12/08/2022,Utilities,944.0,Dinner at resto late
2021-12-18,Utilities,254.0,Monthly rent
2022-12-12,Health,534.0,Gift
2019-07-01,Saavings,3104.0,Gift
03/07/2021,Food,160.0,Grocery shopping via app
03-01-21,Travel,212.0,Paid electricity bill
08/14/2021,Food,443.0,Gift
08/03/2019,Rent,181.0,Doctor visit
2021-08-31,Rent,1970.0,Salary
26-01-19,Other Income,49772.0,Netflix subscription
06/17/2019,Health,993.0,Doctor visit
04-04-20,Other Income,86071.0,Doctor visit via app
02-01-22,Entertainment,2607.0,Gift
12/31/2022,Others,143.0,Dinner at resto
October 11 2019,Rent,90.0,Grocery shopping
2022-09-19,Food,124.0,Course fee cash
2020-05-11,Others,1140.0,Grocery shopping
2020-05-02,Rent,394.0,Grocery shopping late
2019-07-02,Other Income,65771.0,Gift 
2019-05-24,Food,426.0,Netflix subscription
01/01/2019,Food,604.0,Netflix subscription
14-12-21,Food,958.0,Grocery shopping
2019-09-16,Othrs,532.0,4VcsB7znYWmuvDNmyf
08-02-22,Foood,1539.0,Netflix subscription 
05/15/2021,Bonus,33342.0,Grocery shopping cash
October 09 2019,Utilities,208.0,Gift
08/15/2021,Othe Income,33816.0,Uber to office 
2021-02-26,Others,1612.0,Dinner at resto
2022-08-03,Fod,574.0,Doctor visit via app
July 10 2020,Education,549.0,Grocery shopping
April 25 2021,Foo,191.0,4YzMGoFJuaqFYAtEn5
2020-05-20,Rent,371.0,Doctor visit
July 08 2021,Education,663.0,Dinner at resto
07/01/2021,Travel,245.0,Doctor visit
December 30 2020,Health,1164.0,Grocery shopping
11-12-22,Food,237.0,Dinner at resto
July 05 2019,Bonus,73046.0,Uber to office via app
24-09-20,Rent,318.0,Grocery shopping late
2021-01-25,Food,237.0,Salary
09/02/2020,Bonus,41793.0,Uber to office cash
08/14/2020,Rent,1803.0,Doctor visit
,Others,1409.0,Salary
14-09-21,Utilities,341.0,Uber to office cash
29-09-19,Travel,1203.0,Netflix subscription via app
2020-11-19,Foo,251.0,Grocery shopping
22-07-22,Rent,2081.0,Course fee
May 15 2019,Others,551.0,Dinner at resto
06/30/2019,Other Income,82411.0,Doctor visit
07/16/2022,Food,404.0,Dinner at resto
08/30/2021,Entertainment,3572.0,Uber to office
09/22/2022,Others,999999.0,Uber to office cash
02/26/2019,Rent,1001.0,Uber to office
06/10/2021,Education,341.0,Netflix subscription
06-02-22,Entertainment,298.0,Gift
2021-05-26,Rent,590.0,Course fee
02/28/2020,Rent,1568.0,Grocery shopping
03/04/2021,Other Income,54354.0,Course fee
2021-08-06,Rent,105.0,Dinner at resto
01/20/2021,Bonus,77741.0,Grocery shopping via app
12-12-20,Utilities,489.0,Uber to office
2021-09-25,Entertainment,12489.0,Paid electricity bill
2022-06-18,Travel,516.0,Gift
05/19/2022,Food,1010.0,Doctor visit
02/26/2019,ent,509.0,Monthly rent
2020-09-20,Utilities,1731.0,Dinner at resto
November 28 2019,Utilities,999999.0,Gift
2021-02-16,Bonus,57454.0,Paid electricity bill
2021-07-09,Travel,520.0,Doctor visit
13-12-19,Savings,113.0,Gift cash
30-12-20,Food,103.0,Gift
11/28/2019,Food,571.0,Grocery shopping cash
10/24/2022,Food,1936.0,Uber to office
2019-06-08,Food,303.0,Course fee
2022-03-21,Utilities,106.0,Dinner at resto
22-08-19,Rent,98.0,Doctor visit
08/23/2022,Food,192.0,jUhHOm4uNzK3J8R1i
October 20 2022,Entertainment,260.0,Paid electricity bill
2019-04-20,Rent,98.0,sEMuRPH7ptwAGc6K
01-11-20,Travel,267.0,ywt95Rddbfar1qhlBsk
2021-02-15,Rent,224.0,Monthly rent
2019-10-07,Utilities,191.0,Paid electricity bill
,Food,,Gift
29-03-20,Fod,241.0,Doctor visit via app
08/26/2020,Rent,94.0,Doctor visit
19-08-21,Travel,2234.0,aId8SZqW
December 11 2022,Utilities,56.0,Salary via app
09-11-20,Utilities,378.0,Paid electricity bill 
August 21 2022,Food,101.0,Netflix subscription via app
October 22 2021,Food,16324.0,Monthly rent
12/25/2019,Food,766.0,Paid electricity bill
May 26 2022,Food,966.0,Course fee
2019-09-18,Food,643.0,Grocery shopping 
18-11-22,Rent,160.0,Course fee
02/19/2022,Education,891.0,Netflix subscription cash
June 21 2019,Food,60.0,Doctor visit
2022-10-18,Savings,84.0,Grocery shopping
2022-01-12,Rent,1487.0,Dinner at resto
2019-12-21,Rent,51.0,Course fee
2021-12-21,Food,393.0,Salary
June 21 2020,Rent,558.0,Salary 
2021-01-23,Food,88.0,Course fee
15-11-22,Utilities,359.0,Dinner at resto cash
2021-02-09,Rent,689.0,Netflix subscription
12-03-19,Other Income,74273.0,Monthly rent 
07-11-20,Bonus,71900.0,NByWWJeFi8m0eZO
2021-04-03,Bonus,68329.0,Salary
2019-12-12,Health,223.0,Uber to office
2022-07-11,Food,521.0,Course fee
2022-09-13,Others,613.0,Netflix subscription cash
2020-09-19,Travel,240.0,gqT127znqwc
29-05-19,Entertainment,38.0,HB5rESxl
2019-08-18,Rent,112.0,Doctor visit cash
2020-05-31,Rent,305.0,Netflix subscription
September 05 2021,Rent,208.0,Course fee
13-12-20,Utilities,92.0,VlZfmFjVbzKmR9uEVdg
01-10-21,Travel,913.0,Course fee
10/12/2019,Bonus,30715.0,Gift
08/10/2021,Utilities,1080.0,Monthly rent
2019-09-09,Food,318.0,Monthly rent via app
04/06/2022,Rent,2114.0,Course fee cash
26-10-22,Bonus,88648.0,Monthly rent
2020-09-17,Others,140.0,Paid electricity bill cash
May 18 2020,Rent,121.0,Gift late
,Food,851.0,Paid electricity bill
2020-05-30,Travel,626.0,Paid electricity bill
2022-02-26,Food,1001.0,Netflix subscription via app
,Rent,1639.0,Salary
13-07-20,Rent,825.0,oHolnDV2g63GhaSg8tVZ
May 28 2019,Food,403.0,cP1wvFHklSagsgxhfd9M
07-08-19,Salary,54062.0,Course fee
03/02/2020,Education,489.0,Gift
January 29 2021,Salary,72016.0,Course fee 
07-04-19,Bonus,87380.0,Netflix subscription
November 07 2021,Travel,39.0,Doctor visit
15-07-21,Rent,90.0,Doctor visit cash
12-06-22,Travel,33.0,Netflix subscription late
18-10-22,Utilitise,597.0,Doctor visit 
August 16 2020,Food,320.0,Salary
09/25/2020,Rent,91.0,Gift
09/06/2021,Food,12957.0,Grocery shopping
11/30/2020,Entertainment,254.0,C22ig4fQN7V1Z8H
10/18/2020,Utilities,9786.0,Gift
11-06-19,Food,1883.0,Netflix subscription 
2021-04-26,Entertainment,111.0,Course fee
03/27/2022,Entertainment,535.0,Netflix subscription
2021-09-22,Food,819.0,Paid electricity bill
2022-08-07,Utilities,303.0,CjLvniMcB6BE3Uao0
August 04 2019,Food,658.0,Netflix subscription
2021-04-16,Bonus,73558.0,Netflix subscription 
07/11/2021,Salary,69534.0,J44jEfLPGek9R1s1J55
10-04-21,Utilities,3091.0,Grocery shopping
2021-10-08,Others,214.0,Uber to office
2021-04-16,Bonus,76251.0,Dinner at resto
07/29/2019,ent,1544.0,Dinner at resto
2022-01-01,Food,648.0,Monthly rent
06/29/2019,Food,2113.0,Netflix subscription
February 08 2020,Rennt,452.0,Dinner at resto 
2022-03-14,Entertainment,294.0,Netflix subscription
05/01/2019,Food,288.0,Grocery shopping late
06/02/2021,Food,1109.0,Paid electricity bill
12/25/2020,Travel,370.0,G2yeYxm10bTR
2021-10-30,Savings,50.0,Netflix subscription
04-03-21,Travel,144.0,Netflix subscription
08/30/2021,Rent,88.0,Uber to office
09/24/2022,Utilities,158.0,Monthly rent via app
09-05-19,Bonus,69297.0,Dinner at resto 
03/16/2020,Entertainment,76.0,Uber to office cash
12-08-19,Education,121.0,Monthly rent
10/31/2020,Rent,507.0,Grocery shopping
2019-07-23,Food,184.0,Dinner at resto
11/23/2021,Rent,,Grocery shopping
,Utilities,201.0,jcWqxzrr1dAcAY8GF
25-06-22,Education,587.0,Salary 
11-05-22,Rent,99.0,Doctor visit
21-06-22,Entertainment,541.0,Dinner at resto
2022-07-08,Others,374.0,Gift
07/14/2020,Travel,2807.0,Uber to office 
,Foodd,44.0,Grocery shopping cash
2021-01-30,Savings,262.0,Grocery shopping
18-12-20,Bonus,58937.0,Gift
14-09-22,Food,113.0,Uber to office
2020-06-01,Food,263.0,Dinner at resto via app
2022-04-14,Utilities,199.0,Salary late
05/16/2020,Foood,155.0,Salary
2020-03-08,Food,98.0,Course fee
03/02/2021,Food,440.0,Salary
June 22 2022,Utiilities,205.0,Doctor visit
11/21/2021,Food,196.0,Gift
2022-07-23,Bonus,31737.0,Paid electricity bill
2022-10-01,Food,218.0,Doctor visit
2020-07-27,onus,60046.0,Uber to office
04/10/2020,Entertainment,62.0,Gift
2019-07-26,Others,152.0,Grocery shopping via app
2020-08-05,Food,987.0,Salary
25-08-22,Rent,186.0,Monthly rent
,Other Income,66690.0,Netflix subscription
08/23/2021,Others,1597.0,Course fee
05/31/2019,Other Income,34127.0,Salary cash
04/25/2022,Travel,119.0,Gift
18-05-21,Rent,50.0,Grocery shopping via app
11/23/2019,Food,826.0,Netflix subscription cash
05/09/2022,Savings,1377.0,Gift
10/18/2021,Food,679.0,Paid electricity bill
2021-11-16,Travel,319.0,Monthly rent cash
2021-03-23,Others,956.0,Dinner at resto
07/02/2020,Travel,1466.0,Monthly rent 
17-07-20,Food,4400.0,Course fee
09/04/2021,Food,-393.0,Paid electricity bill
11/29/2022,Bonus,81487.0,Salary
06/15/2022,Rent,753.0,Uber to office
11/20/2022,Food,53.0,Netflix subscription
04-09-20,Rent,1510.0,Course fee
2021-08-14,Food,3045.0,Dinner at resto
28-06-22,Savings,268.0,Doctor visit
20-06-19,Food,180.0,Gift via app
2020-05-12,Entertainment,91.0,Gift
25-11-22,Utilities,343.0,Course fee
2021-01-12,Savings,994.0,Uber to office
06/03/2021,Food,671.0,Netflix subscription
09/24/2022,Rent,587.0,Grocery shopping
2021-01-31,Food,175.0,Uber to office
10-11-20,Utilities,2758.0,Dinner at resto
04/09/2019,Food,1577.0,Uber to office
02/10/2020,Travel,53.0,Dinner at resto
04/07/2020,Travel,135.0,Paid electricity bill
01-12-19,Rent,128.0,Paid electricity bill
,Food,3941.0,Dinner at resto
2019-11-27,Entertainment,718.0,Paid electricity bill
2021-02-17,Food,167.0,Paid electricity bill late
2020-03-21,Food,703.0,Salary via app
September 05 2021,Bonus,67005.0,Gift
08/12/2020,Others,1253.0,Gift
12-04-22,Savings,75.0,Grocery shopping
04/01/2022,Bonus,63349.0,Lk0jixXqCcjindFpe
2019-09-16,Food,1270.0,Course fee
08/19/2019,Food,1273.0,Course fee
2021-03-15,Entertainment,262.0,Grocery shopping
December 28 2021,Rent,139.0,Course fee
2022-07-12,Food,713.0,Paid electricity bill late
16-10-22,Salary,61118.0,Dinner at resto
2019-04-14,Entertainment,605.0,Salary
06/01/2021,Food,153.0,nDnjvhHg4
04-03-22,Rent,184.0,Salary 
April 19 2022,Others,249.0,Grocery shopping cash
,Salary,69703.0,Monthly rent
04-09-22,Food,1875.0,Grocery shopping
2022-09-27,Bonus,70568.0,vpEZFvkwiFVZzug5
2019-06-17,Travel,83.0,Grocery shopping
10/02/2020,Food,144.0,Paid electricity bill
05/05/2020,Food,210.0,Dinner at resto cash
2021-03-30,Food,878.0,pRvi2raTE
01/04/2022,Other Income,44769.0,Course fee
May 14 2019,Utilities,693.0,Doctor visit late
03/26/2022,Food,231.0,Doctor visit
2021-05-02,Savings,1659.0,Netflix subscription
08-06-22,Rent,339.0,Grocery shopping
26-05-20,Food,2705.0,q2vtj6rqsKLZ
,Savings,221.0,Grocery shopping 
2021-07-16,Rent,264.0,Grocery shopping
16-10-20,Food,267.0,Netflix subscription late
27-12-19,Bonus,68393.0,xt2vXGqplNIo2Uj
October 12 2020,Fodo,533.0,Uber to office
05-06-22,Rent,1183.0,Paid electricity bill late
22-04-19,Food,433.0,Monthly rent via app
05/25/2019,Food,3307.0,Doctor visit
06/24/2022,Rent,871.0,Uber to office late
July 09 2022,Utilities,382.0,Dinner at resto via app
09-05-20,Entertainment,936.0,Dinner at resto
05/30/2019,Food,137.0,Monthly rent
11/17/2021,Utiliteis,1359.0,Dinner at resto
22-01-19,Utilities,169.0,Salary
September 09 2019,Food,73.0,Netflix subscription
01-08-20,Others,224.0,Netflix subscription
2019-06-19,Rent,377.0,Netflix subscription cash
October 25 2019,Salary,72219.0,Dinner at resto
2019-09-16,Rent,386.0,Paid electricity bill
,Food,1602.0,Course fee
2021-01-08,Travel,405.0,Dinner at resto 
November 10 2021,Utilities,594.0,zbr3V7MVv
2020-06-11,Travel,573.0,Uber to office
2021-09-18,Entertainment,1155.0,Course fee
23-08-21,Utilities,569.0,Dinner at resto
10/02/2021,Rent,88.0,rcHLGvvTTqd5w4wEE
,Entertainment,-982.0,Monthly rent 
2019-05-15,Entertainment,628.0,Monthly rent
05/17/2019,Food,1285.0,Salary 
06/08/2020,Salary,42212.0,Paid electricity bill
September 15 2019,Utilities,735.0,Uber to office cash
,Rent,770.0,Uber to office
29-12-21,Rent,581.0,Dinner at resto
2022-02-09,Education,1348.0,Gift
06/06/2021,Rent,437.0,Monthly rent
2020-02-22,Bonus,69871.0,Dinner at resto 
2020-02-05,Rent,1332.0,Uber to office
2020-09-02,Entertainment,208.0,Gift
09/29/2020,Utilities,874.0,Dinner at resto
08-08-21,Food,999999.0,Salary via app
09/01/2019,Rent,430.0,Uber to office
06/30/2022,Utilities,1347.0,Gift
05-04-21,Other Income,45630.0,Netflix subscription late
2020-09-13,Other Income,60660.0,Paid electricity bill
10-09-22,Other Income,,Uber to office
2019-08-02,Bonus,85826.0,Gift cash
06/12/2020,Education,92.0,Monthly rent
2021-06-01,Rent,132.0,Netflix subscription
2022-12-27,Savings,1486.0,Paid electricity bill
03/18/2019,Utilities,10333.0,X9BsmvR4jkHDleoyY5Yf
2019-05-14,Education,53.0,Netflix subscription
11/19/2020,Bonus,36140.0,Netflix subscription
11/09/2020,Rent,1081.0,Monthly rent
2020-07-13,Rent,1058.0,Monthly rent
01-07-20,Entertainment,875.0,Uber to office
09/08/2019,Entertainment,76.0,Grocery shopping
2022-03-30,Utilities,608.0,Netflix subscription cash
11/30/2019,Other Income,48743.0,Paid electricity bill
02/09/2021,Education,160.0,Netflix subscription
09-01-20,Salary,71938.0,Doctor visit
02/15/2021,Salary,67953.0,Doctor visit
10/05/2020,Travel,10.0,Grocery shopping late
January 06 2019,Savings,3791.0,Netflix subscription
2019-01-23,Other Income,75278.0,Monthly rent
11/10/2019,Eduation,1171.0,Monthly rent
June 11 2022,Food,410.0,Salary
07/09/2019,Rent,518.0,Uber to office via app
26-01-21,Other Income,40824.0,Grocery shopping
21-01-22,Travel,1731.0,Dinner at resto
30-01-20,Rent,2789.0,Salary
2021-01-28,Other Income,30483.0,Grocery shopping 
2019-05-04,Education,488.0,Course fee
02-09-22,Travel,179.0,Dinner at resto
May 28 2019,Food,423.0,Dinner at resto
2022-07-02,Food,415.0,Monthly rent
11-11-22,Others,357.0,Salary via app
10/12/2020,Rent,1091.0,Salary cash
05/10/2021,Travel,133.0,Gift
August 30 2022,Savings,336.0,Doctor visit cash
June 15 2021,Food,829.0,Gift
2022-07-13,Travel,556.0,9jfewm6T82n
2019-10-18,Rent,2253.0,AQLDNRzlxiyqcx
2019-08-30,Rent,88.0,Monthly rent 
02/12/2022,Rnt,133.0,Netflix subscription 
2020-01-16,Others,210.0,Salary
2019-04-24,Education,154.0,Paid electricity bill
08/01/2020,Rent,2090.0,Course fee via app
07/09/2019,Food,37.0,Dinner at resto cash
12/07/2021,Travel,846.0,Netflix subscription
09/30/2021,Savings,48.0,Gift via app
11/17/2022,Travel,2452.0,Course fee
11/26/2021,Food,1040.0,Paid electricity bill 
2022-07-18,Travel,2842.0,Course fee
2022-04-11,Savings,253.0,Dinner at resto
06/10/2020,Travel,277.0,Paid electricity bill via app
04/01/2021,Entertainment,2263.0,Monthly rent via app
2022-10-24,Rent,393.0,Netflix subscription
07/29/2022,Travel,2005.0,Netflix subscription
September 07 2020,Food,63.0,Doctor visit
18-12-19,Other Income,50036.0,Doctor visit
05/13/2020,Rnt,180.0,Netflix subscription
02/20/2021,Rent,960.0,Paid electricity bill
06/26/2020,Rent,766.0,Doctor visit
10-11-20,Travel,370.0,Grocery shopping
06-01-19,Rent,60.0,Gift
13-07-22,Education,257.0,Dinner at resto
12/01/2019,Rent,137.0,Salary
17-04-22,Utilities,340.0,gQp1XypUb
17-11-22,Food,553.0,Gift 
11/08/2020,Travel,999999.0,Dinner at resto
15-11-21,Salary,60478.0,Gift
21-08-21,Bonus,54547.0,Dinner at resto late
11/08/2020,Others,1503.0,Doctor visit
February 15 2020,Education,651.0,Grocery shopping
2022-09-20,Rent,1175.0,Dinner at resto late
07-03-22,Rent,302.0,S5idsONo4paFR
20-08-21,Rent,2613.0,Netflix subscription
2019-03-15,Food,134.0,Grocery shopping
08/11/2022,Entertainment,,Monthly rent
05/01/2019,Travel,161.0,Salary
05/14/2022,Utilities,213.0,Monthly rent
2020-01-24,Travel,47.0,Gift cash
23-11-20,Bonus,64532.0,Uber to office 
October 28 2022,Utilities,3219.0,Monthly rent
24-12-22,Other Income,81228.0,Netflix subscription
20-07-22,Salary,47897.0,Dinner at resto cash
April 25 2022,Food,173.0,Uber to office late
16-10-22,Salary,48272.0,Gift
12/12/2019,Savings,2159.0,Uber to office
05/28/2022,Other Income,82116.0,Paid electricity bill
,Other Income,45089.0,Uber to office
22-01-22,Food,834.0,Course fee
01-03-19,Food,21.0,Gift
2021-07-11,Entertainment,113.0,Grocery shopping
2022-05-27,Bous,57789.0,Monthly rent
2021-04-01,Entertainment,50.0,Uber to office 
11/24/2019,Food,365.0,Gift
08/08/2021,Savings,106.0,0p3sjZYZiZlflCDgGt
31-07-22,Utilities,606.0,Salary via app
December 21 2019,Rent,20.0,Doctor visit
24-02-21,Entertainment,45.0,Gift
06-08-20,Rent,146.0,Paid electricity bill cash
02/20/2021,Rent,120.0,Paid electricity bill
2020-05-10,Travel,1046.0,Monthly rent
03/24/2020,Entertainment,204.0,Gift via app
February 08 2022,Entertainment,414.0,Doctor visit
October 02 2021,Bonus,72899.0,Monthly rent late
2020-05-18,Rent,1842.0,Netflix subscription cash
06/29/2021,Food,3309.0,Grocery shopping
08/15/2019,Savings,,Dinner at resto
2021-12-03,Rent,720.0,g0CZy7wUenG
16-01-19,Entertainment,299.0,Uber to office
03/09/2021,Savings,1248.0,Grocery shopping
06-03-19,Rent,1065.0,Paid electricity bill 
04/29/2021,Other Income,63057.0,Monthly rent via app
2019-04-20,Travel,25.0,Doctor visit
2021-10-07,Food,245.0,Doctor visit
28-12-20,Rent,706.0,OUgG6eneXh7p7KyZBsh
June 11 2021,Rent,16020.0,Doctor visit
August 22 2021,Rent,7808.0,Monthly rent
07/27/2020,Trvel,159.0,Doctor visit
07/09/2020,Travel,169.0,Gift
03/16/2019,Bonus,63054.0,Paid electricity bill
10/04/2022,Food,257.0,Paid electricity bill
2019-01-10,Rent,1917.0,Course fee via app
10/31/2019,Utilities,74.0,Gift
2019-05-16,Utiliies,593.0,Uber to office
April 16 2019,Other Income,82130.0,Course fee
30-10-20,Rent,543.0,Monthly rent
17-02-19,Other Income,63295.0,Netflix subscription via app
2019-03-22,Food,963.0,Uber to office cash
2020-12-06,Other Income,62403.0,Course fee cash
2021-06-06,Other Income,49899.0,Netflix subscription late
2019-08-15,Food,390.0,Uber to office
10/12/2022,Other Income,41436.0,Gift via app
12-10-20,Entertainment,860.0,Paid electricity bill
,Food,383.0,Paid electricity bill
02/24/2019,Other Income,52870.0,Dinner at resto
10/24/2019,Travel,1451.0,Paid electricity bill
2020-06-16,Rent,478.0,Monthly rent cash
October 08 2021,Entertainment,318.0,Netflix subscription
30-04-20,Savings,529.0,Monthly rent
12/04/2020,Others,441.0,Doctor visit
02/01/2020,Rent,291.0,Paid electricity bill late
September 03 2019,Food,807.0,Uber to office
August 17 2021,Rent,855.0,Salary cash
19-07-19,Travel,370.0,Dinner at resto 
2019-02-06,Rent,286.0,Paid electricity bill
03-10-19,Entertainment,136.0,Gift
05-03-22,Travel,1337.0,Dinner at resto
01-10-21,Bonus,45018.0,Gift
March 19 2020,Food,499.0,Salary
11/19/2020,Food,356.0,Salary
,Travel,380.0,Doctor visit late
04-11-20,Food,678.0,Gift
09/18/2022,Travel,251.0,Salary
10/27/2022,Rent,167.0,Uber to office
06/09/2021,Other Income,51767.0,Dinner at resto cash
07/04/2020,Food,1099.0,Course fee
30-07-21,Rent,156.0,Paid electricity bill
01/04/2019,Rent,114.0,Dinner at resto
2021-11-20,Food,196.0,a01n8SrTvj
2020-09-25,FFood,155.0,Dinner at resto
07/01/2022,Entertainment,2415.0,Course fee 
2022-04-01,Salary,53658.0,Uber to office
2020-06-01,Travel,1502.0,Paid electricity bill via app
February 12 2021,Tarvel,676.0,Dinner at resto
12/20/2020,Rent,1101.0,Paid electricity bill
23-03-20,Food,268.0,Doctor visit
04-03-20,Food,764.0,Salary
22-03-22,Other Income,55989.0,Gift
04/13/2019,Salary,63020.0,Dinner at resto
March 21 2021,Utilities,1149.0,Doctor visit late
31-12-21,Rent,107.0,Gift late
26-02-19,Bonus,63053.0,Grocery shopping
2020-10-16,Rent,652.0,Paid electricity bill late
January 30 2021,Rent,177.0,Uber to office cash
10-05-20,Food,1109.0,Paid electricity bill
September 28 2019,Food,1723.0,joUywaKv6e2x72PiKJW
2020-06-20,Education,161.0,Salary
,Rent,260.0,Paid electricity bill
2021-09-07,Travel,461.0,Salary
02/18/2020,Travel,312.0,Paid electricity bill 
09/22/2019,Food,2092.0,Gift via app
31-10-21,Utilities,1149.0,Paid electricity bill
August 06 2019,Food,8576.0,Salary
22-09-21,Food,799.0,Dinner at resto cash
October 12 2019,Food,265.0,Salary cash
08-11-21,Bonus,67109.0,Course fee late
September 19 2020,Food,136.0,Course fee
08/25/2020,Food,401.0,Dinner at resto
07-01-22,Food,612.0,Dinner at resto
11/25/2020,Food,855.0,Dinner at resto
April 19 2019,Food,191.0,Course fee
08/21/2020,Utilities,1502.0,Paid electricity bill late
2019-08-13,Rent,823.0,Gift
2021/02/16,Food,350.0,Doctor visit
2019-04-06,Other Income,57873.0,Salary
08/07/2019,Utilities,32.0,Paid electricity bill
12/19/2021,Others,136.0,Paid electricity bill late
2019-05-15,Fod,1515.0,Dinner at resto
2020-08-02,Rent,738.0,Grocery shopping late
28-02-19,Savings,68.0,IuDgko0OFfWsu6mVFVAt
September 22 2019,Rent,36.0,Paid electricity bill
October 09 2021,Savings,194.0,Gift
08/22/2021,Utilities,50.0,Salary
05/04/2019,Bonus,50049.0,Doctor visit cash
04/20/2019,Bonus,53396.0,Netflix subscription
05/31/2021,Food,30.0,Uber to office
2019-09-01,Health,343.0,Dinner at resto
2022-06-04,Food,677.0,Salary
07-11-21,Other Income,39089.0,Grocery shopping late
05/12/2019,Bonus,53252.0,Doctor visit cash
November 10 2020,Other Income,63877.0,Monthly rent
03/14/2021,Salary,47071.0,Course fee 
December 03 2020,Others,95.0,Dinner at resto via app
June 11 2019,Savings,254.0,Netflix subscription
2022-02-06,Utilities,155.0,Uber to office
25-07-21,Food,1196.0,Dinner at resto
03/01/2022,Savings,87.0,Uber to office
07/18/2019,Other Income,66950.0,Dinner at resto
June 13 2022,Food,926.0,Dinner at resto 
05/17/2021,Food,363.0,Grocery shopping
08/02/2022,Food,1148.0,Dinner at resto
05/03/2022,Utilities,268.0,Doctor visit
10/24/2021,Tarvel,98.0,Doctor visit
11/17/2021,Utilities,71.0,Netflix subscription
03/18/2022,Travel,1416.0,Dinner at resto
November 02 2021,Savings,106.0,Monthly rent
11/17/2021,Rent,730.0,Netflix subscription
2022-02-05,Food,39.0,Bo0tLP2ZB
09/22/2020,Rent,570.0,Monthly rent
2022-04-18,Food,654.0,Dinner at resto
30-01-22,Travel,604.0,Netflix subscription cash
,Foood,156.0,Netflix subscription
10/03/2022,Education,152.0,Doctor visit
2021-03-27,Utilities,88.0,Paid electricity bill
2020-08-02,Food,347.0,CVg3fVOB5GwH
11-01-20,RRent,394.0,Paid electricity bill
01/21/2021,Travel,1003.0,Netflix subscription
March 19 2022,Savings,192.0,Grocery shopping
10/24/2020,Other Income,66795.0,Course fee
10/12/2019,Entertainment,1962.0,Uber to office late
2022-10-19,Food,410.0,Course fee
August 01 2019,Rent,2898.0,Uber to office
15-01-22,Entertainmetn,67.0,Netflix subscription
31-12-21,Rent,766.0,tViW6900F
2019-10-31,Savings,559.0,Grocery shopping
13-02-21,Salary,73343.0,Paid electricity bill
2021-05-27,Rent,78.0,Paid electricity bill
02/10/2022,Food,1131.0,Netflix subscription 
08/31/2022,Food,92.0,Dinner at resto
22-01-22,Entertainment,194.0,Netflix subscription
2020-01-14,Food,348.0,Grocery shopping cash
December 08 2019,Rent,2457.0,Monthly rent
November 28 2019,Utilities,1133.0,Salary cash
08/07/2020,Food,2175.0,Uber to office
June 25 2022,Food,579.0,Doctor visit
08/03/2019,Food,397.0,Course fee
13-04-20,Entertainment,541.0,Netflix subscription
07-03-21,Rent,185.0,Course fee
December 30 2022,Utilities,1162.0,Paid electricity bill
December 05 2022,Food,251.0,Monthly rent
2020-06-17,Entertainment,969.0,Uber to office
2020-07-04,Rent,354.0,Gift cash
04-02-19,Travel,1978.0,Paid electricity bill cash
05/08/2020,Travel,1192.0,Doctor visit via app
December 07 2021,Food,3093.0,Grocery shopping
2019-11-11,Food,580.0,Salary
May 18 2022,Rent,149.0,Netflix subscription
2022-05-23,Food,226.0,Doctor visit 
2022-02-09,Food,190.0,Netflix subscription
11/16/2020,Travel,,Dinner at resto
06/02/2022,Travel,715.0,Dinner at resto cash
02/21/2021,Food,105.0,Salary
December 19 2022,Other Income,66491.0,Doctor visit
2022-08-08,Other Income,84268.0,Grocery shopping via app
2021-02-21,Utilitiees,87.0,Course fee
05-07-22,Travel,,Netflix subscription cash
31-03-22,Bonus,52840.0,Doctor visit 
06-08-21,Travel,726.0,Course fee cash
August 20 2022,Food,824.0,Grocery shopping
25-11-21,rTavel,945.0,Gift
07/03/2022,Rent,30.0,Paid electricity bill
2019-10-01,Rent,77.0,Uber to office
2019-04-04,Rent,17.0,Course fee via app
02/27/2019,Food,1661.0,Dinner at resto
2019-12-26,Travel,473.0,Doctor visit 
2020-01-24,Travel,687.0,Dinner at resto cash
27-01-21,Rent,200.0,Netflix subscription
05/25/2022,Rent,220.0,Salary late
May 05 2021,Travel,5021.0,Grocery shopping cash
2020-04-11,Education,108.0,Grocery shopping late
04-01-20,Salary,64352.0,Monthly rent via app
23-11-19,Utilities,315.0,Paid electricity bill
07/28/2019,Food,464.0,Netflix subscription
2021-02-04,Food,113.0,Doctor visit
07/12/2020,Food,264.0,Gift
2019-12-10,Rent,277.0,Uber to office
09/23/2019,Travel,1552.0,Netflix subscription
2019-11-06,Salary,69496.0,Monthly rent
2019-06-18,Food,505.0,Paid electricity bill
08-01-20,Salary,70862.0,Grocery shopping 
03/03/2022,Food,364.0,Paid electricity bill
03-11-22,Entertainment,1056.0,Dinner at resto 
2020-05-28,Rent,265.0,Doctor visit
2021-06-20,Salary,32030.0,LXbcG3vaC3P
02-11-20,Rent,1581.0,Course fee via app
11-04-22,Rent,253.0,Paid electricity bill
2022-03-15,Travel,372.0,Netflix subscription
08-01-22,Utilities,398.0,Salary
04/20/2020,Education,15.0,Grocery shopping
04/20/2019,Traavel,9088.0,Doctor visit
2022-02-14,Food,209.0,Gift
15-09-22,Bonus,63816.0,Fk3TCdvz7ud
03/01/2021,Utilities,133.0,Uber to office
25-01-20,Rent,1427.0,Dinner at resto
31-12-19,Rent,999999.0,Uber to office 
2021-12-15,Other Income,35961.0,Netflix subscription
August 06 2020,Rent,485.0,Netflix subscription 
09/25/2021,Others,309.0,Monthly rent
10/04/2022,Food,382.0,Course fee
2020-09-22,Health,278.0,Gift via app
26-01-19,Other Income,49772.0,Netflix subscription
07/07/2019,Others,202.0,Dinner at resto
2021-08-24,Food,2557.0,Salary
April 11 2020,Food,372.0,Netflix subscription 
2022-03-13,Education,133.0,pKBC8lTVYtxl4B
2021-01-13,Travel,242.0,Grocery shopping cash
15-11-19,Others,362.0,Monthly rent late
18-10-20,Rent,233.0,Monthly rent
January 05 2020,Travel,421.0,Dinner at resto
21-06-21,Food,57.0,Paid electricity bill via app
2020-11-05,Utilities,135.0,Course fee
24-07-20,Entertainment,2937.0,Grocery shopping
2019-07-23,Food,693.0,Uber to office 
06/08/2020,Savings,155.0,Netflix subscription 
12/11/2021,Utilities,79.0,Gift
06/21/2021,Utilities,626.0,Paid electricity bill
,Rent,978.0,Salary via app
2020-03-29,Food,341.0,Grocery shopping
2021-10-21,Rent,649.0,Grocery shopping
11/29/2021,Rent,390.0,Uber to office
10/26/2020,Food,624.0,Grocery shopping
10/26/2022,Entertainment,259.0,Paid electricity bill
2020-02-19,Food,360.0,Grocery shopping
January 14 2019,Rent,180.0,Dinner at resto
09-08-19,Other Income,45446.0,Gift via app
May 31 2022,Food,7275.0,Gift
12/08/2019,Salary,73965.0,Doctor visit
29-03-19,Utilities,184.0,Dinner at resto
04/26/2021,Food,280.0,Doctor visit
21-04-22,Entertainment,177.0,Monthly rent
December 30 2021,Other Income,35109.0,Paid electricity bill via app
2020-07-24,Food,187.0,Course fee
,Rent,242.0,Monthly rent
2021-08-09,Food,222.0,Paid electricity bill via app
07/02/2019,Utilities,1563.0,Monthly rent
2020-02-08,Entertainment,1752.0,Paid electricity bill
14-08-22,Rent,562.0,Dinner at resto
06/27/2021,Food,1317.0,Course fee late
2019-06-12,Salary,54653.0,Course fee late
04-11-19,Others,667.0,Gift late
05/06/2020,Food,588.0,Gift
04-06-20,Travel,1299.0,Paid electricity bill
2020-01-16,Rent,228.0,Course fee
April 10 2021,Food,174.0,Salary
16-01-22,Health,45.0,Netflix subscription 
07/06/2021,Rent,178.0,Netflix subscription
29-06-22,Food,726.0,Doctor visit
05-02-22,Travl,,Paid electricity bill via app
04/01/2019,Rent,1005.0,Doctor visit late
September 29 2019,Savings,526.0,Doctor visit
07/23/2022,Food,328.0,Salary
March 16 2021,Food,375.0,Dinner at resto
February 23 2022,Salary,42325.0,Grocery shopping
2022-12-29,Food,1949.0,Monthly rent
13-12-20,Education,2400.0,Salary
December 07 2022,Others,169.0,Course fee
April 01 2020,Rent,759.0,Uber to office
16-07-22,Utilities,315.0,Uber to office
14-07-22,Entertainment,1426.0,Dinner at resto
05/15/2021,Food,235.0,Uber to office
August 14 2020,Other Income,72568.0,Dinner at resto cash
28-01-20,Food,125.0,Grocery shopping cash
06-07-19,Other Income,65777.0,Uber to office 
2021-12-25,Rent,176.0,Gift via app
August 26 2022,Entertainment,198.0,Gift 
2020-05-29,Rent,815.0,Doctor visit
2022-06-20,Salary,61382.0,S5Vvh0IAV8JqEEN
06/09/2021,Food,1439.0,Course fee
2020-02-15,Entertainment,429.0,KuAzhNaQZOhQuzG2L6Aj
2022-11-17,Food,114.0,Paid electricity bill
August 03 2022,Savings,2967.0,Grocery shopping
July 05 2019,Education,1774.0,Monthly rent
2020-03-22,Utilities,138.0,Monthly rent
2019-10-30,Bonus,41076.0,Gift
02/18/2019,Food,351.0,Monthly rent via app
October 26 2021,Salary,57068.0,Monthly rent
01/20/2019,Food,321.0,Course fee
2022-06-07,Food,643.0,Grocery shopping
29-03-22,Food,137.0,S90NYf3wqa66
2019-05-25,Savings,1025.0,QwlDfTP7k1vRoaL4F4mP
29-06-19,Utilities,165.0,Monthly rent
January 26 2021,Savings,186.0,Uber to office
16-05-20,Utilities,106.0,Paid electricity bill
July 15 2022,Food,480.0,Paid electricity bill
2021-05-21,Salary,65941.0,Uber to office
November 29 2020,Rent,369.0,Course fee
02/22/2020,Travel,1314.0,Doctor visit
02/28/2022,Rent,908.0,Netflix subscription
2020-09-24,Utilities,66.0,Netflix subscription
September 06 2021,Food,76.0,Dinner at resto via app
23-08-21,Food,4207.0,Doctor visit
05/12/2021,Savings,530.0,Gift late
January 06 2020,Salary,31607.0,G37EFPMoP1SPj
2019-06-11,Food,384.0,Grocery shopping
2021-08-17,Salary,60309.0,Paid electricity bill
07/24/2020,Utilities,1377.0,Monthly rent
2020-10-28,Food,413.0,ISNQu0Rkmz68kO
2021-06-03,Rent,71.0,Salary
April 29 2022,Food,1428.0,c27Yxk7VFAI4MAOi8M
11-06-19,Food,1147.0,Netflix subscription
2020-11-18,Utilities,360.0,Grocery shopping
01/29/2022,Rent,188.0,6cjlfs9IqjP
2020-10-29,Rent,170.0,Salary
06/15/2020,Other Income,50959.0,Gift
09/01/2019,Travel,566.0,Paid electricity bill
2019-08-19,Trvael,133.0,Uber to office
10/03/2022,Health,131.0,Netflix subscription late
08-02-22,Travel,927.0,Monthly rent 
September 08 2019,Other Income,67648.0,Course fee
12/12/2022,Utilities,46.0,Netflix subscription cash
01-07-19,Other Income,34858.0,LqbcFYUKJrbcyrjAeqXh
04/12/2022,Utilitiies,666.0,Dinner at resto
2021-05-30,Entertainment,531.0,Gift
07/20/2021,Utilities,73.0,Monthly rent
,Savings,268.0,JiXvJMPc
07/19/2020,Savings,583.0,Monthly rent
2020-06-14,Food,2070.0,Netflix subscription
22-09-21,Food,275.0,Salary
February 17 2021,Rent,286.0,Gift
30-07-19,Savings,407.0,Course fee 
2019-08-21,Rent,220.0,Salary
03-08-19,Rent,623.0,Salary
01/26/2022,Entertainment,59.0,Dinner at resto cash
2019-11-27,Others,61.0,Gift
26-03-22,Entertainment,490.0,Uber to office
09/14/2022,Utilities,284.0,Salary late
11/26/2021,Food,579.0,Doctor visit
12-01-21,Travel,238.0,Monthly rent
November 29 2019,Savings,,Grocery shopping cash
2020-05-01,Food,649.0,Course fee
2022-09-27,Food,1449.0,Grocery shopping
04/30/2020,Bonus,55228.0,Paid electricity bill
2020-01-19,Food,197.0,Course fee 
04/06/2022,Travel,87.0,Gift
06-12-20,Rent,496.0,Gift
2019-07-30,Travel,241.0,Netflix subscription
2020-12-14,Entertainment,3120.0,Course fee
11-03-22,Rent,69.0,Gift
2020-11-02,Travel,1222.0,Grocery shopping
08/30/2021,Fod,1735.0,Uber to office via app
2019-08-28,Food,332.0,Doctor visit
March 08 2020,Utilities,263.0,Grocery shopping cash
21-01-22,rTavel,445.0,Course fee
09/20/2021,Others,451.0,Gift
05/22/2021,Bonus,55696.0,wrtNwNAsp5soaza
2020-09-17,Food,26.0,mxjLAqYPj1ArDTGI0iVH
17-05-20,Education,1554.0,Dinner at resto
11/07/2021,Utilities,1023.0,Uber to office
03/01/2021,Rent,176.0,Dinner at resto
2021-04-29,Food,546.0,Doctor visit 
2022-06-24,Food,564.0,Doctor visit via app
2020-04-03,Trvel,299.0,Grocery shopping
11-03-20,Food,1184.0,Uber to office
08/09/2022,Food,147.0,Salary 
18-08-19,Saavings,435.0,5PSVpAwq8iR
2019-08-24,Food,249.0,Course fee 
2022-02-09,Food,254.0,Doctor visit
10/26/2022,Travel,1602.0,8jAPYA1gZeb3Zcz3
July 27 2019,Rent,474.0,Course fee
2020-01-28,RRent,1324.0,8M0VDhAbUlEdCC6NRzP
21-10-22,Other Income,70317.0,Grocery shopping
2020-05-22,Utilities,766.0,Netflix subscription
July 08 2021,Food,368.0,Paid electricity bill via app
,Utilities,467.0,Monthly rent
12/09/2021,Food,200.0,Grocery shopping
August 03 2019,Food,281.0,Course fee 
10-06-20,Savings,38.0,Doctor visit
2019-03-07,Food,118.0,Course fee
December 16 2022,Food,209.0,ossRbcoyP226TTiT7I9
08/07/2019,Utilities,183.0,Grocery shopping via app
06-10-19,Travel,237.0,Dinner at resto late
21-04-21,Utilities,10079.0,Salary
12/30/2019,Travel,1204.0,yUb4v1ODvQd
August 03 2019,Salary,80555.0,Monthly rent
2022-06-29,EEntertainment,147.0,Gift
October 25 2022,Food,1599.0,Monthly rent late
07/07/2021,Fod,2277.0,Grocery shopping
2021-03-17,Education,382.0,Course fee
2019-09-23,Food,250.0,Paid electricity bill
September 07 2019,Food,195.0,Monthly rent
03-04-20,Travel,476.0,Salary
12-04-22,Savings,75.0,Grocery shopping
2022-01-29,Travel,65.0,Salary
31-01-20,Rent,565.0,Paid electricity bill
2022-10-09,Food,34.0,Monthly rent
11-12-21,ent,2181.0,Netflix subscription
01/04/2022,Foood,323.0,Paid electricity bill
03/29/2022,Food,369.0,Monthly rent
2021-01-15,Food,247.0,Doctor visit
2021-05-08,Salary,54907.0,uB8cURCsV
08/12/2022,Bonus,46730.0,Gift late
06/23/2021,Entertainment,104.0,Paid electricity bill
30-06-21,Bonus,50170.0,Doctor visit
05/20/2020,Travel,793.0,Grocery shopping
29-01-21,Food,2686.0,Grocery shopping
05/30/2022,Entertainment,215.0,Grocery shopping
03-04-19,Food,935.0,Course fee
05/02/2022,Rent,83.0,Paid electricity bill
25-04-22,Utilities,49.0,Dinner at resto 
23-03-22,Food,2804.0,gqRaa9iqPtqYq5
02-08-20,Food,440.0,Dinner at resto cash
31-08-21,Entertainment,164.0,Doctor visit
07/13/2019,Other Income,59490.0,Gift
2021-03-01,Food,326.0,Gift
10/28/2021,Utilities,156.0,Uber to office
2022-01-09,Travel,305.0,Dinner at resto
04-06-19,Tarvel,479.0,PUv9srJOPsBC7
22-08-21,Rent,240.0,Grocery shopping
27-10-22,Savings,384.0,Netflix subscription
28-04-20,Education,286.0,Gift
02/20/2022,Travel,93.0,Course fee
19-04-21,Rnet,393.0,Doctor visit
10/14/2020,Travel,238.0,Course fee
28-07-19,Food,306.0,Grocery shopping
07/14/2021,Rent,99.0,Dinner at resto
06/18/2022,Salary,55648.0,Netflix subscription
26-11-20,Salary,78808.0,Dinner at resto
06/22/2020,Rent,146.0,Netflix subscription
2019-04-30,Travl,218.0,Course fee
06/16/2022,Rent,1600.0,Netflix subscription
17-09-22,Entertainment,1329.0,Monthly rent
08/17/2022,Rent,136.0,Gift
2022-08-06,Food,860.0,Netflix subscription
10/12/2021,Savings,510.0,Doctor visit
22-02-19,Rent,3024.0,Gift via app
2022-11-11,Food,525.0,Netflix subscription via app
July 26 2022,Food,132.0,Dinner at resto
2022-12-23,Entertainment,355.0,Course fee
02/12/2022,Food,307.0,Gift
2020-04-15,Reent,406.0,Grocery shopping
04/12/2019,Travel,9470.0,uZlBQiajiESm
06/11/2019,Rent,147.0,Monthly rent
01/11/2022,Bonus,77270.0,Netflix subscription 
09/03/2021,Helath,16.0,Gift cash
30-12-22,Rent,148.0,Gift
08/21/2020,Travel,656.0,Uber to office
2021-04-19,Foodd,158.0,Grocery shopping cash
09/09/2020,Rent,297.0,Course fee late
11/28/2020,Food,316.0,Course fee via app
July 25 2019,Food,157.0,Course fee
04/09/2020,Food,282.0,Paid electricity bill via app
2021-10-05,Food,121.0,Paid electricity bill late
05-11-19,Rent,277.0,Dinner at resto late
30-03-20,Savings,1298.0,Grocery shopping
08/10/2019,Others,711.0,Netflix subscription
25-05-19,Savings,1576.0,Netflix subscription
08/05/2019,Entertainment,184.0,Grocery shopping
2020-05-10,Rent,32.0,Paid electricity bill
12/05/2020,Others,,Monthly rent late
2019-04-16,Rent,149.0,Uber to office
11/24/2020,Utilities,110.0,Gift
June 04 2020,Food,168.0,Salary
2021-10-13,Health,125.0,Grocery shopping
11/11/2020,Rent,460.0,Salary
2022-07-16,Travel,2043.0,Salary
23-10-19,Utilities,569.0,Salary cash
,Others,924.0,Gift
10/31/2019,Food,333.0,Monthly rent
June 16 2020,Entertainment,789.0,acDe9Bkpk1qg
02/02/2021,Food,293.0,Course fee late
07/22/2021,Travell,150.0,Monthly rent
2020-12-11,Utilities,515.0,Salary late
2019-03-13,Rent,446.0,Course fee
07-12-20,Other Income,57230.0,3hB3WBoM49fjv1KHyNaY
06/24/2019,Entertainment,416.0,Netflix subscription late
2020-03-27,Other Income,36138.0,Dinner at resto
December 09 2020,Bonus,69010.0,Netflix subscription
2022-05-05,Rent,500.0,Paid electricity bill late
03/16/2020,Entertainment,76.0,Uber to office cash
2019-08-22,Food,1259.0,Uber to office
February 16 2020,Entertainment,374.0,Uber to office
September 23 2019,Others,287.0,Monthly rent
2021-02-07,Food,374.0,Netflix subscription
2019-01-17,Utilitiess,437.0,Uber to office
05/18/2020,Bonus,67890.0,Paid electricity bill
31-08-22,Savings,1356.0,Grocery shopping
08/14/2020,Travel,740.0,Uber to office 
16-12-20,Food,397.0,Gift
07/04/2022,Foo,7864.0,rgGq12fm3nyP7
01/01/2021,Utilities,2213.0,Gift
08/13/2022,Food,355.0,Salary
November 14 2021,Food,170.0,Monthly rent
16-05-21,Food,75.0,Grocery shopping
September 07 2020,Rent,2510.0,XFEQmrlD5DAD
07/11/2019,Travel,1073.0,Uber to office late
04/27/2021,Food,582.0,Paid electricity bill
23-04-21,Rent,2185.0,Monthly rent
27-11-22,Food,1471.0,Paid electricity bill
08/11/2020,Food,523.0,AZyOvs70QynHuWz
04-11-20,Travel,306.0,Netflix subscription cash
15-06-22,Utilities,3782.0,Paid electricity bill cash
2019-04-21,Utilities,541.0,cSlMBuXm2voZ
2020-12-31,Other Income,58913.0,Dinner at resto
11/10/2020,Food,156.0,Monthly rent via app
May 10 2020,Savings,58.0,Paid electricity bill late
2020-11-17,Rent,1206.0,Salary
30-12-19,Salary,69558.0,FDjU6ZWhYnzuRg
26-06-20,Rent,747.0,Gift
05/20/2019,Travel,436.0,Paid electricity bill
01/30/2021,Entertainment,414.0,Doctor visit
2021-08-20,Food,610.0,Uber to office via app
2019-04-17,Others,520.0,Uber to office
06/07/20,Food,227.0,Grocery shopping
12/09/2021,Food,365.0,Doctor visit
,Rennt,370.0,Paid electricity bill late
06/15/2020,Education,358.0,Gift
2020-01-06,Health,158.0,Course fee
05/29/2019,Rentt,689.0,Monthly rent
2020-01-09,Food,512.0,zjOVq5bFEMHQzeI
2021-02-13,Utilities,1067.0,Monthly rent late
02/15/2022,Utilities,92.0,Netflix subscription late
29-05-20,Food,171.0,Netflix subscription 
23-10-21,Travel,678.0,Monthly rent
03-08-22,Education,1043.0,Salary 
10-04-20,Entertainment,1118.0,FjCm4Ph0OEmnJAxpvQ
March 06 2021,Utilities,800.0,fdNyYvsy0U2wJ7zrW
2021-10-30,Rent,937.0,Doctor visit
21-08-19,Savings,315.0,Dinner at resto
September 19 2022,Utilities,341.0,Monthly rent
06-07-20,Food,1256.0,I9LKa1PtzIp16zR
March 08 2019,Food,21.0,Salary
March 06 2021,Food,2469.0,Uber to office
26-08-19,Utilities,551.0,Gift
26-09-22,FFood,345.0,Paid electricity bill
2020-01-10,Food,877.0,Doctor visit
2019-01-02,Salary,69896.0,Doctor visit 
15-11-19,Others,78.0,Grocery shopping late
2022-01-03,Rent,260.0,Grocery shopping
2021-01-20,Utilities,917.0,hilP5Yyb3d7tBM84Vv
11/30/2021,Others,360.0,Salary
09/19/2020,Other Income,81994.0,Dinner at resto
07/16/2022,Utilities,301.0,Paid electricity bill
April 14 2021,Education,29.0,Course fee
01-12-20,Salary,40121.0,Course fee via app
May 22 2021,Travel,362.0,Gift
2020-02-07,Food,116.0,HrKPu8H3TVKBJ
12-02-22,Food,3492.0,Netflix subscription
05/06/2021,Food,189.0,Paid electricity bill late
2022-05-15,Savings,2214.0,Doctor visit
2019-04-29,Rent,405.0,Dinner at resto
2021-02-11,Travel,6725.0,Paid electricity bill
2020-04-15,Travel,314.0,Doctor visit
06/05/2021,Other Income,59089.0,Course fee cash
2019-10-01,Utilities,-451.0,Doctor visit cash
22-10-21,FFood,271.0,Dinner at resto
March 25 2021,Food,,Gift late
2020-10-25,Food,1483.0,Grocery shopping
2022-02-27,Entertainment,859.0,Salary
09/21/2020,Savinngs,384.0,Uber to office
04-09-19,Rent,704.0,Doctor visit via app
01/22/2019,Rent,2047.0,Uber to office
10/09/2021,Salary,75743.0,Uber to office via app
02/15/2019,Rent,725.0,Gift
22-04-20,Travel,205.0,Grocery shopping
2021-01-21,Rent,763.0,Doctor visit via app
08/10/2020,Bonus,49929.0,Dinner at resto
05/21/2019,Other Income,52644.0,SFBuXGYh35
2020-05-05,Entertainment,1072.0,Gift
2022-10-19,Rent,129.0,Uber to office
06/09/2020,Rent,316.0,Dinner at resto
05-12-21,Other Income,61011.0,Gift
03/16/2021,Entertainment,39.0,Uber to office 
04/01/2019,Rent,286.0,Doctor visit
15-01-22,Rent,894.0,Uber to office
16-01-21,Entertainment,109.0,Grocery shopping
29-12-22,Foodd,811.0,gQ9QhxIMh
03/29/2022,Food,312.0,Paid electricity bill late
2019-12-05,Rent,89.0,Course fee
24-10-20,Utilities,375.0,EmUTTcGjZG6jZFEoon
16-02-19,Rent,808.0,Paid electricity bill
11/09/2022,Other Income,51275.0,Doctor visit late
10/29/2021,oFod,82.0,Salary
2021-01-08,Food,23.0,Paid electricity bill cash
09/23/2019,Entertainment,586.0,Uber to office cash
2019-02-17,Bonus,70894.0,Monthly rent
05/25/2022,Entertainment,209.0,Salary
2020-04-15,Travel,607.0,Netflix subscription
28-02-20,Education,258.0,Monthly rent
11/19/2019,Food,1263.0,Monthly rent cash
15-12-20,Utilities,126.0,Doctor visit
04-05-20,Others,613.0,Salary
07/28/2020,Utilities,2650.0,Gift
09/06/2022,Others,891.0,Doctor visit
11/22/2022,Food,2316.0,Doctor visit
05/01/2020,Other Income,55607.0,Salary 
December 18 2021,Utilities,1923.0,Monthly rent
April 29 2019,Savings,305.0,Doctor visit
09/26/2019,Foood,791.0,Monthly rent
02/26/2019,Food,63.0,Paid electricity bill
03/27/2021,Food,522.0,Gift
,Salay,39079.0,Gift
11/01/2021,Food,408.0,Monthly rent
April 16 2019,Rent,2195.0,Monthly rent late
05/03/2020,Utilities,1429.0,Salary
2021-04-04,Utilities,529.0,Netflix subscription
15-01-21,Rent,460.0,KcCss7Gmv98MjD
03/17/2020,Bonus,59082.0,Uber to office 
18-06-21,Travel,273.0,Salary
August 11 2020,Food,80.0,Doctor visit
11/19/2020,Other Income,63077.0,Dinner at resto late
03-01-22,Education,584.0,Grocery shopping cash
2019-02-07,Travel,340.0,Dinner at resto
2022-01-03,Food,734.0,Doctor visit
2022-05-31,Others,344.0,Dinner at resto
16-12-19,Travel,2267.0,Dinner at resto
April 28 2021,Salary,40092.0,Gift
05/24/2022,Others,1018.0,EuprXONLH8VCz
01/07/2021,Rent,914.0,Paid electricity bill
2019-09-07,Rent,7600.0,Monthly rent
2020-09-06,Travel,91.0,Salary
May 23 2021,Food,132.0,Salary
2019-03-13,Entertainment,346.0,Salary
2021-03-07,Salay,69043.0,Paid electricity bill
23-03-21,Bonnus,47298.0,Gift
22-03-21,Savings,570.0,Dinner at resto
31-05-19,Food,,Paid electricity bill
18-06-20,Food,134.0,Doctor visit
2022-12-01,Travel,811.0,Salary 
03/14/2020,Utilities,2292.0,Gift
November 02 2019,Travel,615.0,Uber to office via app
March 17 2020,Rent,186.0,Monthly rent
24-03-20,Travel,3831.0,Dinner at resto cash
2019-05-22,Food,242.0,Gift
2020-09-21,Food,659.0,Gift
30-03-20,Food,656.0,Paid electricity bill
September 09 2020,Salary,67118.0,Paid electricity bill
02/21/2020,Food,159.0,Doctor visit
08/27/2022,Food,152.0,Dinner at resto
16-10-22,Entertainment,73.0,Gift
13-04-19,Rent,221.0,Netflix subscription
08-11-21,Utilities,186.0,Paid electricity bill
07-05-20,Oter Income,60371.0,Netflix subscription
December 11 2019,Utilities,37.0,Grocery shopping
2022-02-13,Entertainment,1141.0,Salary
07/05/2020,Travel,134.0,Grocery shopping via app
2022-08-08,Utilities,754.0,Dinner at resto
2021-04-21,Food,2154.0,Gift 
2020-06-08,Food,1223.0,Netflix subscription
04-08-21,Health,65.0,dF2CPmp0J0oWH8otFFj
31-03-20,Savings,516.0,Salary
,Food,1527.0,Netflix subscription late
2020-09-18,Travel,1048.0,Netflix subscription via app
May 16 2020,Food,399.0,Course fee
02/10/2020,Rent,235.0,Uber to office
05-06-22,Bonus,59325.0,Monthly rent
04/08/2019,Other Income,15985.0,Gift 
2020-04-14,Salary,61074.0,Monthly rent
09/05/2019,eRnt,1762.0,Uber to office late
08/15/2021,Entertainment,57.0,Monthly rent
2022-07-11,Utilities,235.0,Course fee
,Rent,448.0,Doctor visit
10-05-20,Rent,494.0,Dinner at resto 
2022-08-07,Bonus,61250.0,PH4d248cTqCOawah45xb
September 23 2022,Travel,1045.0,6a9U3LhY
2020-12-28,Food,133.0,Paid electricity bill
2019-03-26,Food,62.0,Salary
05/25/2022,Rent,220.0,Salary late
November 07 2022,Other Income,41974.0,Grocery shopping
September 10 2020,Rent,3952.0,Doctor visit
08/17/2020,Food,498.0,JDhboxn7WEZGJxjmG0F
08/21/2021,Rent,455.0,wDnwlLx2iCBA9i
09/30/2020,Food,378.0,Dinner at resto
14-03-19,Food,139.0,Monthly rent via app
04/20/2022,Entertainment,210.0,Netflix subscription
18-10-19,Savings,284.0,Dinner at resto via app
November 14 2020,RRent,293.0,Doctor visit
April 15 2021,Rent,907.0,Course fee
2022-07-17,Rent,622.0,Netflix subscription
June 09 2021,Rent,-376.0,Uber to office
23-08-21,Rent,77.0,Doctor visit 
February 23 2022,Others,118.0,Dinner at resto
April 10 2020,tilities,61.0,Doctor visit
May 31 2022,Other Income,50302.0,Uber to office
2019-12-18,Food,2841.0,Dinner at resto via app
,Travell,346.0,Monthly rent
2021-04-27,Others,948.0,Dinner at resto
2019-07-19,Traavel,126.0,Salary
07/20/2019,Food,682.0,Grocery shopping
2020-11-26,Rent,504.0,Dinner at resto
2020-12-12,Education,178.0,Paid electricity bill
04/07/2021,Rent,312.0,Salary cash
01/05/2021,Food,80.0,Monthly rent
28-04-20,Education,143.0,CzkdIaH54elfKKn8obC5
2019-12-09,Rent,1042.0,Uber to office
12/18/2020,Salary,69944.0,Paid electricity bill
2022-08-20,Others,552.0,Doctor visit
May 22 2022,Rent,158.0,Course fee cash
07/30/2022,Bonus,64697.0,Uber to office
12/30/2021,Food,412.0,Doctor visit
03/12/2021,Entertainment,1324.0,Grocery shopping
29-05-19,Rent,59.0,Dinner at resto late
2021-01-20,Food,284.0,Uber to office late
08/04/2019,Retn,875.0,Dinner at resto
04/05/2022,Travel,389.0,Course fee via app
22-12-21,Salry,55079.0,Monthly rent
05/10/2019,Food,72.0,Grocery shopping 
May 27 2021,Food,274.0,Course fee cash
2021-03-26,Bonus,75612.0,Paid electricity bill
03/07/2022,Travel,948.0,Dinner at resto
04/11/2019,Rent,118.0,HCYQ2rCmF
03/12/2019,Other Income,43924.0,Doctor visit 
10-12-19,Food,1297.0,uM0yF1vVlgJQE5xSH6iK
,Bonus,53760.0,Yv7dj52uiJA
06/27/2019,Rent,3299.0,Course fee
01/09/2022,Rent,1368.0,Monthly rent
07/15/2019,Utilities,1420.0,Monthly rent
2021-07-16,Travel,529.0,Gift
02-06-19,Food,601.0,Grocery shopping 
05/01/2022,Rent,150.0,Netflix subscription
01/01/2019,Other Income,81561.0,Gift
2022-05-03,Rent,480.0,Salary
May 13 2022,Food,61.0,Grocery shopping
September 27 2021,Food,103.0,Dinner at resto
10-05-22,Other Income,78788.0,Grocery shopping
02/27/2019,Savings,281.0,Paid electricity bill late
June 15 2020,Salary,38756.0,Uber to office
August 12 2022,Rent,155.0,Monthly rent
26-09-22,RRent,190.0,Course fee
12/25/2020,Rent,322.0,Dinner at resto via app
01/20/2022,Salary,55417.0,Uber to office 
2020-11-20,Rent,7947.0,Netflix subscription
March 01 2019,Rent,1012.0,Course fee
August 28 2020,Rent,2667.0,Paid electricity bill
12/28/2022,Rent,486.0,Course fee
2022-11-05,Food,80.0,Gift
January 08 2021,Others,2066.0,Salary
2021-12-07,Utilities,553.0,Netflix subscription
06/29/2020,Others,406.0,Doctor visit
March 04 2021,Salary,53293.0,Grocery shopping
2019-06-07,Entertainment,1228.0,gVZek8TPOi2Njfe
11/28/2019,Rent,184.0,Course fee
2019-10-16,Food,777.0,Netflix subscription 
2020-07-11,Travel,946.0,Grocery shopping 
2020-11-11,Entertainment,1042.0,Grocery shopping
May 18 2020,Utilities,376.0,Paid electricity bill late
04-09-20,Food,805.0,Uber to office
19-04-21,Savings,177.0,Doctor visit
21-04-20,Rent,866.0,Monthly rent cash
2019-08-30,Bonus,78259.0,Course fee
13-04-20,Rent,672.0,Dinner at resto cash
01-01-19,Rent,879.0,Salary
31-10-19,Rent,421.0,Doctor visit
December 03 2020,Other Income,57500.0,Course fee 
2021-09-04,Entetainment,66.0,Dinner at resto
2022-11-08,Bonus,74255.0,Monthly rent
2019-02-15,Travel,340.0,Paid electricity bill
28-08-22,Entertainment,1192.0,Paid electricity bill
31-08-22,Entertainment,484.0,Gift via app
October 08 2022,Rent,51.0,Netflix subscription via app
11-03-22,Salary,64705.0,Gift 
2020-05-04,Rent,3364.0,Gift
October 26 2019,Other Income,75167.0,Salary
July 13 2021,Travel,324.0,HlS6NoXrFhEE11K
2020-09-24,Travel,174.0,Paid electricity bill
2022-07-10,Food,855.0,M5DkwNltpNvHf
,Food,3019.0,fV5Uj6BvZc
05/13/2022,Bonus,44585.0,Gift
07/21/2021,Trave,630.0,Netflix subscription
22-09-19,Rent,236.0,0yWzwJnMTMYL
January 01 2021,Health,193.0,Netflix subscription
01-05-22,Salary,55561.0,Doctor visit
2021-08-28,Rent,733.0,Salary cash
02/14/2019,Utilities,99.0,Gift
25-05-21,Utilities,941.0,vmG6c0ze2niOLv
2021-09-14,Other Income,84717.0,Course fee cash
11-09-21,Rent,172.0,Netflix subscription
2021-03-13,Utilities,167.0,Salary
01/22/2022,Food,750.0,Gift
17-12-22,Utilities,3383.0,Dinner at resto
12/07/2021,Food,136.0,Netflix subscription 
2020-03-12,Entertainment,15.0,Gift
February 21 2021,Travel,384.0,Monthly rent
03-12-20,Other Income,59296.0,Dinner at resto
01-05-22,Entertainment,167.0,Paid electricity bill
2022-11-17,Travel,403.0,Salary
09/07/2020,Bonus,57841.0,Paid electricity bill late
June 20 2021,Others,357.0,Salary cash
07/25/2020,Travel,581.0,Uber to office
10/27/2020,Trvael,451.0,Netflix subscription cash
,Food,655.0,Monthly rent
2019-09-11,Rent,444.0,Dinner at resto
2022-02-16,Rent,1871.0,Doctor visit late
2022-01-17,Food,777.0,Salary via app
02/20/2021,Travel,131.0,Dinner at resto
2019-06-22,Rent,662.0,Dinner at resto cash
07/09/2019,Utilities,818.0,Paid electricity bill
2019-10-15,Bonus,58698.0,Dinner at resto
03/12/2020,Utilities,998.0,Netflix subscription
05/22/2019,Travel,392.0,Doctor visit
16-11-21,Salary,53651.0,Dinner at resto
02-12-20,Others,105.0,Monthly rent
01/04/2021,Travel,646.0,Netflix subscription
11/12/2022,Rent,255.0,Salary
01/22/2021,Entertainment,196.0,Course fee
2021-12-03,Other Income,67801.0,Gift
2022-02-23,Education,210.0,Course fee via app
19-12-21,Health,159.0,Monthly rent cash
03-02-19,Food,176.0,Grocery shopping
2019-06-18,Salary,82595.0,Monthly rent
10/13/2020,Food,1363.0,Gift
December 22 2021,Other Income,102640.0,Grocery shopping via app
07/06/2020,Utilities,408.0,Uber to office
11-03-22,Rent,403.0,Paid electricity bill late
07-04-22,Travel,945.0,Dinner at resto 
16-11-21,Rent,2913.0,Gift
23-02-20,Health,453.0,Dinner at resto cash
04/08/2020,Utilities,418.0,Netflix subscription 
2020-02-03,Entertainment,813.0,Gift 
28-12-19,Rent,523.0,Salary late
2019-09-07,Savings,146.0,Grocery shopping
2021-09-11,alary,56068.0,Doctor visit
09-04-22,Rent,1663.0,Grocery shopping
07-09-22,Rent,292.0,Paid electricity bill
06/23/2022,Utilities,221.0,Paid electricity bill
2022-08-05,Rent,663.0,Dinner at resto
May 24 2021,Rent,33.0,Course fee cash
28-01-22,Food,314.0,Paid electricity bill
11/16/2020,Bonus,71726.0,Paid electricity bill late
2022-05-15,Savings,2214.0,Doctor visit
September 19 2021,Bonus,37303.0,Uber to office
09/28/2020,Bonus,52425.0,Doctor visit late
01-06-22,Food,194.0,Monthly rent cash
2022-11-11,Food,359.0,Gift
2019-04-02,Rent,310.0,Course fee
29-01-20,Entertainment,1009.0,Grocery shopping 
2019-03-29,Salary,43306.0,Dinner at resto via app
03-12-22,Savings,184.0,Gift
2021-01-24,Food,454.0,Monthly rent
09-05-19,Bonus,65788.0,Doctor visit via app
2021-01-08,Rent,311.0,VRYeGIzdX
07/27/2020,Food,138.0,Paid electricity bill
2019-03-06,Utilities,1330.0,Gift 
2022-05-31,Food,1578.0,Gift
05/30/2021,Food,489.0,Dinner at resto
10/08/2019,Food,117.0,Course fee cash
10-01-20,Travel,433.0,yZ5jNmI32rc0deWnpbe
September 05 2020,Health,211.0,Doctor visit
October 30 2022,Other Income,29719.0,Gift
2020-03-29,Rent,965.0,Salary late
06/28/2022,Rent,351.0,Grocery shopping
08/21/2019,Othres,534.0,Grocery shopping
05/25/2021,Food,1571.0,Doctor visit
24-10-19,Travel,1096.0,Grocery shopping 
29-03-19,Utilities,184.0,Dinner at resto
12/22/2021,Food,471.0,Doctor visit
2019-11-19,Ren,114.0,Doctor visit 
02-01-21,Food,116.0,Course fee 
,Food,371.0,Paid electricity bill
02/02/2022,Salary,70217.0,Dinner at resto 
10-02-20,Food,775.0,Uber to office
May 08 2019,Rent,273.0,Dinner at resto cash
22-04-19,Travel,259.0,Monthly rent via app
2021-01-10,Rent,194.0,Paid electricity bill
2021-06-04,Rent,60.0,Doctor visit
2019-06-19,Travel,298.0,Paid electricity bill
23-11-21,Rent,826.0,Monthly rent
22-05-20,Rent,1155.0,Gift
November 22 2022,Salary,51984.0,Monthly rent
2021-11-15,Food,151.0,Grocery shopping
10/14/2019,Rent,250.0,Monthly rent
11/28/2020,Rent,29.0,Salary
2020-01-19,Travel,2289.0,Uber to office
19-05-19,Bonus,51039.0,Course fee
10/05/2022,Rent,3709.0,EdywH8aKVth44
12/20/2021,Utilities,202.0,8AxepuWTIfBR8RGsW
2019-07-19,Svings,466.0,Gift
April 15 2020,Food,50.0,Netflix subscription
12/26/2020,Food,1073.0,Gift
2021-09-30,Savings,288.0,Monthly rent cash
2019-12-31,Bonus,69526.0,Gift
October 25 2019,Rent,287.0,Paid electricity bill
2019-11-18,Food,2263.0,Course fee via app
12/30/2019,Reent,469.0,Salary
26-01-20,Utilities,37.0,Salary
04/05/2022,Travel,318.0,Monthly rent
,Food,165.0,Netflix subscription 
December 29 2022,Health,669.0,Salary
12/18/2021,Food,1322.0,Course fee
17-08-19,Food,419.0,Course fee
2020-08-30,Salary,50859.0,Netflix subscription
February 17 2022,Food,333.0,Dinner at resto
15-07-21,Travel,79.0,Doctor visit
04/10/2020,Salary,54552.0,Monthly rent 
April 18 2020,Bonus,78345.0,NDHF8tdqNewIJtTKw
02-02-22,Travel,700.0,Doctor visit
09-11-20,Entertainment,131.0,Uber to office
08/17/2022,Travel,536.0,Monthly rent
May 03 2022,Utilities,737.0,Uber to office 
April 26 2022,Others,77.0,BqxPtAR949x0e
2019-03-11,Food,590.0,Monthly rent
06/21/2019,Salary,73184.0,Course fee late
2020-07-18,Rent,487.0,Monthly rent
06-12-19,Food,91.0,Gift
09/16/2021,Travel,1163.0,8kLqM2Mg
2020-03-04,Entertainment,354.0,Gift
09/11/2021,Utilities,62.0,Doctor visit
2022-05-24,Rent,397.0,Grocery shopping
09-01-21,Bonus,53190.0,Grocery shopping
March 14 2019,Food,947.0,Monthly rent cash
10/17/2021,Food,124.0,Gift
04-01-21,Travel,346.0,Course fee cash
01/06/2020,Health,947.0,Paid electricity bill
03/17/2019,Food,159.0,Dinner at resto
07/24/2019,Bonus,61893.0,Uber to office
18-10-19,Food,243.0,Doctor visit
05/22/2021,Rent,251.0,Gift
04-04-20,Others,313.0,Course fee
2020-03-08,Food,486.0,Monthly rent
10-03-21,Rent,772.0,Course fee
17-06-22,Rent,145.0,Netflix subscription 
2019-04-09,Travel,334.0,Doctor visit
12/03/2020,Utilities,1944.0,Netflix subscription
2021-01-31,Entertainment,,Uber to office late
,Savings,248.0,Paid electricity bill
,Travel,3940.0,Dinner at resto
03/06/2021,Rent,288.0,Salary 
December 31 2022,Travel,305.0,Course fee
09-05-19,Food,258.0,zAIeTurBqo21aVU5r5d
2021-01-18,Rent,571.0,Paid electricity bill
2019-12-06,Salary,62204.0,Netflix subscription
March 12 2021,Food,225.0,Dinner at resto 
2022-10-24,Rent,1261.0,Monthly rent
06/17/2021,Utiliities,337.0,Grocery shopping cash
,Food,152.0,Grocery shopping
25-07-22,Others,329.0,Course fee
09/17/2020,Food,919.0,Paid electricity bill
28-04-19,Entertainment,382.0,Salary
May 07 2020,Food,247.0,Dinner at resto
11-02-22,Rent,602.0,Salary 
16-09-21,Food,262.0,Doctor visit
12/08/2022,Utilities,114.0,Gift
2020-12-06,Salary,48747.0,Uber to office
03/25/2021,Rent,548.0,Doctor visit 
05-04-19,Utilities,163.0,Dinner at resto cash
11/04/2020,Rentt,96.0,YXa6Ktn7LLyBtkGfN
2020-11-25,Utilities,130.0,Grocery shopping
2021-11-16,alary,59445.0,Paid electricity bill
03/27/2019,Food,470.0,Netflix subscription
2022-10-28,Food,1628.0,Doctor visit
13-03-22,Bonus,45506.0,Netflix subscription
20-08-20,Others,129.0,Salary
07/03/2022,Food,132.0,Doctor visit
08/05/2021,Food,1242.0,Salary
11/02/2020,Rent,706.0,Dinner at resto late
2019-01-31,Food,569.0,Netflix subscription
2021-03-15,Rent,322.0,Course fee
2021-05-25,Rent,1046.0,Gift late
17-02-22,Rent,161.0,Monthly rent
2020-05-14,Health,240.0,Doctor visit
2021-06-11,Other Income,81568.0,Monthly rent
2019-05-21,FFood,3438.0,Monthly rent 
2019-06-28,Utilities,326.0,Netflix subscription 
04/03/2019,Salary,72799.0,Grocery shopping
05/20/2019,Food,50.0,Paid electricity bill
July 22 2021,Rent,283.0,Doctor visit 
February 23 2019,Food,575.0,Doctor visit 
03/03/2019,Others,536.0,Netflix subscription
20-12-19,Travel,106.0,Monthly rent late
July 23 2020,Bonus,26373.0,Uber to office
2019-06-23,Travel,296.0,Grocery shopping
03/21/2021,Food,367.0,Paid electricity bill
02/02/2022,Rent,671.0,Course fee
01/09/2022,Bonus,43509.0,Monthly rent
26-02-22,Food,149.0,Gift 
May 24 2022,Entertainment,90.0,Salary
2019-07-17,FFood,389.0,Grocery shopping via app
2019-12-08,Food,430.0,Gift
05/01/2021,Bonus,55008.0,Salary
08/20/2019,Rent,142.0,Salary
2021-10-19,Utilities,105.0,Grocery shopping cash
04-01-19,Savings,418.0,Course fee
2022-04-18,Bonus,44563.0,Course fee
November 11 2022,Food,-121.0,Uber to office 
10/17/2019,Utilities,204.0,Salary
15/11/20,Food,919.0,Paid electricity bill
20-01-22,Food,490.0,Uber to office 
March 16 2019,Food,206.0,Paid electricity bill
01-04-20,Travel,376.0,Monthly rent
01/01/2022,Travel,105.0,Paid electricity bill
2020-06-03,Entertainment,4432.0,Course fee
10/27/2020,Travel,255.0,Paid electricity bill 
02/11/2020,Food,8008.0,Monthly rent
July 20 2022,Others,616.0,Paid electricity bill
2019-09-29,Rent,274.0,Uber to office cash
02/25/2020,Entertainment,68.0,Doctor visit
2022-03-21,Travel,55.0,Course fee
11/12/2020,Utilities,2788.0,Course fee
15-02-20,Food,1772.0,Gift
01-03-20,Savings,1021.0,Grocery shopping
2020-09-24,Utilities,523.0,Dinner at resto
June 09 2020,Travel,221.0,Uber to office
2022-03-06,Food,,Paid electricity bill
15-02-21,Utilities,59.0,Course fee 
05/30/2020,Rent,170.0,Grocery shopping
26-09-19,Rent,93.0,Paid electricity bill
18-05-19,Salary,33520.0,Netflix subscription late
08/24/2022,Other Income,58974.0,5eXgc798j
2021-09-11,Salary,37942.0,Netflix subscription
2022-07-22,Utilities,401.0,Uber to office
2019-10-18,Rent,1418.0,Dinner at resto
2021-04-25,Utilities,140.0,Paid electricity bill 
2019-08-15,Food,1942.0,Netflix subscription
11/05/2020,Others,20.0,Course fee
2019-05-30,Savings,1842.0,Dinner at resto
2021-08-19,Salary,65437.0,Netflix subscription
04/23/2021,Others,130.0,Paid electricity bill
2020-04-29,Bonus,57548.0,Dinner at resto cash
29-06-20,Rent,1740.0,Doctor visit
2021-10-22,Food,132.0,Doctor visit
13-11-19,Food,289.0,Uber to office
February 08 2020,Travel,4244.0,Course fee
2021-06-12,Travel,999999.0,YMbXvUmHS7
2019-01-28,Travel,1380.0,Grocery shopping
06-06-20,Travel,196.0,Paid electricity bill
10-08-21,Othre Income,73884.0,Salary
07-08-22,Other Income,58331.0,Netflix subscription
2021-06-22,Rent,1688.0,Course fee 
April 16 2019,Salary,68683.0,Paid electricity bill via app
2020-05-03,Food,546.0,Doctor visit via app
,Travel,561.0,Uber to office
May 28 2022,Food,1143.0,Grocery shopping late
2022-07-19,Others,196.0,Doctor visit
11/05/2020,FFood,605.0,Uber to office 
11/04/2021,Rent,2257.0,Monthly rent
May 25 2020,Food,225.0,Uber to office
2022-07-10,Rent,995.0,Paid electricity bill
2022-08-06,Utilities,178.0,Gift cash
September 09 2021,Others,82.0,Gift
09/23/2020,Food,48.0,Paid electricity bill
11/11/2019,Travel,330.0,Gift
03/26/2019,Food,245.0,irIkfHohBlL1T
08/22/2019,Food,215.0,Course fee via app
2019-05-21,Rent,9053.0,Salary cash
16-08-21,Utilities,,Gift
2019-11-23,Travel,76.0,Course fee cash
2019-05-22,Salary,41265.0,Course fee 
2019-03-24,Food,184.0,Grocery shopping
19-01-19,Other Income,66818.0,Uber to office
2020-08-08,Entertainment,595.0,GoEg00ePziOR
2020-07-07,Others,575.0,Gift
2021-04-19,Salary,65717.0,Gift
24-01-21,Food,55.0,iY3LEqL6QdFAI3805S
07/26/2021,Food,1383.0,Uber to office
07/26/2022,Entertainment,162.0,Netflix subscription
2020-04-12,Rent,346.0,Grocery shopping
April 06 2022,Education,992.0,Course fee
2022-01-28,Other Income,48517.0,XknDTsHVf1C1Q0suC
04/13/2020,Food,610.0,Grocery shopping
04/24/2022,Bonus,70793.0,3iPhKl8J5VSY1owc5
28-02-21,Others,193.0,Gift
11/06/2022,Fod,599.0,Grocery shopping
28-02-19,Travel,1265.0,Paid electricity bill
2022-10-16,Entertainment,5381.0,Salary
July 02 2020,Food,8962.0,Course fee late
09-03-19,Food,581.0,Netflix subscription
2022-03-19,Health,1090.0,Grocery shopping via app
2019-05-05,Food,110.0,Paid electricity bill
2020-03-27,Other Income,63159.0,Course fee
14-01-20,Rent,514.0,Uber to office
03/26/2020,Food,344.0,Course fee cash
2021-04-08,Food,1848.0,Salary
30-11-21,Bonnus,64461.0,Grocery shopping
07/26/2022,Other Income,45697.0,Salary via app
05/02/2020,Salary,51477.0,Netflix subscription
December 29 2019,Entertainment,591.0,Salary
08/20/2020,Food,114.0,Uber to office
2019-11-24,Entertainment,966.0,Netflix subscription
24-06-21,Other Income,61018.0,Doctor visit
2021-11-29,Rent,177.0,Netflix subscription
November 21 2019,Food,746.0,6WiM7VjSIV1PBvx9JNYn
2019-05-23,Bonus,78143.0,Dinner at resto
15-09-19,Entertainment,348.0,Netflix subscription
2019-07-27,Food,923.0,Course fee
December 06 2022,Rent,774.0,Gift cash
January 07 2019,Utilities,525.0,Dinner at resto
10-11-21,Salary,58848.0,Netflix subscription 
15-09-22,Entertainment,222.0,Uber to office cash
2022-03-28,Rent,239.0,Course fee cash
2020-02-10,Rent,165.0,Paid electricity bill
July 05 2020,Foood,1316.0,Grocery shopping via app
05/14/2019,Others,841.0,Dinner at resto via app
24-10-20,Savings,464.0,Gift via app
2019-03-25,Bonus,68079.0,Dinner at resto via app
11/28/2022,Education,181.0,Netflix subscription
November 27 2021,Entertainment,1463.0,Doctor visit cash
2021-09-12,Rent,183.0,Netflix subscription
10/29/2019,Salary,57333.0,Monthly rent
2020-07-21,Travel,444.0,Paid electricity bill cash
2022-05-13,Rent,452.0,Paid electricity bill
2020-11-07,Food,311.0,Uber to office
June 22 2021,Salary,45405.0,yLMEhzumBaMun
08/22/2021,Utilities,213.0,Grocery shopping
2019-09-20,Rent,735.0,Dinner at resto
02-07-20,Food,6412.0,hUtQaiOnvA
2020-08-14,Others,367.0,Course fee
12/06/2022,Health,299.0,Dinner at resto
2020-05-09,Ret,113.0,Course fee
28-09-21,Salary,45926.0,Salary
12/10/2021,Rent,545.0,Uber to office
2022-01-16,Salary,72487.0,Gift 
26-10-20,Rent,1709.0,Gift
2019-07-27,Travel,,Gift via app
01/31/2020,tilities,175.0,Uber to office
07/26/2022,Entertainment,182.0,Grocery shopping late
04-10-21,Entertainment,123.0,Monthly rent
07/10/2020,Rent,1203.0,Netflix subscription late
February 20 2020,Rent,26.0,Salary via app
2019-01-30,Food,3085.0,Netflix subscription
09-09-22,Entertainment,392.0,Gift
08/17/2020,Rent,25.0,Gift
2020-04-28,Savings,1224.0,Grocery shopping via app
November 17 2019,Savings,44.0,Paid electricity bill cash
07/03/2019,Rent,455.0,Dinner at resto
2019-06-07,Rent,10158.0,Monthly rent
February 08 2021,Others,1364.0,Course fee 
01/14/2019,Bonus,51630.0,Grocery shopping late
01/26/2019,Rent,119.0,Monthly rent 
May 06 2021,Savings,117.0,Gift cash
10/24/2019,Travel,266.0,Doctor visit
31-03-20,Food,18.0,Uber to office via app
21-12-22,Rent,511.0,Monthly rent late
09/19/2020,Rent,344.0,Doctor visit
12/10/2021,Entertainment,3374.0,Paid electricity bill 
04/02/2022,Savins,93.0,Monthly rent
11/03/2021,Savings,430.0,Grocery shopping
06/04/2020,Rent,541.0,Gift late
02/21/2019,Utilities,215.0,Grocery shopping 
08/19/2019,Savings,499.0,Netflix subscription late
03/17/2021,Salary,57278.0,Gift
16-08-21,Rent,154.0,Netflix subscription cash
March 04 2019,Salary,69051.0,Gift
31-05-21,Utilities,840.0,Monthly rent
11/24/2021,Savings,473.0,Uber to office via app
31-08-22,Others,204.0,Dinner at resto
09/21/2021,Utilities,832.0,Paid electricity bill
January 19 2019,Reent,257.0,Uber to office
20-10-20,Rent,74.0,Netflix subscription via app
30-11-20,Travel,963.0,Course fee
02-02-21,Utilities,746.0,Salary cash
2022-12-16,Travel,351.0,yxk6Mgqskvdu7VPn
02/13/2020,Salary,35397.0,Salary late
05/10/2020,Food,69.0,Netflix subscription
25-05-20,Utilities,489.0,Dinner at resto
03/05/2020,Utilities,67.0,Salary
April 12 2020,Education,2523.0,Salary
2021-02-15,Savings,144.0,Monthly rent
,Rent,159.0,Salary
2019-08-05,Bonus,51330.0,Gift via app
12/26/2021,Fodo,579.0,Gift
11-07-22,Rent,284.0,Salary
26-01-22,Salaryy,,9b8UMjyQdRvlT7t
2022-05-26,Educcation,339.0,Paid electricity bill
2020-06-27,Entertainment,1308.0,Doctor visit
February 23 2020,Food,717.0,2zLMWnh03j7qGgL7
2020-08-29,Travel,224.0,Course fee
06/25/2019,Utilities,63.0,Doctor visit via app
December 07 2022,Travel,43.0,Grocery shopping cash
2021-05-21,Other Income,67962.0,Doctor visit
2022-05-12,Salary,68141.0,Dinner at resto
January 22 2019,Food,274.0,Salary
05/30/2022,Entertainment,10196.0,Netflix subscription
16-03-19,Rent,17286.0,Doctor visit
05/14/2022,Rent,104.0,Grocery shopping
2021-05-12,Bonus,53575.0,Netflix subscription
01/27/2020,Rent,1722.0,Paid electricity bill
05/23/2019,Bonus,35933.0,Dinner at resto
12/23/2022,Education,778.0,Doctor visit
2022/06/30,Food,1133.0,Salary via app
January 01 2019,Bonus,28500.0,Course fee
07-08-22,Rent,84.0,Gift cash
29-07-21,Entertainment,4294.0,Dinner at resto
06/02/2020,Rent,54.0,Monthly rent
2019-12-16,Food,167.0,Doctor visit 
2020-06-07,Utilities,1065.0,Doctor visit
2020-06-01,Other Income,66362.0,Paid electricity bill
02/15/2019,Utilities,231.0,Dinner at resto
06/26/2020,Entertainment,2496.0,Dinner at resto
28-05-20,Rent,242.0,Grocery shopping
January 28 2019,Food,155.0,Uber to office
December 09 2020,Rent,1177.0,Netflix subscription
03/06/2020,Food,310.0,Netflix subscription
September 28 2021,Rent,248.0,Grocery shopping 
10/06/2022,Food,2029.0,Monthly rent
2021-03-27,Rent,576.0,Grocery shopping
,Travel,1063.0,Course fee late
2022-04-14,Food,141.0,Netflix subscription
April 09 2021,Travel,160.0,Grocery shopping late
01/02/2022,Utliities,2737.0,ZDoeqtBUKR
08/21/2022,Travel,189.0,Monthly rent 
21-07-20,Food,905.0,Salary
2021-05-13,Bonus,40064.0,Gift
24-01-22,Salary,65010.0,Salary
05/03/2019,Rent,862.0,Doctor visit
07/14/2021,Utilities,520.0,Course fee late
12/31/2021,Rent,677.0,Paid electricity bill cash
07/05/2020,Entertainment,158.0,Course fee 
08/31/2022,Tarvel,2647.0,Dinner at resto
2021-03-26,Food,8734.0,Salary via app
July 30 2021,Rent,237.0,Uber to office via app
12/24/2020,Salary,56219.0,Dinner at resto
01/27/2021,Rent,510.0,Paid electricity bill
17-02-19,Salary,60212.0,8MgykeQxV4
22-05-21,Rent,176.0,Monthly rent
December 01 2021,Entertainment,128.0,Monthly rent
2022-11-13,Rent,635.0,Course fee 
09/19/2019,Utilities,207.0,Dinner at resto cash
April 28 2019,Rent,528.0,Course fee 
2022-01-18,Rent,262.0,Uber to office 
2022-06-07,Food,693.0,LUrUfDgUfdw82ucu8
2019-01-06,Food,590.0,Monthly rent
2021-05-02,Health,110.0,Salary
2019-07-27,Bonus,67863.0,Monthly rent
07/26/2021,Other Income,59611.0,Gift
17-07-19,Food,5314.0,Dinner at resto
30-07-20,Food,1920.0,Monthly rent
08/31/2019,Food,749.0,Paid electricity bill
09/13/2019,Food,359.0,LNJPR5lg074n
2019-02-19,Food,153.0,Grocery shopping late
March 01 2022,Entertainment,1749.0,Netflix subscription
18-09-21,Others,112.0,Grocery shopping
2021-06-04,Fod,327.0,Netflix subscription
15-09-20,Rent,239.0,Salary
17-04-20,Bonus,44019.0,Salary
14-01-21,Entertainment,3352.0,Grocery shopping
February 19 2019,Salary,69025.0,Course fee
2019-11-23,Utilities,-406.0,LG63SD3Thef567
October 13 2019,Rent,103.0,Uber to office
01/03/2021,Rent,666.0,Netflix subscription
2021-05-13,Rent,1181.0,Monthly rent
2020-11-12,Rent,326.0,Grocery shopping cash
10-03-21,Rent,142.0,Course fee
24-04-22,Food,2076.0,Course fee 
October 10 2022,Food,80.0,Uber to office
2019-04-12,Other Income,85609.0,Dinner at resto via app
2021-09-29,Other Incoem,78662.0,Grocery shopping
2021-10-20,Rent,316.0,Course fee 
November 22 2020,Bonus,69541.0,Course fee
2020-11-19,Bonus,37115.0,Paid electricity bill cash
2021-03-30,Savings,376.0,Uber to office cash
04/17/2019,Bonus,47157.0,Monthly rent late
09/29/2019,Rent,184.0,Gift via app
2019-08-08,Education,49.0,Salary
2021-08-28,Rent,136.0,Uber to office via app
05/28/2022,Rent,13.0,Course fee
,Food,253.0,Uber to office late
2021-04-06,Food,391.0,Gift
27-10-19,Rent,152.0,Monthly rent cash
2019-02-09,Salary,54622.0,Paid electricity bill
2022-11-11,Food,678.0,Course fee
2022-09-25,Food,168.0,Uber to office
08/24/2019,Food,265.0,Monthly rent
2020-12-21,Rent,148.0,Dinner at resto cash
2019/02/25,Others,452.0,Dinner at resto
22-12-20,Rent,451.0,Dinner at resto
07/05/2022,Rent,78.0,Doctor visit
October 06 2022,Health,3991.0,Gift late
2021-04-25,Others,405.0,Doctor visit
2019-06-15,nEtertainment,164.0,Monthly rent
2020-05-15,Utilities,535.0,Grocery shopping
2020-10-06,Rent,437.0,Dinner at resto
02/01/2020,Savings,392.0,Dinner at resto
,Food,232.0,Grocery shopping
2021-04-16,Salary,54869.0,Gift
2020-07-21,Salary,65975.0,Doctor visit via app
11/12/2022,Utilities,68.0,Uber to office
2022-04-26,Travel,2795.0,Netflix subscription 
July 30 2022,Health,374.0,Dinner at resto
10-09-20,Food,672.0,Netflix subscription
08/09/2021,Salary,61902.0,Grocery shopping late
October 30 2021,Food,258.0,Monthly rent
03/29/2021,Travel,455.0,Salary
2021-12-09,Food,1104.0,Dinner at resto
July 22 2019,Food,70.0,IK9us8mCURGYbrNTJ
18-08-20,Rent,320.0,Salary
24-10-21,Rent,327.0,Netflix subscription 
08-02-20,Food,66.0,Uber to office
11-11-22,Utilities,223.0,Paid electricity bill
2022-05-12,Utilities,640.0,Monthly rent
2019-06-22,Utilities,593.0,Monthly rent late
09-07-20,Savings,174.0,Dinner at resto via app
04-07-22,Entertainment,2105.0,Grocery shopping
10-02-19,Food,1036.0,Salary 
01/04/2021,Rent,1474.0,Doctor visit
12/20/2020,Rent,1101.0,Paid electricity bill
03/01/2022,Rent,103.0,Salary
2019-03-05,Savings,250.0,Course fee
July 30 2019,Others,1670.0,Monthly rent
12-05-19,Salary,38634.0,Salary 
2022-04-11,Rent,459.0,Netflix subscription late
2022-05-18,Rent,999999.0,Netflix subscription
21-11-19,Bonus,56263.0,Uber to office
2022-06-01,Food,128.0,Course fee
2019-09-09,Bonus,53459.0,Course fee cash
05/21/2022,Travel,234.0,Salary cash
27-11-22,Rent,1729.0,Paid electricity bill
2022-09-10,Utilities,1473.0,Course fee
2021-11-02,Bnous,73114.0,Gift
2022-11-12,Health,1651.0,Uber to office
13-03-20,Food,417.0,Monthly rent
06/03/2019,Health,1221.0,Netflix subscription 
2020-03-30,Travel,1754.0,Course fee via app
10/03/2022,Food,420.0,Monthly rent cash
12/10/2020,Food,35.0,Dinner at resto
2022-10-05,Others,162.0,Dinner at resto
08/04/2020,Salary,54470.0,Salary
23-12-22,Food,375.0,iTj2SZQrR8dUilqralUe
October 23 2019,Salary,71102.0,Salary
2020-12-15,Food,41.0,Dinner at resto via app
21-12-20,Rent,711.0,Netflix subscription
July 05 2021,Food,219.0,Uber to office late
2022-05-08,Salary,58208.0,Paid electricity bill
02-10-20,Travel,184.0,Dinner at resto
December 05 2021,Utilities,157.0,Uber to office
2020-02-22,Entertainment,277.0,Uber to office late
06-11-21,Food,2013.0,Dinner at resto
November 14 2020,Travel,350.0,Netflix subscription
2020-02-14,Food,2207.0,Doctor visit cash
June 11 2020,Retn,88.0,Grocery shopping
07-07-19,Travell,301.0,Monthly rent
2022-06-06,Food,322.0,Course fee
01-10-21,Rent,142.0,Dinner at resto
2020-09-30,Education,910.0,Netflix subscription
2019-11-16,Health,2096.0,Paid electricity bill
23-03-20,Rent,1143.0,Salary
24-08-22,Rent,59.0,Uber to office cash
04/03/2022,Ret,533.0,Uber to office via app
09/26/2021,Rent,4169.0,Doctor visit 
,Travel,2234.0,Doctor visit
July 22 2021,Entertainment,98.0,Salary
31-10-19,Savings,257.0,Monthly rent late
2022-12-27,Bnous,69399.0,Monthly rent
03/06/2020,Travel,199.0,Uber to office
23-03-22,Food,307.0,Netflix subscription via app
30-07-22,Entertainment,323.0,Monthly rent
2021-03-07,Food,87.0,Gift
06/10/2020,Rent,644.0,Gift
2019-05-03,Ret,637.0,Monthly rent 
2022-10-14,Education,3419.0,Course fee
01/19/2022,Utilities,546.0,Paid electricity bill
2020-02-09,Travel,563.0,Paid electricity bill
01-02-21,Others,,Paid electricity bill 
13-10-19,Entertainment,293.0,Paid electricity bill cash
July 07 2021,Rent,520.0,Netflix subscription late
01/19/2022,Food,771.0,Dinner at resto
09-11-19,Utilities,90.0,KkDN9K7y6QXHZVr6ztpu
2021-10-05,Food,121.0,Paid electricity bill late
09-05-19,Rent,192.0,Paid electricity bill
01/26/2019,Utilities,374.0,Paid electricity bill
June 19 2022,Food,3100.0,Doctor visit 
20-02-20,Entertainment,25.0,Dinner at resto cash
,Rent,1264.0,Paid electricity bill
2020-04-25,Food,29.0,Gift
2019-03-03,Food,1441.0,Monthly rent late
June 19 2019,Rent,1258.0,Monthly rent
,Rent,500.0,Dinner at resto late
December 04 2020,Rent,1116.0,Uber to office 
March 26 2019,Travel,3108.0,mmSRiJ97wQUkI3B4gE
06/10/2022,Food,42.0,Paid electricity bill
06-05-19,Bonus,44595.0,Monthly rent late
11/10/2020,Food,480.0,Course fee via app
2019-09-19,Utilities,1286.0,Uber to office
11/15/2019,Savings,263.0,Doctor visit
05/10/2022,Travel,1296.0,Netflix subscription
02/27/2020,Food,428.0,Monthly rent
2020-11-03,Education,37.0,Monthly rent
10/05/2019,Rent,873.0,Uber to office
13-08-22,Education,703.0,Course fee via app
08/06/2022,Rent,45.0,Dinner at resto
March 07 2021,Utilities,632.0,Salary
2019-04-24,Food,,Gift
2022-02-14,Rent,306.0,Grocery shopping cash
15-04-22,Rent,348.0,Netflix subscription
August 25 2022,Others,1372.0,Gift
2021-06-11,Food,1925.0,Salary
2019-05-15,Travel,222.0,Grocery shopping
07/17/2019,Utilities,129.0,Salary via app
22-07-21,Education,2680.0,Dinner at resto
08-04-19,Other Income,62621.0,Gift
09-10-20,Rent,310.0,Doctor visit
2021-02-01,Food,284.0,Uber to office cash
2020-02-20,EEducation,630.0,Paid electricity bill
15-12-21,Rent,754.0,Paid electricity bill cash
September 30 2020,Travel,449.0,Monthly rent
June 20 2021,Bonus,54010.0,Course fee
18-12-20,Health,770.0,Grocery shopping
01/21/2020,Utilities,140.0,Netflix subscription
11-05-20,Salary,81253.0,lkO43SFDUS
22-07-22,Food,767.0,Paid electricity bill
28-06-20,Others,468.0,Doctor visit 
2019-03-15,Others,172.0,Netflix subscription
04/30/2020,Food,413.0,Dinner at resto
2021-12-14,Other Income,60103.0,Netflix subscription
17-01-19,Bonus,60174.0,Grocery shopping
05-02-22,Rent,309.0,Dinner at resto 
2022-01-04,Health,18.0,Netflix subscription
12-07-22,Foo,169.0,Netflix subscription late
23-07-20,Food,753.0,Salary
03/02/2021,Food,1098.0,Dinner at resto via app
,Entertainment,705.0,Paid electricity bill
03/24/2020,Trravel,531.0,Salary late
05/13/2022,tUilities,74.0,Monthly rent cash
2019-04-05,Food,44.0,Paid electricity bill
01-02-20,Food,90.0,Salary via app
10/07/2022,Salary,53841.0,Salary
03/16/2019,Other Income,55838.0,Gift late
03-03-20,Bous,46898.0,Salary
2021-12-01,Other Income,74954.0,Netflix subscription
2019-01-15,Utilities,321.0,Paid electricity bill cash
2022-11-29,Entertainment,18.0,Paid electricity bill cash
19-08-22,Rent,79.0,Course fee
07/05/2021,ood,170.0,Dinner at resto
10-12-20,Other Income,63528.0,Grocery shopping
08/27/2021,Rent,288.0,Paid electricity bill
2022-07-29,Rent,1545.0,Netflix subscription
2020/02/18,Savings,880.0,Doctor visit late
2022-12-31,FFood,123.0,Salary
27-08-19,Rent,2431.0,fiTqdJe7KvHMjzMwTi4
July 23 2021,Travel,1246.0,Paid electricity bill
06-02-20,Rent,213.0,Salary
10-01-21,Rent,36.0,Netflix subscription
18-04-19,Food,284.0,Course fee
02/11/2021,Travel,441.0,HloJZi2Uj
01/10/2022,Travel,922.0,Doctor visit
01/28/2020,Travel,2372.0,Course fee
01/16/2022,Bonus,65343.0,Paid electricity bill
04/06/2022,Travel,35.0,Course fee
February 23 2020,Other Income,83267.0,Paid electricity bill
05/08/2020,Svings,69.0,Salary via app
2020-05-29,Rent,1522.0,Course fee
2019-01-30,Utilities,926.0,Paid electricity bill
12-10-19,Travel,394.0,Monthly rent
2020-11-25,Rent,1322.0,Paid electricity bill 
07-10-20,Food,545.0,Course fee 
04/09/2022,Rent,108.0,Grocery shopping
04/22/2019,Utilities,363.0,Doctor visit via app
25-01-19,Food,2960.0,Dinner at resto
06-04-19,Savings,481.0,Gift
30-08-21,Food,1116.0,Monthly rent
08/25/2020,Food,981.0,Paid electricity bill
01-12-20,Rent,152.0,Monthly rent via app
2022-04-13,Others,159.0,Netflix subscription
07/23/2022,Rent,3900.0,sqxBaz8YsGZCfPH
2022-10-27,Food,341.0,0vNuAlHhhej5hIaL0u
21-08-19,Entertainment,188.0,Gift
21-09-22,Food,484.0,Netflix subscription cash
22-01-22,Other Income,51712.0,Grocery shopping
04/06/2019,Food,20.0,Salary
2019-03-26,Utilities,304.0,Gift
2022-10-30,Rent,2020.0,Course fee
06/30/2022,Travel,133.0,Uber to office
05/28/2021,Other Income,48408.0,Doctor visit cash
2020-08-11,Utilities,131.0,Course fee
04/11/2021,Education,31.0,TaGDKizpJiNSQ7
2022-11-25,Rent,516.0,Dinner at resto 
09/16/2021,Utilities,329.0,Uber to office
05/09/2019,Rent,121.0,Grocery shopping cash
2022-01-13,Food,2354.0,Grocery shopping
03/08/2019,aSlary,60680.0,Dinner at resto
09/21/2019,Food,299.0,Salary cash
April 07 2019,Education,93.0,Grocery shopping
2021-06-29,Food,7922.0,Uber to office via app
11/17/2021,Rent,1471.0,Netflix subscription
03/07/2019,Entertainment,455.0,Gift 
12/31/2019,Food,384.0,Salary 
04/01/2021,Travel,108.0,Monthly rent
15-02-19,Bonus,65670.0,Uber to office via app
06/09/2019,Travel,,Dinner at resto via app
06/17/2020,Other Income,51922.0,Gift
2019-09-22,Utilities,842.0,Dinner at resto
17-05-22,Food,88.0,Netflix subscription
2019-05-17,Entertainment,597.0,Dinner at resto
08-02-22,Foood,1539.0,Netflix subscription 
02-04-21,Other Income,78181.0,Monthly rent
30-08-20,Rent,356.0,7RPunGdsZx14Sx
27-03-21,Utilities,97.0,TH883SxWqUPoIob
06-06-19,Rent,628.0,Salary
2020-05-29,oBnus,57233.0,Course fee
February 05 2021,Rent,135.0,Dinner at resto late
02/16/2019,Rent,127.0,Salary
07/21/2020,Other Income,68100.0,Salary
04/21/2021,Utilities,1174.0,Dinner at resto
06/03/2019,Entertainment,66.0,Paid electricity bill
01/17/2019,Other Income,56592.0,Paid electricity bill
27-09-20,Travel,,Paid electricity bill 
2020-11-11,Utlities,552.0,Uber to office
01-10-22,Food,1884.0,Salary
01/04/2020,Travel,3507.0,Paid electricity bill
02/21/2019,Bonus,43437.0,Monthly rent
2020-06-24,Rent,135.0,Course fee
06/09/2019,Rnt,175.0,Monthly rent via app
December 02 2021,Food,851.0,Gift 
January 12 2020,Rent,100.0,Uber to office
19-01-19,Travel,1210.0,Salary late
May 28 2020,Travel,221.0,Gift
November 02 2019,Rent,626.0,sUMzF12AO
23-11-22,Food,721.0,Course fee cash
22-05-22,Salaryy,61497.0,Grocery shopping
08/29/2021,Entertainment,742.0,Doctor visit
2019-03-14,Others,66.0,Salary
13-02-19,Food,581.0,Uber to office
10/30/2020,Rent,396.0,Salary cash
02/10/2022,Food,1131.0,Netflix subscription 
29-03-21,Others,124.0,Uber to office 
09/25/2019,Travel,1995.0,Gift cash
2022-04-15,Utilities,1848.0,Salary
2022-05-16,Entertainment,492.0,Dinner at resto
26-09-20,Entertainment,223.0,Grocery shopping
01/04/2021,Entertainment,344.0,Uber to office
06-07-21,Savings,2542.0,Gift late
14-11-19,Food,97.0,Salary 
23-12-22,Education,331.0,Monthly rent via app
2019-05-16,Food,469.0,MW3mrXLYhPytCUzKZ2
2020-09-20,Bonus,76930.0,Doctor visit via app
29-06-19,Utilities,255.0,Monthly rent
02-12-22,Bonus,64217.0,Grocery shopping
02-10-20,Food,214.0,Dinner at resto
20-11-22,Rent,188.0,Lqvz8NHF
2019-01-31,Others,404.0,Monthly rent
2020-04-10,Food,28.0,Paid electricity bill 
01/01/2022,Education,949.0,Gift
27-05-21,Rent,935.0,Uber to office
05/12/2022,Food,3244.0,Netflix subscription
29-02-20,Rent,1484.0,Dinner at resto late
08-09-22,Food,413.0,Uber to office
April 04 2021,Food,410.0,Uber to office
31-10-22,Food,204.0,Grocery shopping
12/25/2022,Rent,155.0,Netflix subscription 
2021-06-20,Food,4469.0,Paid electricity bill late
13-01-22,Salary,70100.0,Gift cash
01/06/2020,Food,160.0,Monthly rent late
25-09-19,Entertainment,112.0,7hrIVAOqDzxPWOsg
07/01/2021,Utilities,711.0,Dinner at resto
02/16/2019,Bonus,44969.0,Dinner at resto late
05/13/2022,Rent,271.0,Netflix subscription
2022-01-08,Utilities,118.0,Gift
December 24 2019,Food,766.0,ujSgBw0L0eydUCC
26-04-21,Travel,826.0,Dinner at resto
21-09-20,Others,1571.0,Paid electricity bill
07/31/2022,Travel,1342.0,Gift
October 21 2021,Others,497.0,Salary
09/23/2019,Utilities,126.0,Netflix subscription
2019-08-27,Utilities,46.0,Course fee
2019-01-17,Others,267.0,Uber to office late
05/29/2019,Rentt,689.0,Monthly rent
03/08/2022,Salary,40396.0,Dinner at resto
31-07-21,Travel,1893.0,Netflix subscription late
10-11-22,Rent,760.0,Dinner at resto
10/09/2021,Food,1032.0,Netflix subscription
02/19/2021,Entertainment,205.0,pIyfcMTKezLso
17-04-22,Rent,70.0,Netflix subscription
10/01/2020,Travel,164.0,Dinner at resto
March 01 2022,Rent,336.0,Netflix subscription
08/03/2022,Food,157.0,Doctor visit cash
11/19/2020,Entertainment,,Grocery shopping
06/16/2022,Other Income,83499.0,Monthly rent cash
04/23/2020,Others,622.0,Salary
2022-03-09,Other Income,,Dinner at resto
05/30/2021,Food,340.0,Grocery shopping cash
22-02-22,Food,3674.0,Dinner at resto 
12/13/2020,Utilities,1009.0,Salary
2021-02-08,Entertainment,470.0,Gift
November 29 2019,Others,535.0,Grocery shopping cash
02/10/2022,Food,451.0,Dinner at resto via app
06/02/2021,Entertainment,664.0,Paid electricity bill late
17-01-22,Salary,65286.0,3G1hSb8PCgsRP
05/16/2020,Food,99.0,Uber to office
September 16 2021,Food,1870.0,Monthly rent
,Other Incoem,33841.0,Doctor visit
12-09-22,Travel,1020.0,Monthly rent
21-09-19,Entertainment,999999.0,Uber to office
2020-08-18,Food,1219.0,Gift late
22-04-21,Rent,346.0,Uber to office 
07-06-19,Savings,274.0,Dinner at resto cash
2019-10-19,Otherrs,124.0,Doctor visit
March 18 2021,Food,487.0,Dinner at resto
2020-06-09,Savings,90.0,Salary
03/29/2022,Food,54.0,Course fee
2020-01-26,Entertainment,3044.0,Grocery shopping
24-04-19,Salary,53244.0,Dinner at resto
07-12-19,Food,99.0,Dinner at resto
2020-03-10,Utilities,497.0,Gift late
2022-10-14,Education,3419.0,Course fee
,Utilities,57.0,Netflix subscription
12/03/2019,Food,508.0,Grocery shopping via app
06/23/2022,Food,521.0,Uber to office late
08/25/2022,Salary,70002.0,Paid electricity bill
2021-10-26,Utilities,808.0,Netflix subscription
10/21/2021,Rent,537.0,Uber to office
19-03-20,FFood,-176.0,Monthly rent
2022-04-21,Food,129.0,Netflix subscription
08/10/2021,Travel,137.0,Paid electricity bill
2019-07-16,Travel,178.0,Netflix subscription via app
2020-01-09,Travel,1025.0,Netflix subscription
,Rent,1430.0,Salary
October 19 2019,Travel,442.0,Course fee
01/18/2019,Rent,198.0,Paid electricity bill
2020-11-13,Travel,1326.0,Monthly rent
09-03-20,Rennt,172.0,Gift
10/20/2021,Rent,554.0,Course fee
09/27/2019,Rent,1047.0,Grocery shopping via app
10-05-20,Traevl,1076.0,Monthly rent
2019-11-03,Savings,597.0,Monthly rent
July 16 2020,Travel,182.0,Uber to office
2019-08-05,Bonus,51330.0,Gift via app
06/16/2020,Savings,17.0,Dinner at resto
November 30 2020,Food,106.0,Dinner at resto
10-03-22,Travel,809.0,Netflix subscription via app
2022-08-27,Health,168.0,Netflix subscription
2019-02-11,Food,1429.0,Salary 
2021-02-15,Savings,916.0,Uber to office
2020-10-07,Food,96.0,Course fee
02-05-22,Rent,545.0,Monthly rent
10-10-21,Utilities,940.0,Dinner at resto late
06/23/2022,Fod,59.0,Dinner at resto
11/02/2019,Rent,223.0,Netflix subscription late
07/31/2020,Travel,317.0,Grocery shopping
14-08-21,Salary,47233.0,Salary 
09-11-19,Food,369.0,Uber to office
May 04 2021,Food,149.0,Paid electricity bill
12/16/2022,Food,4688.0,Netflix subscription late
2021-08-29,Other Income,44692.0,Paid electricity bill cash
04-06-22,Utilities,828.0,Gift
03-08-20,Bouns,91356.0,Monthly rent
07-12-20,Utilities,516.0,Grocery shopping
06-04-21,Rent,364.0,Paid electricity bill 
03/18/2019,Fod,294.0,Course fee
09/06/2021,Others,463.0,Paid electricity bill via app
March 14 2022,Entertainment,126.0,Doctor visit late
2022-02-15,Bonus,51282.0,Dinner at resto
28-06-20,Other Income,60261.0,Paid electricity bill 
07-08-20,Others,191.0,Grocery shopping via app
2019-11-11,Food,92.0,Uber to office
April 17 2020,Food,343.0,Uber to office cash
11/29/2020,Food,2693.0,Course fee
December 09 2021,Food,117.0,Grocery shopping
2021-05-24,Food,1203.0,Doctor visit
11/30/2019,Rent,1246.0,Monthly rent
04/19/2021,Rentt,213.0,Monthly rent 
March 11 2021,Rent,578.0,Dinner at resto
26-04-19,Salary,60830.0,eid6arXIi4Lk55M
2021-12-27,Rent,65.0,Doctor visit late
10/18/2019,Bonus,53783.0,Gift
04/27/2019,Food,106.0,OztmYOyS8LZL6I
March 10 2022,Uitlities,717.0,Course fee
16-03-22,Rent,968.0,Monthly rent
06/19/2022,Rent,332.0,Doctor visit cash
31-01-22,Food,908.0,Doctor visit
,Rent,173.0,Grocery shopping late
25-05-19,Salary,73268.0,Monthly rent
2019-06-29,Travel,64.0,uIgr3faxTy2P
2020-07-24,Food,1197.0,Uber to office via app
May 19 2019,Food,260.0,Doctor visit
04/14/2020,Rent,67.0,Dinner at resto
2019-05-16,Other Income,69024.0,Uber to office 
2020-12-12,Food,151.0,Grocery shopping
09/04/2020,Rent,3649.0,Gift
2019-07-09,Rent,917.0,Doctor visit cash
November 26 2021,Utilities,93.0,Dinner at resto
2020-12-20,Others,4982.0,Monthly rent 
15-11-20,Rent,270.0,Paid electricity bill
2020-10-13,Food,151.0,S4qCGGUYiPR6e
2019-09-07,Travel,5.0,Dinner at resto
01/29/2019,Utilities,39.0,Doctor visit
14-02-19,Salary,68109.0,Monthly rent
01/09/2019,Bonus,39891.0,Netflix subscription
April 22 2019,Rent,1579.0,Doctor visit via app
2022-10-18,Other Income,79192.0,Salary 
2022-02-14,Education,970.0,Dinner at resto 
16-03-22,Food,143.0,Paid electricity bill
September 09 2020,Others,201.0,Salary
07/20/2022,Rent,897.0,Doctor visit
June 20 2020,Travel,154.0,Gift
April 23 2019,Food,494.0,Grocery shopping
February 10 2022,Utilities,269.0,Doctor visit
06/07/2020,Entertainment,1425.0,0N0klokFJIZDG8LVccx
05-03-20,Savings,523.0,Netflix subscription
05/13/2019,Other Income,50434.0,Grocery shopping
2022-05-02,Other Income,27445.0,RWWINXutT3dAfiqI
2021-11-01,Education,3827.0,Uber to office cash
2020-11-14,Entertainment,143.0,Doctor visit cash
2019-04-01,Health,179.0,Uber to office
2021-09-05,Food,765.0,Gift
March 31 2020,Rent,1046.0,O6bcnjjYb9S6RU
06/23/2021,Others,173.0,Doctor visit
February 07 2020,SSavings,2276.0,Monthly rent late
23-03-19,Travel,110.0,Grocery shopping
02/14/2020,Entertainment,167.0,mzEuaOcm7qhKnOXU9Ok
03/20/2022,Health,127.0,Paid electricity bill
07-02-21,Salary,87896.0,Netflix subscription
21-05-19,Utilities,641.0,Dinner at resto
03-07-19,Rent,43.0,Gift
06/01/2022,Utilitie,417.0,Gift cash
2019-12-13,Health,1245.0,Course fee
12-02-19,Rent,112.0,Gift cash
02/24/2022,Food,758.0,Dinner at resto
,Savings,467.0,euGSH7ywMV8PdN
22-09-20,Food,1970.0,Course fee 
2021-06-09,Entertainment,433.0,Monthly rent
12/19/2019,Rent,142.0,Course fee 
2022-06-13,Food,67.0,Uber to office
May 09 2020,Bonus,83971.0,Paid electricity bill
2021-10-17,Other Income,69578.0,Paid electricity bill
05/02/2021,Other Income,71924.0,Monthly rent
23-09-19,Others,1165.0,Gift
February 16 2020,Food,1096.0,Doctor visit
12/17/2019,Rent,242.0,Dinner at resto via app
2022-02-09,Health,46.0,Netflix subscription
2021-07-09,Bonus,57488.0,Netflix subscription cash
03-10-19,Others,9560.0,Grocery shopping via app
2020-08-29,Food,1070.0,Netflix subscription late
2021-10-16,Food,357.0,Paid electricity bill
12/28/2021,Utilities,1118.0,Paid electricity bill
24-05-22,Food,304.0,Course fee
01-09-20,Rent,80.0,Doctor visit
12-06-21,Rent,26.0,Salary 
,Food,216.0,Course fee
07/21/2022,Utilities,133.0,Uber to office 
January 23 2020,Rent,472.0,Course fee cash
13-03-21,Travel,1522.0,Grocery shopping late
19-12-20,Salary,34973.0,Paid electricity bill
2021-11-21,Food,6474.0,Salary
06/23/2019,Others,181.0,Netflix subscription
07-05-21,Entertainemnt,2830.0,Doctor visit
09/27/2022,Education,1011.0,ZZTpTitf8SLTimlE8
2021-07-20,Rent,396.0,lSsJ1hVNltTr7ZEBeSV
January 16 2019,Rent,364.0,Grocery shopping
2019-07-26,Bonus,49386.0,Uber to office
2022-11-12,Others,3861.0,Monthly rent
2021-08-08,Travel,147.0,Netflix subscription
09/05/2022,Salary,68225.0,Dinner at resto
05/29/2020,Other Income,45836.0,4jUVfR6VWXt
03/21/2022,Savings,627.0,Dinner at resto
11/27/2019,Rent,731.0,Dinner at resto
07/04/2019,Other Income,53946.0,Netflix subscription
August 11 2019,Rent,132.0,Doctor visit via app
2022-08-06,Other Income,54487.0,Monthly rent
21-12-20,Other Income,73590.0,Doctor visit
06-06-20,Utilities,3754.0,Uber to office
01/29/2020,Food,387.0,Netflix subscription late
30-08-22,Rent,298.0,Monthly rent
10/20/2022,Utilities,239.0,d2Vvia4Qo
2020-01-01,Travel,800.0,Paid electricity bill
05-06-21,Food,277.0,Uber to office late
19-09-20,Food,30.0,Course fee late
04/22/2021,Travel,968.0,Uber to office cash
08-05-20,Rent,55.0,Salary
2020-11-18,Bonus,58300.0,Salary via app
February 18 2022,Other Income,59424.0,Course fee late
14-08-21,Utilities,156.0,4UAxsjFrRlIMJv6mf
02/24/2019,Rent,481.0,Gift cash
12/13/2019,Salary,42863.0,Monthly rent
December 29 2019,TTravel,2502.0,Salary
2021-01-04,Rent,991.0,Netflix subscription via app
06-06-19,Rent,770.0,Uber to office via app
07-10-21,Travel,276.0,Grocery shopping cash
11/28/2021,Rent,146.0,Paid electricity bill
February 28 2022,Utilities,377.0,Grocery shopping
16-06-22,Rent,386.0,Netflix subscription
11-01-19,Food,527.0,Grocery shopping
03/29/2020,Rent,102.0,Dinner at resto
December 08 2021,Entertainment,3479.0,Netflix subscription via app
11/20/2019,Savings,766.0,Netflix subscription
April 08 2021,Food,588.0,Monthly rent
May 07 2021,Bonus,50395.0,Dinner at resto cash
04-09-20,Food,441.0,Doctor visit
09/05/2020,Food,920.0,Uber to office
03-05-19,Rentt,198.0,Gift late
2020-03-01,Utilities,1062.0,Salary
07-12-22,Bonus,71473.0,Uber to office
2022-09-20,Savings,363.0,Gift
2021-11-06,Rent,542.0,Course fee
11/20/2021,Bonus,59468.0,Grocery shopping
2020-07-02,Food,154.0,Course fee
02/10/2019,Savings,4634.0,Course fee 
March 23 2021,Food,158.0,Salary
2022-05-25,Rent,90.0,Monthly rent
14-03-22,Entertainment,635.0,Grocery shopping 
2021-11-26,Food,455.0,Paid electricity bill
10/18/2021,Salary,77079.0,Grocery shopping
04/03/2020,Travel,19.0,Gift
12/04/2020,Rent,144.0,Doctor visit
2021-08-23,Entertainment,111.0,Gift
03/31/2021,Savings,303.0,Monthly rent
January 08 2022,Salary,84815.0,Paid electricity bill
12/24/2021,Education,411.0,Dinner at resto 
2021-02-13,Food,425.0,Grocery shopping 
01/01/2020,Health,1726.0,Doctor visit cash
April 24 2021,Salary,66139.0,Paid electricity bill
September 11 2019,Food,352.0,Grocery shopping
07/16/2019,Food,106.0,Netflix subscription
13-02-19,Salary,72066.0,Doctor visit
July 23 2020,Rent,169.0,Uber to office cash
2021-08-09,Food,728.0,Course fee 
2022-03-15,Rent,335.0,Gift
28-02-19,Entertainment,526.0,Salary cash
July 05 2019,Food,246.0,Paid electricity bill 
2022-09-25,Utilities,1246.0,Grocery shopping
04/07/2020,Rent,283.0,Doctor visit late
2022-07-13,Rent,434.0,Netflix subscription via app
12/19/2021,Rent,1507.0,Gift cash
2022-01-09,Others,1502.0,Course fee
2021-06-27,Utilities,140.0,Netflix subscription
May 20 2020,Other Income,57479.0,Dinner at resto
12/20/2019,Others,922.0,Grocery shopping cash
07/16/2022,Rent,688.0,Gift
09/07/2020,Food,373.0,Gift
January 15 2020,Savings,1014.0,Gift
2021-07-05,Food,908.0,Course fee
,Food,123.0,Netflix subscription
2022-09-27,Rent,1093.0,Doctor visit
05/08/2020,Rent,1019.0,Grocery shopping 
2022-01-26,Utilities,250.0,Doctor visit via app
15-10-19,Utilities,531.0,Monthly rent
May 17 2019,Travel,110.0,Salary
10/27/2020,Travel,255.0,Paid electricity bill 
2021-06-17,Rent,158.0,Netflix subscription 
2019-09-10,Food,288.0,Grocery shopping via app
05-05-19,Other Income,52212.0,Gift
2021-05-11,Bonus,59649.0,Doctor visit via app
11/02/2019,Other Income,37271.0,Doctor visit
06/30/2021,Food,7708.0,Salary
February 10 2021,Food,123.0,Grocery shopping
2022-05-29,Health,94.0,Monthly rent 
02-10-21,Food,191.0,Netflix subscription late
2019-07-16,Others,112.0,Grocery shopping late
09-12-20,Utilities,310.0,Grocery shopping
February 14 2019,Rent,699.0,POjsz0KTKSeYGj6g49b
03/03/2021,Rent,1254.0,Monthly rent 
29-06-22,Others,1521.0,Salary late
2019-03-17,Others,178.0,Paid electricity bill
12/31/2019,Food,425.0,Course fee
10/16/2022,Rent,26.0,Monthly rent
08-10-21,Entertainment,379.0,JOuoQS1G
2020-12-24,Food,1581.0,Grocery shopping
05/30/2019,Utilities,289.0,Course fee
09/16/2020,Health,460.0,Gift
September 02 2019,Others,1274.0,Doctor visit
05/09/2019,ent,587.0,Paid electricity bill
January 10 2020,onus,58567.0,Monthly rent
2020-08-29,Fod,264.0,Monthly rent
09/17/2020,Food,539.0,Monthly rent
02-12-22,Rent,274.0,Gift late
27-09-20,Other Income,77445.0,Dinner at resto
,Saivngs,161.0,Doctor visit
15-08-22,Food,131.0,Doctor visit via app
2021-02-12,Food,537.0,Doctor visit
29-08-21,Food,4038.0,Salary
24-04-20,Food,270.0,Course fee late
March 30 2021,Travel,114.0,Uber to office
,Education,263.0,RZfTuSKzJdMbP45oi13
2019-11-12,Food,1742.0,Uber to office via app
21-10-22,Food,314.0,lzjfTdDQ61
10-02-19,Rent,580.0,Doctor visit
2019-06-06,Rent,422.0,Paid electricity bill
December 15 2020,Savings,160.0,Netflix subscription
09/29/2019,Salary,41594.0,4o0sVrW1yfjqzgGWi4R
02-03-20,Travel,1552.0,Gift
2020-02-08,Rent,1138.0,Gift
14-10-21,Travel,31.0,Uber to office
2019-07-20,Entertainment,99.0,Netflix subscription
2019-06-06,Salary,85212.0,Monthly rent 
2020-08-23,Rent,407.0,Grocery shopping
09-03-19,Enteratinment,429.0,Dinner at resto late
2021-02-02,Food,136.0,Gift
03/02/2021,Savings,1073.0,Uber to office
2019-04-07,Rent,272.0,Monthly rent
10/14/2022,Food,7012.0,Netflix subscription
2019-03-27,Salary,49588.0,Gift
May 23 2019,Travel,423.0,sfB51hjfmMRG8ksj
2021-11-20,Other Income,41753.0,Netflix subscription
2021-02-01,Salary,58771.0,Doctor visit
2020-11-20,Other Income,61029.0,Dinner at resto
06-02-21,Rent,149.0,Dinner at resto
2020-08-15,Travel,2132.0,Salary
04-12-20,Othres,2036.0,Monthly rent 
2022-08-13,Utilities,107.0,Salary
05/01/2020,Travel,157.0,Monthly rent via app
July 23 2019,Rent,108.0,Dinner at resto
06/25/2022,Entertainment,1485.0,Salary
04/22/2019,Rent,876.0,himGo4FByoSUBteF
01/02/2019,Others,754.0,Paid electricity bill
06/11/2020,Food,,Course fee late
10/23/2021,Travvel,250.0,Doctor visit late
17-09-22,Rent,91.0,Grocery shopping
10-01-20,Entertainmnet,31.0,Uber to office
12/11/2020,Food,31.0,Dinner at resto
23-07-19,Food,745.0,Monthly rent
December 31 2020,Bonus,35484.0,Course fee via app
2019-09-05,Utilities,682.0,Netflix subscription
March 13 2020,Rent,111.0,Grocery shopping late
08/31/2022,Rent,196.0,Netflix subscription
October 09 2022,Rent,327.0,Salary via app
01-05-20,Travel,179.0,Monthly rent 
14-08-22,Utilities,765.0,y9BQTQzBTJqJjWEPkz2
07/16/2022,Travel,1899.0,Salary
,Rent,300.0,Doctor visit 
12-06-20,Utilities,32.0,Monthly rent
2022-04-12,Rent,492.0,Dinner at resto 
2019-11-24,Entertainment,966.0,Netflix subscription
2021-07-30,Health,170.0,Paid electricity bill
2022-01-16,Food,131.0,Monthly rent
2021-09-07,Entertainment,148.0,Netflix subscription
14-03-20,Rent,1411.0,Gift
February 13 2019,Food,206.0,Gift
November 01 2021,Entertainment,686.0,Course fee
02/04/2021,Rent,143.0,Gift
November 11 2022,Rent,882.0,Dinner at resto
25-03-20,Entertainment,99.0,Gift
November 19 2021,Education,223.0,Gift
2021-02-10,Utilities,141.0,BwqrPPS8
,Utilities,2091.0,Grocery shopping
12-06-22,Others,125.0,Paid electricity bill
15-01-19,Others,101.0,Uber to office
26-11-20,Others,164.0,Gift
December 30 2019,Entertainment,2547.0,Uber to office via app
,Others,1476.0,hZJ7SzMafqEJ2
01-05-22,Rent,186.0,Monthly rent
09/20/2020,Food,616.0,Doctor visit
2022-04-05,Rent,659.0,Gift
2022-01-26,Other Income,63989.0,Doctor visit late
2021-10-20,Food,142.0,Course fee
29-09-19,Utilities,86.0,Uber to office
02/21/2021,Travel,57.0,Netflix subscription
2022-12-24,Travel,10.0,Gift late
2021-06-14,Entertainment,667.0,Netflix subscription
,Travel,806.0,Course fee
2021-11-21,Travel,2000.0,Uber to office
2020-04-27,Food,179.0,Monthly rent
18-08-21,eRnt,2232.0,Uber to office
March 27 2021,Savings,2378.0,Dinner at resto
11-03-22,Entertainment,690.0,Paid electricity bill
April 11 2020,Food,372.0,Netflix subscription 
2020-01-24,Food,533.0,Gift
2019-04-04,Rent,34.0,Course fee
February 26 2019,Food,118.0,qU9bOAfrXAL9By1l
07-02-20,Rent,128.0,Doctor visit 
2020-11-22,Rent,35.0,Zsb9Zclvt9BTw9J8BDxJ
August 12 2020,Salary,34458.0,Uber to office via app
10/09/2021,Entertainment,1725.0,Doctor visit
01-02-21,Others,,Salary 
11/09/2020,Rent,172.0,Doctor visit
2022-01-28,Fod,240.0,Grocery shopping late
28-11-20,Utilities,133.0,Uber to office via app
02/16/2020,Food,2732.0,Netflix subscription
02/04/2020,Bonus,71965.0,Grocery shopping
20-02-19,Salary,50921.0,Doctor visit
01-11-20,Food,152.0,Monthly rent
January 19 2019,Bonus,44995.0,Salary
03/15/2021,Utilities,624.0,Grocery shopping
22-12-20,Rent,58.0,Grocery shopping
02-12-19,Rent,134.0,Netflix subscription
04/17/2021,Travel,116.0,Monthly rent
08/26/2021,Entertainment,130.0,Uber to office via app
March 10 2019,Food,70.0,Paid electricity bill cash
06/28/2021,Travel,2515.0,wBMR7Gf69iMzaNzA
21-09-19,Other Income,63196.0,Paid electricity bill
2022-03-09,Rent,890.0,Grocery shopping
2022-12-24,Entertainment,178.0,Monthly rent late
2020-02-14,Food,198.0,Gift
10/29/2022,Food,213.0,Uber to office 
12-06-22,Bonus,62870.0,Monthly rent cash
2022-06-25,Rent,299.0,Grocery shopping
16-12-21,Rent,449.0,Paid electricity bill 
08-11-19,Food,1585.0,Paid electricity bill late
15-04-19,Travel,362.0,Salary
26-12-21,Entertainment,256.0,Salary cash
06/11/2019,Food,312.0,Gift
April 07 2022,Rent,293.0,Paid electricity bill
03/11/2021,Travle,1653.0,Salary
02/06/2019,Utilities,1277.0,Course fee
August 03 2022,Rent,384.0,iHHnqfUc3qRCQZfxsHp8
16-10-19,Rent,1117.0,Uber to office
08/28/2020,Food,708.0,Doctor visit
07-02-20,Food,1147.0,Salary cash
05-01-19,Food,42.0,Gift cash
03-04-20,Bonu,73517.0,Doctor visit
10/24/2021,Rent,174.0,Paid electricity bill cash
20-01-20,Entertainment,1974.0,Course fee
04-03-21,Utilitiees,1786.0,WrxyHNomBdBox8gszQ
03/20/2022,Food,315.0,Course fee
01/02/2019,Travel,524.0,Doctor visit
01-05-22,Food,781.0,Monthly rent via app
19-05-20,Rent,123.0,Grocery shopping
07/26/2021,Other Income,88991.0,Monthly rent late
13-01-22,Others,895.0,Grocery shopping
,Other Income,64119.0,Monthly rent
February 02 2022,Food,57.0,Salary
2021-01-24,Rent,246.0,Grocery shopping late
30-12-21,Food,286.0,Netflix subscription
2019-08-03,Utilities,330.0,Course fee
,Rent,173.0,Grocery shopping late
2019-05-19,Food,205.0,Grocery shopping
2019-09-03,Utilities,631.0,HXJ4iC3tEIeqbYefX
2019-06-24,Travel,6677.0,Uber to office
2021-12-30,Others,6056.0,Dinner at resto
26-11-21,Travel,194.0,Gift late
12/15/2019,Salary,91331.0,3f2fh6x9
2019-02-28,Rent,2241.0,Course fee via app
2021-05-12,Utilities,61.0,Dinner at resto
13-01-20,Food,16571.0,Gift late
01/20/2022,Utilities,407.0,Dinner at resto
01/12/2019,Education,701.0,Netflix subscription
02/06/2021,Salary,55982.0,Gift
03-08-20,Food,177.0,Netflix subscription
2022-02-17,Food,1260.0,Uber to office
03/15/2021,Rent,165.0,Uber to office
2020-08-27,Food,654.0,Doctor visit
02-10-21,Savings,390.0,Doctor visit
09/18/2019,Travel,179.0,Uber to office late
11/03/2022,Salary,69748.0,I0IzTtcWT6biJG
2021-09-08,Rent,75.0,Paid electricity bill
02/21/2021,Travel,270.0,Paid electricity bill
,Food,600.0,Salary via app
2022-01-23,Rent,137.0,ljSwas9fm
2022-01-17,Rent,152.0,Paid electricity bill
January 22 2020,Otherrs,155.0,Salary
2019-08-01,Food,186.0,Course fee
02/07/2021,Utilities,123.0,Doctor visit
10/30/2019,Entertainment,289.0,Netflix subscription via app
2022-07-14,Bons,58858.0,Grocery shopping via app
06/05/2022,Rent,3028.0,Grocery shopping 
April 29 2021,Utilities,1125.0,Uber to office
21-10-20,Salary,78708.0,Salary
12/16/2021,Utilities,484.0,Uber to office via app
March 01 2019,Rent,977.0,Gift
12-06-20,Food,999999.0,Grocery shopping
22-01-22,Entertainment,194.0,Netflix subscription
01-06-21,Rent,789.0,Monthly rent via app
2021-05-12,Travel,610.0,Salary
12-05-21,Othr Income,70496.0,Doctor visit 
September 09 2019,Bonus,65529.0,Netflix subscription
January 12 2022,Rent,2279.0,Gift
April 04 2020,Food,105.0,Dinner at resto
08-12-22,Education,2216.0,Salary
,Salary,64855.0,Uber to office late
2021-09-11,Food,713.0,Gift
30-11-20,Food,779.0,Course fee
2020-09-07,Utilities,470.0,Monthly rent 
2021-01-23,Food,646.0,Course fee
2019-07-31,Health,816.0,Netflix subscription
22-12-20,Utilities,56.0,Monthly rent
12-03-21,Rent,34.0,Salary cash
June 17 2021,Rent,142.0,Uber to office
07/31/2021,Food,,Course fee late
2022-12-02,Food,551.0,Doctor visit
December 18 2022,Salary,30957.0,iD9bBr5Fax0Xb
February 22 2022,Bonus,45439.0,Salary late
2021-06-07,Food,127.0,Salary
08/25/2021,Food,7178.0,Dinner at resto
09-03-21,Bonus,37780.0,Dinner at resto
19-07-22,Travel,92.0,Grocery shopping
06-07-20,Other Income,70503.0,Salary
02/11/2022,Rent,933.0,Paid electricity bill 
01/18/2021,Rent,79.0,Course fee
2019-06-25,Travel,67.0,Uber to office 
08/18/2019,Entertainment,194.0,Doctor visit via app
01/19/2021,Food,203.0,Netflix subscription cash
2022-07-09,Food,248.0,Grocery shopping
01/27/2020,Bonus,72296.0,sXDOnM9iuWvyMPHaFXv
02/03/2021,Utilities,227.0,Netflix subscription via app
24-05-19,Bonus,44925.0,Salary late
18-04-20,Entertainment,910.0,Doctor visit
October 06 2019,Travel,292.0,Salary via app
2020-10-19,Rent,218.0,Dinner at resto
16-03-21,Travel,3752.0,Dinner at resto
2021-04-26,Others,462.0,Paid electricity bill
16-06-21,Food,1460.0,4fSAZC8pRE5GX4cgLWK
25-04-20,Bonus,73477.0,Salary
09/26/2020,Trvael,328.0,Salary
07/05/2020,Food,1112.0,Uber to office
27-12-21,Food,1028.0,L8gzvdWF2bGq
2021-01-07,Food,3414.0,Course fee
August 17 2019,Other Income,64523.0,Doctor visit
2019-11-11,Food,92.0,Uber to office
15-06-22,Utilities,671.0,Dinner at resto
September 29 2020,Rent,996.0,Salary cash
2022-12-05,Bonus,68846.0,Monthly rent
2019-07-24,oFod,135.0,1ismelW9uucm8iHyFo
January 26 2019,Education,513.0,Uber to office late
01-06-21,Food,262.0,Doctor visit
04/12/2020,Education,320.0,Grocery shopping late
2021-05-22,Travel,521.0,Salary
2019-11-11,Food,53.0,Dinner at resto
2020-04-25,Other Income,61878.0,nADAt1wkMfX2xzs1bxRY
05/19/2019,Food,1502.0,Netflix subscription via app
12/29/2019,Food,194.0,fF1AE7k54gPolOVRreF
01/09/2019,Food,105.0,Netflix subscription
14-04-21,Entertainment,1434.0,Uber to office
2022-11-06,Utilities,867.0,Grocery shopping
11/14/2021,Others,255.0,Course fee
April 16 2019,Food,458.0,Doctor visit 
05-09-21,Bonus,58557.0,Gift 
2022-12-21,Salary,60723.0,Paid electricity bill
September 28 2022,Rent,2617.0,Monthly rent late
11/17/2021,Entertainment,823.0,Paid electricity bill
08/19/2021,Rent,332.0,Paid electricity bill
November 19 2021,Travel,145.0,Paid electricity bill via app
2019-03-24,Rent,129.0,Dinner at resto
2020-06-14,Rent,3143.0,Paid electricity bill
05-01-21,Food,1021.0,Dinner at resto
2022-04-17,Entertainment,738.0,Salary
April 30 2020,Travel,420.0,Uber to office
2019-01-17,Travell,1277.0,Grocery shopping
July 17 2021,Utilitie,68.0,Gift
,Education,2247.0,Monthly rent 
April 27 2019,Rent,980.0,Course fee
06/10/2020,Trave,271.0,Course fee
March 30 2022,Entertainment,164.0,Uber to office
01/09/2021,Entertainment,1980.0,Dinner at resto late
2020-12-02,Travel,1506.0,Netflix subscription cash
07/26/2020,Rent,658.0,Dinner at resto
2019-10-22,Salary,58412.0,dwWqjQdju3
06-11-20,Salaryy,62983.0,J15wnJxCz7S
23-01-22,Entertainment,188.0,Monthly rent
2020-02-24,Bonus,32984.0,Grocery shopping 
2019-01-17,Travel,293.0,Monthly rent
2021/07/19,Rent,170.0,4slqXgrC6mt9Ds
2021-09-30,Entertainment,336.0,Grocery shopping
06/01/2022,Food,836.0,Salary
09/01/2020,Foo,1026.0,Monthly rent via app
12/12/2021,Utilities,813.0,Paid electricity bill
November 08 2020,Rent,918.0,Salary
26-03-20,Food,434.0,Paid electricity bill
2020-02-03,Utilities,1240.0,Course fee
June 16 2019,Food,2104.0,Netflix subscription
27-08-22,Salary,67794.0,Netflix subscription
August 16 2019,Salary,61099.0,Salary
08/13/2020,Travel,1699.0,Course fee
23-09-21,Rent,499.0,Monthly rent late
May 05 2020,Travel,250.0,Doctor visit
09/15/2020,Trave,76.0,Uber to office cash
2022-01-24,Food,150.0,Course fee
05/02/2019,Food,,Paid electricity bill
2019-03-29,Salary,43306.0,Dinner at resto via app
11/14/2020,Food,726.0,Course fee
2021-10-10,Food,827.0,Course fee
05-04-22,Salary,85473.0,Salary cash
05/08/2021,Rent,,Doctor visit
2019-10-26,Food,2933.0,Monthly rent
,Education,196.0,Doctor visit 
25-10-22,Salary,35087.0,Monthly rent
07-01-22,Education,287.0,Course fee 
07/28/2020,Ren,311.0,Monthly rent
11/03/2022,Entertainment,386.0,Doctor visit late
05/19/2021,Rent,97.0,Paid electricity bill
August 07 2019,Savings,236.0,Paid electricity bill 
04/20/2022,Rent,481.0,Doctor visit
2022-06-04,Utilities,-319.0,Monthly rent
2021-04-14,Rent,52.0,Grocery shopping
01/31/2021,Food,1329.0,Gift
May 20 2020,Entertainment,98.0,Netflix subscription
27-06-19,Health,321.0,Monthly rent 
December 24 2022,Food,52.0,Grocery shopping 
2022-02-10,Bonus,70496.0,Netflix subscription 
August 09 2022,Entertainment,238.0,Grocery shopping
06-07-19,Food,166.0,Dinner at resto
2021-12-11,Savings,1028.0,Uber to office
25-10-21,Entertainment,,Monthly rent
29-01-22,Rent,2516.0,Dinner at resto
2022-04-22,Rent,470.0,Monthly rent
2022-12-31,FFood,123.0,Salary
08/25/2022,Other Income,58804.0,Course fee 
10-10-19,Rent,287.0,Monthly rent 
November 07 2020,Saary,57357.0,Dinner at resto
04/23/2021,Others,130.0,Paid electricity bill
2022-02-04,Rent,391.0,Paid electricity bill via app
06/18/2019,Other Income,61364.0,Paid electricity bill
2020-12-04,Salary,57085.0,Doctor visit
02/20/2019,Utilities,575.0,Course fee
06/07/2022,Utilities,76.0,Salary cash
09/14/2022,Other Income,20188.0,Dinner at resto
2020-12-06,Utilities,2153.0,Course fee
05-02-22,Rent,309.0,Dinner at resto 
05/11/2022,Food,1061.0,Gift cash
19-05-21,Food,259.0,Dinner at resto
2022-11-09,Other Income,59251.0,Paid electricity bill
August 12 2021,Health,349.0,Gift late
08/13/2022,Bonus,61187.0,Salary
05/29/2021,Travel,329.0,Paid electricity bill 
02/27/2022,Food,638.0,Monthly rent cash
20-02-21,Other Income,52682.0,Gift
11-06-21,Food,1304.0,Grocery shopping
10/05/2022,Rent,1828.0,MRbq4CFT1q0d
05/28/2019,Travel,715.0,Grocery shopping
10/15/2019,Food,600.0,Grocery shopping
08/17/2021,Salary,,Course fee
05/21/2019,Travel,292.0,Dinner at resto via app
May 02 2021,Utilities,1334.0,Dinner at resto
06/21/2021,Travel,172.0,Dinner at resto
2020-09-23,Rent,231.0,Doctor visit
2020-01-02,Rent,101.0,Uber to office
April 25 2021,Foo,191.0,4YzMGoFJuaqFYAtEn5
2019-12-06,Food,414.0,Dinner at resto via app
2021-02-26,Bonus,60604.0,Gift
28-06-21,Food,4405.0,Course fee
08/19/2022,Others,782.0,Grocery shopping
11/07/2022,Utilities,1928.0,Uber to office
03/06/2020,Food,310.0,Netflix subscription
22-06-19,Travel,783.0,Dinner at resto late
October 30 2019,Rent,228.0,Grocery shopping via app
2019-06-30,Food,701.0,0IgN6rKKZL
08/23/2021,Other Income,60559.0,Netflix subscription late
2021-11-05,Entertainment,412.0,Doctor visit
24-02-20,Utilities,94.0,0XPmFKlmzc4HgutrjH
2021-04-20,Food,1434.0,Gift
09-02-22,Rent,88.0,Course fee
2019-08-22,Travel,438.0,Paid electricity bill via app
2020-07-16,Entertainment,588.0,Dinner at resto via app
11/04/2022,Food,1146.0,Course fee
07/02/2022,Savings,2954.0,Uber to office
18-12-22,Rent,239.0,Netflix subscription cash
2022-09-08,Utilities,476.0,Uber to office
06-05-22,Others,2605.0,Uber to office cash
10/28/2019,Food,2460.0,Grocery shopping 
November 04 2020,Food,309.0,Salary
04/30/2022,Travel,1758.0,Grocery shopping
2022-11-06,Entertainment,1178.0,Paid electricity bill 
January 08 2021,Others,2066.0,Salary
February 24 2020,Food,16.0,Paid electricity bill
10/01/2020,Rent,127.0,Grocery shopping late
December 10 2021,Entertainment,349.0,Dinner at resto cash
29-05-21,Utilities,736.0,pfzR63bVLHSuPo
2020-06-13,Rent,96.0,Netflix subscription
26-02-21,Food,428.0,Gift
27-05-20,Salary,71613.0,Uber to office via app
01/10/2022,Rent,279.0,Grocery shopping
July 06 2019,Food,138.0,Uber to office cash
28-11-22,Food,58.0,Uber to office
2021-02-27,Food,41.0,Doctor visit
12-09-20,Savings,50.0,Dinner at resto
2020-07-22,Entertainment,144.0,Uber to office
July 15 2022,Food,198.0,Uber to office
03/23/2021,Bonus,56536.0,Salary
2020-03-16,Travel,179.0,Course fee via app
2022-09-01,Travel,1119.0,Paid electricity bill cash
04-05-22,Bonus,63449.0,Paid electricity bill 
2019-08-20,Rent,135.0,Paid electricity bill 
July 08 2022,Rent,256.0,Monthly rent
12/01/2020,Rentt,,Netflix subscription via app
03/25/2021,Others,141.0,Doctor visit 
2021-08-21,Food,,Monthly rent
2020-11-21,Travel,1458.0,Uber to office
01/31/2022,Rent,251.0,Monthly rent
07/31/2021,Food,2452.0,KW791f9r25ptEwEMk5Cr
11/17/2021,Others,87.0,Netflix subscription
01-02-19,Entertainment,200.0,Salary 
06/12/2020,Rent,4440.0,Grocery shopping 
03/10/2021,Saving,114.0,Salary
,Entertainmetn,143.0,Doctor visit
01/23/2022,Food,3412.0,Grocery shopping
11-09-22,Rent,270.0,Paid electricity bill
2022-01-26,Utilities,159.0,Monthly rent cash
10/18/2019,Other Income,27878.0,Netflix subscription
2022-07-08,Education,81.0,Netflix subscription
2022-10-16,Food,1226.0,Netflix subscription
30-08-19,Rent,873.0,Course fee
27-02-21,Bonus,80092.0,Uber to office late
2020-06-16,Rent,456.0,Paid electricity bill via app
04/24/2019,Bonus,12524.0,Dinner at resto late
2019-01-29,Salary,55503.0,Gift
01-08-21,Utilities,1122.0,Grocery shopping
,Food,655.0,Salary late
05-01-21,Savings,615.0,Course fee via app
2021-09-14,Rent,1853.0,Grocery shopping 
05-12-22,Bonus,67890.0,Salary via app
03/25/2021,Travel,4057.0,Salary
06/22/2020,Travel,74.0,Gift
2021-09-09,Other Income,64675.0,Monthly rent
03/08/2020,Food,588.0,Course fee
2019-10-11,Rent,622.0,Gift
May 25 2019,Utilitiess,546.0,Uber to office late
2019-06-01,Bonus,65859.0,Grocery shopping 
2020-08-31,Salary,65403.0,r3xmtOZCv
November 10 2019,Savings,607.0,Grocery shopping 
September 25 2019,Bonus,,Grocery shopping
2021-04-16,Food,377.0,Doctor visit
2020-07-30,Food,1584.0,Doctor visit cash
12/10/2020,Food,313.0,Netflix subscription
2019-01-22,Travel,1290.0,Netflix subscription
08/14/2019,Other Income,41163.0,Uber to office late
2019-12-04,Food,6441.0,Uber to office
2021-04-01,Savings,34.0,Uber to office
04-02-21,Entertainment,688.0,Monthly rent
2019-12-30,Utilities,24.0,Netflix subscription
2021-01-06,Health,258.0,Netflix subscription
February 07 2019,Other Income,74790.0,Grocery shopping via app
06/21/2021,Food,185.0,Course fee
06/04/2019,Others,122.0,Gift 
June 07 2022,Food,3843.0,Monthly rent
2020-02-22,Food,257.0,Doctor visit
2019-03-21,Food,421.0,Course fee cash
13-04-19,Education,1580.0,Netflix subscription
08-06-22,Food,614.0,Dinner at resto
07/18/2021,Rent,756.0,Dinner at resto cash
02-10-20,Food,839.0,Dinner at resto
04-02-22,Tavel,829.0,Dinner at resto cash
2019-12-28,Bonus,72268.0,Salary
08/20/2020,Others,527.0,Course fee
2021-04-02,Food,506.0,Salary
2021-12-31,Salary,81056.0,Salary cash
2021-01-24,Salary,36560.0,Netflix subscription
07/13/2022,Education,167.0,Course fee
2020-03-13,Salary,54281.0,Course fee
24-01-21,Salary,72761.0,Paid electricity bill
2020-10-10,Entertainment,2129.0,Gift
06/04/2021,Food,611.0,Dinner at resto late
06/09/2019,Food,133.0,0dnIZ5m6liw
2022-08-14,Utilities,5060.0,Netflix subscription
2020-08-27,Bonus,67300.0,Course fee
02/03/2022,Food,33.0,Paid electricity bill
22-05-21,Food,1701.0,Grocery shopping via app
2019-10-01,Food,587.0,Salary via app
August 24 2020,Entertainment,77.0,Gift late
03-02-22,Utilities,271.0,Salary
December 15 2019,Travel,33.0,9qdfmmq0h77
27-09-21,Food,518.0,Doctor visit
,Others,763.0,Gift
2021-06-24,Savings,756.0,Monthly rent
12-11-19,Rent,358.0,Netflix subscription
04/05/2022,Entertainment,205.0,Grocery shopping
18-08-22,Rent,478.0,Monthly rent
06-05-22,Others,664.0,Uber to office late
January 31 2022,Fod,30.0,Netflix subscription 
15-10-22,Food,332.0,Uber to office late
September 28 2022,EEntertainment,116.0,Uber to office
05/28/2019,Food,583.0,Course fee
06-09-20,Rent,2576.0,Doctor visit
05/08/2021,Entertainment,101.0,Netflix subscription
01/18/2022,Food,491.0,Gift
05-11-20,Salary,74240.0,Uber to office
2019-03-09,Rent,431.0,Salary
21/09/20,Rent,207.0,Dinner at resto
01-11-20,Salary,58824.0,Salary
24-06-20,Salary,81661.0,Paid electricity bill
01/23/2020,Other Inncome,49763.0,Dinner at resto
02/24/2020,Other Income,75014.0,Paid electricity bill
03-05-21,Food,22.0,Uber to office cash
25-12-21,Food,715.0,Salary late
2021-05-27,Food,493.0,Course fee
23-02-20,Food,533.0,Salary
October 23 2019,Entertainment,1438.0,Gift
07/01/2019,Rent,,Salary
07/19/2020,Food,,Monthly rent late
December 13 2021,FFood,1106.0,Grocery shopping
2020-09-11,Rent,74.0,Monthly rent late
01/23/2019,Salary,87901.0,Netflix subscription
09/21/2019,Food,83.0,Doctor visit
October 21 2021,Travel,260.0,Grocery shopping
01/18/2019,Other Income,39562.0,Grocery shopping via app
01/26/2022,Food,762.0,C3KKqkLcDa7vkVZs
May 19 2019,Food,1289.0,Gift via app
2021-12-01,Travel,128.0,Gift
May 31 2019,Entertainment,854.0,Monthly rent via app
12/14/2019,Entertainment,266.0,YSnEYCCExyyEPSwo451w
19-09-20,Rent,1294.0,Netflix subscription
2022-08-18,Utilities,133.0,Doctor visit
2021-05-20,Salary,50965.0,Netflix subscription 
2021-11-01,Rent,2114.0,Uber to office
17-05-21,Food,314.0,Uber to office
December 03 2021,Rent,116.0,Grocery shopping
12/13/2022,Food,168.0,Course fee
05-08-19,Salary,46862.0,Salary
09-01-21,Other Income,77902.0,Netflix subscription
14-06-21,Rent,173.0,SwoSe0ExiFUQks8Mwn
23-08-22,Utilities,376.0,Dinner at resto
2019-09-14,Utilities,215.0,Paid electricity bill 
November 10 2020,Savings,105.0,Netflix subscription
11-11-22,Rent,367.0,Paid electricity bill
10/09/2020,Food,193.0,Netflix subscription 
2019-07-19,Rent,202.0,2CCmvn7qOR
02/02/2021,Entertainment,121.0,Monthly rent
03/26/2021,Food,620.0,peQ2O3ed1itkkVZ0
July 30 2019,Food,76.0,Salary cash
03/01/2019,Food,674.0,Paid electricity bill
2020-10-15,Other Income,52550.0,Doctor visit
11/21/2022,Utilities,869.0,Gift
28-09-19,Bonus,67850.0,Gift
2020-04-06,Food,448.0,Uber to office
03/28/2021,Food,976.0,Course fee late
13-10-19,Food,281.0,Dinner at resto
2022-02-11,Food,319.0,Salary cash
03-12-22,Rent,363.0,Gift
June 03 2019,Food,1713.0,iT7C9PcFs7B3
10/31/2019,Food,71.0,Monthly rent
10/16/2020,Food,1028.0,Dinner at resto
04/22/2019,Savings,62.0,Grocery shopping
03/17/2021,Food,601.0,Doctor visit
16-08-20,Savings,680.0,Course fee
2019-01-10,Savings,976.0,Dinner at resto late
2021-04-24,Travel,123.0,Salary 
2022-04-01,Bonus,95811.0,Grocery shopping via app
21-04-19,Food,999999.0,Uber to office
24-02-20,Rent,264.0,Doctor visit
26-02-19,Travel,210.0,Course fee
June 23 2022,Travel,1915.0,L01zdhyI2hztZ
December 20 2020,Travel,946.0,Salary
August 17 2022,Bonus,93079.0,aOHbBN379r6VQEk
2021-04-04,Rent,793.0,Course fee
05-07-22,Savings,73.0,Gift 
05/07/2019,Savings,175.0,fct5YZwuixifM37l
06/26/2019,Entertainment,190.0,AqPXqzVHMpBog
18-09-20,Food,386.0,Uber to office
11-12-19,Salary,82251.0,Uber to office
06/30/2019,Rent,147.0,mtXui5l8HYUpvM0
20-03-22,Rent,11628.0,Paid electricity bill via app
03/19/2020,Food,248.0,Uber to office late
04/21/2019,Others,797.0,Paid electricity bill via app
2021-11-09,Food,483.0,Doctor visit
2019-02-03,Other Income,58374.0,Uber to office
April 16 2019,Food,204.0,Paid electricity bill
06-11-21,Entertainment,175.0,m4g0QLlDh0apB
September 13 2021,Rent,230.0,Course fee
2021-04-11,Food,1723.0,Monthly rent
17-10-22,Utilities,533.0,Course fee
01/01/2020,Utilities,719.0,Doctor visit
20-06-22,Rent,164.0,Salary
2019-04-17,Rent,92.0,Dinner at resto cash
2019-05-14,Travel,84.0,Netflix subscription
12-07-22,Entertainment,208.0,Monthly rent
2019-07-15,Rent,164.0,Course fee
,Utilities,325.0,Salary cash
21-07-19,Utilities,377.0,Salary 
2020-12-26,Rent,61.0,Grocery shopping late
01/16/2020,Rent,113.0,Course fee via app
2020-09-16,Rent,578.0,Course fee
August 06 2019,Salary,54358.0,Salary
02-10-22,Food,380.0,Gift
01-01-21,Bonus,65458.0,Dinner at resto cash
18-03-21,Food,626.0,Paid electricity bill
23-08-22,Food,168.0,Gift
03/25/2021,Food,67.0,Grocery shopping
21-09-19,Food,4396.0,Uber to office
05/10/2019,Travel,61.0,Paid electricity bill
24-01-21,Food,5974.0,Course fee cash
03/22/2020,Slary,36072.0,Course fee cash
23-12-19,Food,391.0,Monthly rent
05/05/2020,Food,2278.0,Doctor visit
2020-06-14,Rent,241.0,Paid electricity bill
26-11-22,Food,393.0,Uber to office
December 05 2022,Rent,292.0,Course fee
September 06 2021,Rent,2620.0,Uber to office
2020-11-21,Rent,212.0,Uber to office
09/05/2020,Other Income,70642.0,Gift
September 13 2021,Utilities,1167.0,Doctor visit
May 31 2021,Utilities,72.0,Gift via app
06/02/2020,Education,770.0,Monthly rent
07/23/2019,Rent,307.0,Netflix subscription
14-04-20,Food,1772.0,Doctor visit late
17-08-19,Food,1172.0,Salary cash
March 01 2021,Food,769.0,Ng7AU2apyHhIGyUzbJ
2021-01-17,Food,1193.0,Doctor visit late
08/12/2022,Bonus,57433.0,Grocery shopping cash
01-02-20,Savings,299.0,Uber to office
25-10-22,Others,2301.0,Grocery shopping
2020-01-24,Rent,1296.0,Uber to office
01/25/2019,Tarvel,2534.0,Netflix subscription via app
2019-03-24,Others,1089.0,Course fee
2022-06-05,Rent,73.0,Gift
2020-04-01,Food,188.0,Doctor visit
08/27/2021,Bonus,64325.0,Dinner at resto
May 15 2020,Entertainment,183.0,Gift
2020-04-20,Utilities,96.0,Course fee via app
29-10-22,Food,256.0,Monthly rent late
27-06-21,Utilities,97.0,Uber to office
02/27/2021,Food,561.0,Monthly rent via app
June 12 2021,Utilities,519.0,Course fee late
2022-12-11,Food,89.0,Doctor visit
2019-01-10,Rent,1406.0,Netflix subscription
12/02/2022,Food,1206.0,Salary
14-07-22,Food,653.0,Monthly rent
,Food,214.0,Grocery shopping cash
2022-06-13,Other Income,48059.0,Doctor visit
04/13/2021,Rent,48.0,Gift
,Utilities,1191.0,Dinner at resto
06/30/2021,Food,33.0,Dinner at resto
01/29/2022,Ren,141.0,Paid electricity bill
10/20/2020,Rent,2654.0,Doctor visit 
2020-03-01,Food,1110.0,Monthly rent
08/23/2021,Utilities,305.0,Salary
02/09/2020,Food,248.0,Doctor visit
05-06-21,Rent,71.0,Dinner at resto
02/14/2022,Food,1117.0,Course fee cash
2020-04-10,Rent,370.0,Dinner at resto via app
July 31 2019,Utillities,37.0,Netflix subscription cash
October 06 2022,Food,169.0,Paid electricity bill
2020-12-27,Rent,350.0,Dinner at resto
24-04-20,Utilities,1191.0,Doctor visit
01-07-21,Food,837.0,Salary
October 31 2022,Rent,364.0,Gift
,Rent,199.0,Paid electricity bill
29-04-21,Bonus,52130.0,Grocery shopping via app
01-07-22,Other Income,59641.0,Grocery shopping
2020-04-19,Rent,127.0,Dinner at resto via app
2021-01-12,Food,135.0,Course fee via app
07/21/2021,Entertaniment,205.0,Dinner at resto 
August 12 2021,Entertainment,41.0,Doctor visit late
08-02-20,Entretainment,2447.0,Paid electricity bill
17-11-19,Rent,766.0,Gift
07/27/2019,Food,1015.0,Salary cash
21-09-20,Utilities,87.0,Netflix subscription via app
28-07-19,Rent,562.0,Monthly rent
27-02-19,Food,504.0,Salary via app
12-11-19,Rent,463.0,Monthly rent
21-11-21,Rent,1153.0,Gift
2022-09-09,Others,87.0,Doctor visit
07/16/2022,Utilities,347.0,Paid electricity bill
14-08-21,Salary,55185.0,Salary late
08/29/2022,Rent,841.0,Paid electricity bill 
24-11-21,Other Income,68542.0,Paid electricity bill late
05/08/2019,Food,162.0,Grocery shopping
30-01-21,Food,898.0,Uber to office
08/23/2021,Other Income,60559.0,Netflix subscription late
02/12/2020,Other Income,46592.0,Doctor visit
July 21 2022,Salary,67973.0,Gift late
02/28/2020,Other Income,65143.0,Uber to office 
08/25/2022,Rent,249.0,Doctor visit
March 09 2020,Salary,64366.0,Uber to office late
13-07-20,oFod,1551.0,Monthly rent via app
01/09/2020,Travel,560.0,Course fee
10/24/2021,Rent,457.0,Monthly rent
09/18/2022,Travel,152.0,Netflix subscription
12/23/2019,Entertainment,344.0,Netflix subscription
04-11-20,Travel,69.0,Gift
2022-11-28,Fod,112.0,71Ub8jRHrbC6P
2022-05-14,Rent,1865.0,Dinner at resto
2019-11-25,Food,289.0,Doctor visit late
2020-03-26,Travel,1708.0,Netflix subscription
2022-01-21,Food,170.0,Monthly rent
2020-11-16,Food,483.0,Gift
2019-04-04,Education,999999.0,Uber to office
16-10-19,Utilities,1793.0,Monthly rent via app
11/25/2019,Bonnus,90174.0,Salary
2022-12-24,Utilities,135.0,7aeIVisHICVQaSYd
14-11-22,Food,251.0,Gift
28-02-19,Rent,520.0,Grocery shopping
2020-01-05,Rent,171.0,Monthly rent cash
2020-01-10,Food,450.0,Salary
2019-03-30,Rent,1220.0,sRhVDyrPKLp692hx
2019-03-13,Bonus,,Dinner at resto 
May 08 2022,Travel,1675.0,Gift
2021-06-18,Foood,1292.0,Dinner at resto 
2019-03-21,Food,1751.0,Monthly rent
05/20/2020,Food,3884.0,Monthly rent
September 27 2019,Other Income,52781.0,Uber to office
05/03/2020,Entertainment,334.0,Netflix subscription late
06/05/2022,Food,382.0,Grocery shopping
05-10-22,Rent,445.0,Paid electricity bill
July 01 2019,Rent,96.0,Doctor visit
10-12-19,Rent,1550.0,Grocery shopping
06-03-20,Others,278.0,Paid electricity bill
27-03-20,Travel,84.0,Course fee
04/05/2021,Food,188.0,Netflix subscription
December 20 2022,Food,164.0,Grocery shopping
May 22 2019,Food,44.0,Gift
01/03/2021,Rent,167.0,Grocery shopping late
March 16 2022,Food,69.0,Course fee
2022-07-27,Food,1090.0,Gift
17-01-19,Savings,747.0,Gift via app
26-12-20,Utilities,1293.0,Netflix subscription
2020-11-29,Food,4493.0,Salary
2021-09-06,Rent,33.0,Doctor visit late
08/30/2021,Other Income,75646.0,Netflix subscription
2020-09-14,Utilities,1302.0,Salary
25-11-19,Other Income,55860.0,Paid electricity bill
05/03/2022,Others,164.0,Monthly rent
2022-02-26,Bonus,57598.0,Salary
11-11-20,Utilities,233.0,Monthly rent
2022-11-13,Food,567.0,Uber to office
14-09-20,alary,55614.0,Dinner at resto
August 12 2021,Salary,76398.0,Doctor visit via app
10/29/2022,Rent,140.0,Grocery shopping via app
05-01-22,Travel,273.0,Dinner at resto cash
2022-07-14,Others,-809.0,Uber to office
2021-07-10,Entertainment,232.0,ZvOLgWxCooiWiohcm
09/05/2019,Entertainment,2291.0,Course fee late
04/23/2019,Rent,121.0,Monthly rent
08/04/2022,Food,287.0,Salary
April 07 2022,Food,508.0,Salary
28-06-19,Others,27.0,Monthly rent
03-05-19,Rent,181.0,IPScAYQyyIiMDI73s4R4
July 23 2021,Other Income,53739.0,Uber to office
07/01/2022,Food,566.0,Paid electricity bill 
October 29 2019,Utilities,948.0,Course fee cash
February 24 2020,Food,16.0,Paid electricity bill
10/06/2020,Food,150.0,RIyIMG88NMSRgEJaK
2019-08-24,Utilities,643.0,Grocery shopping
15-10-21,Travel,466.0,Dinner at resto via app
October 14 2019,Food,78.0,Paid electricity bill
July 30 2021,Rent,507.0,Monthly rent cash
04-08-19,Rent,110.0,Paid electricity bill
2022-07-20,Rent,158.0,Monthly rent
03/25/2019,Salary,42776.0,Salary
January 15 2020,Rent,199.0,Grocery shopping
04-11-22,Food,1662.0,Salary 
2020-10-04,Rent,995.0,Doctor visit
March 25 2019,Food,298.0,Salary
30-10-20,Utilities,475.0,bJpdNIPKEhvtMON
22-05-21,Travel,1085.0,Dinner at resto
15-06-21,Entertainment,220.0,Paid electricity bill
01/29/2022,Food,313.0,Course fee
2022-09-30,Rent,72.0,Doctor visit
09/06/2020,Bonus,26981.0,Monthly rent cash
September 13 2022,Travel,165.0,Gift 
2022-11-09,Other Income,72521.0,Uber to office
,Salary,,Course fee late
02/28/2022,Rent,648.0,Salary
August 21 2019,Rent,123.0,Gift
05/05/2022,Travel,896.0,Uber to office
22-05-21,Education,5473.0,Monthly rent
05/26/2020,Food,1212.0,Doctor visit
09/22/2020,Other Income,58123.0,Dinner at resto
07/25/2019,Food,45.0,Netflix subscription
01-11-20,Food,273.0,Gift
01-12-19,Savings,280.0,Doctor visit late
December 13 2021,Travel,30.0,Dinner at resto cash
09/21/2022,Rent,2424.0,Course fee cash
09-04-21,Salary,56426.0,Paid electricity bill 
July 14 2022,Savings,93.0,Gift
2022-10-09,Salary,64550.0,Grocery shopping
10/30/2021,Other Income,57820.0,Paid electricity bill
01/30/2019,Food,881.0,Salary
08/03/2020,Travel,999999.0,Grocery shopping
09/20/2021,Rent,135.0,Gift
06-10-21,Travel,107.0,GZCvzCIIeGrcZOUE1y1M
2020-04-21,Entertainment,968.0,Netflix subscription
February 26 2019,Utiities,430.0,Doctor visit
2021-04-06,Rent,325.0,Gift
20-08-20,Utilities,1185.0,Doctor visit
07-09-21,Food,1044.0,Paid electricity bill
07-07-20,Savings,652.0,Gift 
07/24/2019,Rent,70.0,Dinner at resto late
08/07/2022,Other Income,63469.0,Course fee late
11/02/2022,Education,15.0,Uber to office cash
22-07-19,Rent,1431.0,Paid electricity bill
2021-07-30,ent,150.0,Gift
22-09-21,Foo,-556.0,Doctor visit cash
06/17/2019,Food,10993.0,Doctor visit cash
11/01/2019,Rent,299.0,Dinner at resto
08/23/2020,Food,1842.0,Grocery shopping
2019-08-11,Entertainment,116.0,Paid electricity bill
21-05-20,aSvings,1655.0,Monthly rent via app
03/29/2019,Food,1641.0,Course fee cash
27-07-19,Travel,1109.0,Paid electricity bill cash
24-08-20,Entertainment,168.0,Paid electricity bill
19-02-19,thers,31.0,CdNV1nojVvG
05-02-21,Salary,82599.0,Salary cash
2019-12-05,Rent,158.0,Uber to office
08/03/2021,Travel,24.0,Paid electricity bill
November 23 2019,Travel,259.0,Doctor visit
September 02 2022,Utilities,118.0,Uber to office
2021-07-21,Ret,538.0,Salary via app
2022-07-02,Salary,76047.0,Gift late
17-11-20,Rent,170.0,Course fee 
2020-10-10,Others,421.0,Monthly rent via app
2020-07-08,Entertainment,1344.0,Paid electricity bill
October 13 2019,Rent,273.0,Dinner at resto 
2019-01-30,Savings,769.0,Monthly rent
03/17/2020,Bonus,59082.0,Uber to office 
27-01-19,RRent,80.0,Paid electricity bill late
12/26/2019,Rent,388.0,Course fee
05/26/2022,Rent,132.0,Doctor visit
2020-08-21,Travel,617.0,Uber to office
,Food,188.0,Monthly rent 
July 12 2019,Savings,127.0,Paid electricity bill 
2019-02-22,Entertainment,325.0,Dinner at resto
October 06 2019,Utilities,1033.0,Uber to office
05/24/2021,Salary,61319.0,Doctor visit
2021-02-17,Health,103.0,Doctor visit
2019-02-26,Bonus,76988.0,Paid electricity bill
22-02-19,Rent,46.0,Doctor visit
October 06 2019,Ren,244.0,Uber to office
20-01-22,Food,1607.0,Paid electricity bill cash
28-04-20,Food,87.0,Doctor visit
2020-06-29,Rent,2608.0,Gift
01/15/2022,Travel,3171.0,Salary
2021-07-10,Food,148.0,Grocery shopping
06/17/2020,Food,136.0,Gift late
2022-10-26,Utilities,317.0,Paid electricity bill
18-06-19,Food,3880.0,Uber to office cash
July 17 2019,Utilities,517.0,Doctor visit
09/06/2021,Other Income,81520.0,Monthly rent
13-04-20,Rent,672.0,Dinner at resto cash
15-11-21,Food,312.0,daxmt8yPCUuODR
15-10-22,Other Income,55400.0,0YsMHiWaRHkIR
13-10-19,Rent,1731.0,Monthly rent
2019-01-27,Others,571.0,Course fee
2019-04-05,Rent,182.0,Paid electricity bill via app
07/15/2021,Food,445.0,Netflix subscription 
January 03 2021,Travel,581.0,Grocery shopping
2019-05-25,Entertainment,583.0,Kfzow9r2ngSC7JR
2021-10-18,Savings,72.0,Gift
2022-04-21,Ret,1015.0,Gift late
06-03-21,Rennt,227.0,Netflix subscription
2021-05-10,Food,2210.0,Course fee
2021-10-04,Entertainment,1139.0,Doctor visit
21-02-20,Education,351.0,Doctor visit
05-09-21,Health,236.0,Doctor visit 
08-08-20,Salary,55731.0,Uber to office
July 14 2019,Travel,232.0,Course fee
2022-07-04,Rent,493.0,Doctor visit
22-06-19,Food,337.0,Gift
24-01-19,Food,290.0,Salary
2022-01-18,Entertainment,755.0,Dinner at resto
2020-08-22,Other Income,75170.0,Doctor visit
November 11 2019,Bonus,53536.0,Netflix subscription
03/13/2021,Food,1276.0,Doctor visit
September 28 2021,Health,892.0,Netflix subscription 
2020-07-12,Food,836.0,Salary late
26-07-19,Entertainment,1057.0,Grocery shopping
09/22/2019,Educatio,258.0,Salary cash
07/06/2022,Other Income,36178.0,Gift
09/23/2019,Others,694.0,Grocery shopping
2021-08-23,Education,1733.0,P1PBMc2itosOpveVsvcQ
09/28/2020,Entertainment,282.0,SxcmHLZcysClVO
02/18/2022,Education,130.0,XYxAGppNLiLPNXf8X0V
2022-02-09,Others,764.0,Monthly rent
2020-11-13,Utilities,357.0,Course fee
2022-03-05,Food,6.0,Gift
,Travel,602.0,Monthly rent
12/04/2019,Rent,1919.0,Doctor visit via app
2019-09-26,Food,4228.0,Monthly rent
January 10 2021,FFood,2913.0,Doctor visit
2019-09-08,Other Income,64776.0,Course fee
11/13/2020,Salary,72106.0,Uber to office
2020-06-06,Rent,177.0,Monthly rent
2020-08-25,Other Income,48300.0,Monthly rent late
05/30/2022,Rent,610.0,Course fee via app
December 09 2021,Food,130.0,Paid electricity bill
18-11-20,Food,1330.0,Netflix subscription via app
2019-03-07,Food,4515.0,Course fee
04/27/2022,Travel,70.0,ZuXueGYx9N3nY
08-09-21,Utilities,1325.0,Monthly rent
06/03/2022,Food,194.0,Monthly rent
2019-03-30,Rent,1427.0,Salary
,Rent,786.0,Grocery shopping 
2022-11-25,Food,680.0,Dinner at resto
September 08 2022,Rent,1201.0,Dinner at resto
07/24/2021,Savings,1964.0,Uber to office
01/04/2021,Entertainment,682.0,Paid electricity bill
09/22/2019,Food,129.0,Monthly rent
28-06-19,Travel,1017.0,Monthly rent via app
07/05/2022,Education,296.0,hlYRBPZD5ORPnIVE
03/24/2019,Travel,28.0,Doctor visit
15-06-19,Food,566.0,Uber to office
12/23/2019,Travel,41.0,Gift
10/13/2019,Utilities,3159.0,Uber to office 
12/19/2022,Food,521.0,Salary
06/27/2020,Utilities,447.0,Uber to office late
2020-08-08,Health,107.0,Salary cash
August 27 2019,Food,2242.0,Uber to office
2020-03-04,Utilities,522.0,Salary
07/06/2019,Rent,443.0,Gift cash
03/27/2022,Travel,648.0,Doctor visit
05/21/2022,Other Income,55405.0,Doctor visit 
2022-01-25,Education,437.0,Gift
2019-01-14,Entertainment,1771.0,Grocery shopping 
2021-05-16,Rent,1803.0,Uber to office
11/18/2021,Salary,57373.0,Monthly rent late
2021-06-11,Ohters,178.0,Grocery shopping
2020-08-29,Food,1139.0,Dinner at resto
04/20/2020,Rent,1064.0,Doctor visit via app
11/19/2022,Education,421.0,Monthly rent
July 29 2021,Rent,39.0,Monthly rent 
11/19/2021,Rent,99.0,Doctor visit
2019-12-23,Food,1548.0,Doctor visit 
2020-10-24,Rent,19.0,Uber to office
11-08-19,Bonus,73133.0,Paid electricity bill
16-12-20,Education,1179.0,iKS88dOffQv5cB5M95F2
05-03-19,Rent,280.0,Grocery shopping cash
March 26 2022,Food,195.0,Doctor visit
2022-08-18,Food,133.0,Dinner at resto
2019-02-19,Food,153.0,Grocery shopping late
24-06-22,Savings,737.0,Paid electricity bill
2022-11-24,Rent,84.0,GPqRF2dYS1Gjsd7pTUFU
01/26/2019,Salary,43244.0,Doctor visit
06/10/2020,Food,679.0,Uber to office
2021-04-07,Salary,59292.0,Course fee
06-09-20,Utilities,1883.0,Salary via app
07/23/2019,Food,70.0,Salary
13-03-22,Bonus,67796.0,Monthly rent via app
2021-06-19,Travel,469.0,E8RBj3qV8
2021-03-14,Bonu,,Gift
June 28 2022,Utilities,822.0,Paid electricity bill
2019-10-31,rTavel,1435.0,Salary late
May 07 2019,Rent,2568.0,Grocery shopping
27-04-19,Travel,344.0,Netflix subscription
08/15/2019,Entertainment,524.0,Monthly rent
22-05-19,Entertainment,107.0,Netflix subscription
26-09-21,Food,3167.0,S3wSIPesJiyjueTSHA
,Food,15460.0,Monthly rent
2022-10-12,Utilities,1168.0,BJpg5NDMNY
2019-04-23,Utilities,245.0,Course fee
03-12-19,Health,108.0,Gift
07-04-22,Ren,286.0,Monthly rent
2021-04-03,Entertainment,111.0,Doctor visit 
2021-08-08,Food,452.0,dopVutmpCHapS5
14-04-21,Health,318.0,Salary
May 11 2020,Travel,166.0,Netflix subscription
01/19/2020,Education,603.0,Course fee cash
12/07/2020,Rent,1312.0,Gift 
2022-01-16,Salary,60572.0,Dinner at resto
28-09-19,Entertainment,65.0,Netflix subscription
2019-11-22,ood,4086.0,Monthly rent
07/04/2019,Food,109.0,Course fee 
12/09/2019,Entertainment,1334.0,Monthly rent 
2021-09-15,Ret,145.0,Dinner at resto late
13-06-22,Food,1292.0,Grocery shopping
December 05 2019,Rent,943.0,PZDWIncKfwD90VSgk
2022-04-25,Rent,22.0,Grocery shopping
07/19/2020,Food,514.0,ACmFFsXrxq3XC
10/04/2020,Food,91.0,Course fee
09/01/2020,Food,1577.0,Doctor visit
2022-11-01,Rent,4465.0,Monthly rent late
June 02 2019,Other Income,41290.0,Netflix subscription late
20-09-21,nEtertainment,5171.0,Doctor visit
02/11/2021,Rent,58.0,Netflix subscription via app
2019-11-04,Bonus,58310.0,Paid electricity bill
2022-12-14,Food,169.0,Course fee
15-04-19,Savings,3123.0,Doctor visit
February 21 2019,Rent,244.0,TMdaq4hl2rzjm04j
28-10-22,Entertainment,320.0,Gift
2019-05-12,Others,8004.0,Paid electricity bill
08-08-21,Other Income,33716.0,Netflix subscription
2020-06-21,Bonus,66538.0,Doctor visit
2021-08-26,Other Income,73876.0,Dinner at resto
17-12-22,Utilities,125.0,Monthly rent late
08/15/2020,Utilities,6030.0,Grocery shopping
12/21/2021,Food,910.0,Course fee
2022-02-20,Rent,1128.0,Dinner at resto
2019-03-23,Rent,631.0,Dinner at resto
01/12/2021,Utilities,74.0,Paid electricity bill
19-08-21,Other Income,52753.0,Grocery shopping
23-01-20,Travel,229.0,Salary
04/14/2021,Savings,,Salary via app
December 13 2021,Rent,347.0,Gift
08/07/2021,Entertainment,1012.0,Doctor visit
October 08 2022,Utilities,675.0,Doctor visit
,Food,242.0,Course fee
22-09-20,Travel,1196.0,Netflix subscription
August 07 2020,Food,517.0,Doctor visit via app
09/27/2022,Travel,983.0,f0FZuoKJBadB5UxoTX
July 16 2022,Travel,173.0,Netflix subscription 
2019-03-21,Bonus,74607.0,XptpJrNJJreGAhTLJ
2022-08-02,Travel,803.0,Salary
June 04 2020,Utilitie,1635.0,Monthly rent
December 16 2022,Rent,231.0,Course fee
08-10-20,Savings,223.0,Paid electricity bill
2020-08-31,Educationn,461.0,Gift via app
2019-09-02,Food,227.0,Salary
12-01-21,Food,205.0,Dinner at resto
2020-06-01,Food,1161.0,Doctor visit cash
2021-10-08,Food,636.0,Dinner at resto
2021-05-28,Travel,86.0,Monthly rent
,Others,103.0,Gift 
04/17/2019,Travel,491.0,Course fee
2021-09-13,Food,149.0,Uber to office via app
20-04-20,Salary,73778.0,FQZb4lvm
07-06-21,Food,711.0,Doctor visit
2021-09-20,Food,85.0,Netflix subscription
2019-07-12,Education,305.0,Paid electricity bill
04/22/2020,Food,1010.0,Course fee
October 04 2020,Food,241.0,XFjR6G5OsOvToW8QF
04-01-22,Food,159.0,Netflix subscription
21-10-19,Food,162.0,Monthly rent cash
2022-01-16,alary,67530.0,Paid electricity bill
07-07-21,Rent,419.0,Dinner at resto
12-08-22,Food,937.0,Monthly rent
03-07-21,Food,222.0,Dinner at resto 
02-12-22,Food,2168.0,Uber to office
July 06 2020,Utilities,153.0,Doctor visit late
16-11-20,Rent,2389.0,Netflix subscription 
05/15/2021,Rent,650.0,Netflix subscription via app
2020-11-16,Food,173.0,Paid electricity bill cash
02/21/2021,Others,624.0,Salary
07/19/2021,Food,541.0,Grocery shopping 
09/28/2022,Fodo,505.0,Osk4qNSZ1aN6ehfVT7
04/29/2019,Travel,1274.0,Grocery shopping
06/14/2022,Food,586.0,Course fee
05/09/2019,Rent,96.0,Gift
11/13/2021,Food,354.0,Uber to office
08-10-22,Food,302.0,Monthly rent
05/23/2021,Travel,157.0,3p7bW0nVYAtUCyMddzN
2019-05-02,Food,120.0,Gift
10-02-21,Rent,158.0,Monthly rent
03/26/2020,Savings,3508.0,Salary
2020-09-18,Utilities,1144.0,Dinner at resto
2020-02-19,Other Income,43126.0,mt3mV0xnS8m
2022-09-26,Travel,530.0,Grocery shopping
29-07-22,Travel,153.0,Monthly rent
2021-12-22,Food,1834.0,Monthly rent
March 04 2019,Other Income,42147.0,Uber to office
2021-06-29,Utilities,458.0,Salary
2022-04-09,Travel,4033.0,Netflix subscription
03-07-22,Rent,448.0,Salary 
2021-11-18,Entertainment,877.0,Uber to office
2021-04-15,Entertainment,1608.0,Monthly rent
06/03/2022,Salaryy,40522.0,Uber to office
June 24 2022,Travel,564.0,Doctor visit late
03/17/2021,Utilities,153.0,Gift
03/06/2021,Rent,925.0,Doctor visit via app
12/16/2020,Food,830.0,Doctor visit
2019-03-26,Savings,518.0,Salary
12-04-22,Utilities,366.0,Netflix subscription
2019-03-20,Salary,63010.0,Gift
01/02/2021,Rent,4889.0,Uber to office
08/07/2020,Travel,61.0,Course fee
12/17/2019,Others,778.0,Doctor visit
05/30/2019,Food,57.0,Uber to office
,Rent,147.0,pYpPxD9SyRvKyB
28-09-22,Travel,484.0,giJoYVmwwcgJYCu
12/14/2022,Others,1231.0,Monthly rent
2022-01-20,Others,514.0,Dinner at resto late
2020-07-28,Education,111.0,Dinner at resto
05/13/2021,Rent,123.0,Dinner at resto
08/11/2021,Utilities,1058.0,Paid electricity bill
12/03/2022,Food,253.0,Grocery shopping
01/11/2020,Etnertainment,179.0,Netflix subscription
2020-12-26,Savings,390.0,Gift
29-08-21,oFod,62.0,Grocery shopping
2021-04-01,Salary,85856.0,Netflix subscription
01-12-19,Entertainment,84.0,Netflix subscription 
2022-06-29,Travel,888.0,Doctor visit 
29-08-21,Bonus,58345.0,Salary 
22-07-22,Food,2616.0,72nS3cj7k
31-05-21,Rent,973.0,Doctor visit via app
2019-08-13,Travel,61.0,ONIiQqkwa
2021-07-07,Food,183.0,Course fee
04/17/2020,Salary,48228.0,Dinner at resto late
December 09 2022,Entertainment,14.0,Uber to office
08/14/2019,Rent,74.0,Course fee
December 07 2021,Bonus,46259.0,Salary 
2019-11-12,Rent,502.0,Dinner at resto
15-12-20,Travel,653.0,Netflix subscription
January 10 2020,onus,58567.0,Monthly rent
28-12-22,Rnet,110.0,Gift
August 18 2019,Food,289.0,Monthly rent
30-06-20,Food,165.0,Doctor visit via app
2020-04-01,Entertainment,1098.0,Doctor visit
27-09-19,Others,807.0,Gift
September 21 2020,Rent,64.0,Uber to office 
11/30/2020,Entertainment,254.0,C22ig4fQN7V1Z8H
10/20/2022,Travel,173.0,Course fee cash
2019-10-12,Rent,259.0,Course fee cash
07/14/2019,Food,435.0,Grocery shopping late
11-06-22,Food,188.0,Netflix subscription 
2022-06-10,Utilities,1568.0,Grocery shopping
2021-09-01,Rent,687.0,Monthly rent
2021-02-27,Food,545.0,Doctor visit via app
March 29 2021,Food,1398.0,Doctor visit
2019-06-13,Food,814.0,Grocery shopping
May 06 2020,Utilities,3336.0,Gift
02/28/2022,Rent,1053.0,Dinner at resto
2019-12-21,Rent,109.0,Monthly rent
07/05/2022,Other Income,75657.0,Salary via app
06/06/2021,Entertainment,682.0,Rwrrmar0rOmb
06/11/2021,Rent,260.0,Dinner at resto
2020-01-28,oFod,504.0,Monthly rent
12/30/2020,Bonus,56643.0,Uber to office
03-03-22,Rent,4335.0,Monthly rent
2019-12-30,Utilities,24.0,Netflix subscription
08/13/2021,Savings,186.0,Monthly rent
08/27/2021,Utilities,401.0,Monthly rent cash
03/13/2019,Travel,2948.0,Monthly rent 
2021-04-22,Salary,68106.0,Gift late
August 30 2021,Entertainment,120.0,Doctor visit
January 28 2019,Rent,104.0,Gift
02/22/2021,Rent,2683.0,Gift
April 08 2022,Travel,306.0,Doctor visit
August 17 2020,Food,144.0,QPiy4huoA0Jw
10/23/2021,Salary,64897.0,Doctor visit
03/04/2019,Rent,411.0,Salary
04/12/2021,Food,350.0,Monthly rent
06/16/2022,Others,358.0,Course fee
2020-05-04,Food,165.0,Grocery shopping
2020-11-27,ravel,328.0,Paid electricity bill
January 28 2022,Rent,12092.0,Grocery shopping
10/13/2019,Food,336.0,Doctor visit
2019-08-04,Food,1086.0,Gift
27-08-21,Entertainment,63.0,Course fee
12/05/2020,Others,,Monthly rent late
12/15/2019,Food,331.0,Grocery shopping
January 06 2022,Entertainment,213.0,Salary late
24-01-22,Food,627.0,Monthly rent via app
07/12/2019,Utilities,926.0,Salary
12/08/2019,Food,200.0,Netflix subscription
07/23/2021,Salary,48648.0,BJySLbmobgZPyBNl8NNS
14-05-19,Other Income,53188.0,Salary
11-10-22,Travel,3085.0,Doctor visit
11/27/2019,Health,71.0,Gift cash
08/30/2021,Travel,212.0,Uber to office via app
2021-04-05,Rent,144.0,Netflix subscription
17-08-22,Bonus,72776.0,Course fee
May 12 2021,Rent,632.0,Monthly rent
September 18 2019,Travel,854.0,Gift
12-05-22,Rent,210.0,Doctor visit
04/06/2020,Food,175.0,Gift
15-05-22,Food,1119.0,Monthly rent cash
2019-10-27,Rent,10083.0,doG9uCOh0cX6ahgZa
07/15/2020,Travel,741.0,Doctor visit
12/23/2021,Rent,255.0,Salary
January 07 2020,Food,858.0,Gift late
17-05-20,Food,999999.0,Netflix subscription
December 07 2021,Other Income,18089.0,FoqvcgvAIU6I
2020-02-23,Utilities,520.0,Grocery shopping cash
09/13/2022,Bonus,60576.0,Course fee via app
2019-11-01,Travel,125.0,Dinner at resto
2019-02-04,Food,810.0,Salary 
2020-02-11,Rent,297.0,Uber to office 
11/08/2020,Fodo,1150.0,Monthly rent 
2022-12-06,Utilities,293.0,Uber to office
2020-12-02,Utilities,271.0,Grocery shopping
November 27 2020,Savings,1144.0,Doctor visit
09/11/2021,Utilities,1106.0,Paid electricity bill cash
2020-09-27,Entertainment,70.0,Doctor visit cash
September 04 2020,Utiliies,162.0,Monthly rent via app
2022-08-15,Rent,202.0,Grocery shopping
11-09-19,Bonus,85916.0,Paid electricity bill
11/16/2020,Entertainment,246.0,Uber to office
October 23 2021,Rent,193.0,Doctor visit
08/05/2022,Travel,2652.0,Grocery shopping
2021-10-26,Reent,639.0,Paid electricity bill late
2020-05-21,Salary,88896.0,Gift
2021-01-01,Food,134.0,Salary
2022-07-20,Rent,580.0,Monthly rent
September 06 2019,Travel,2308.0,Doctor visit
2020-07-18,Food,318.0,Paid electricity bill late
01-10-21,Food,578.0,Gift late
March 11 2021,Rent,162.0,Uber to office
07/29/2020,Travel,517.0,Grocery shopping
October 31 2020,Rent,446.0,Grocery shopping
17-01-20,Food,103.0,Monthly rent
2022-05-13,Utilities,3768.0,Dinner at resto
06/23/2020,Entertainment,517.0,Monthly rent
2021-06-15,Othhers,818.0,Uber to office
08-02-22,Savings,2972.0,Dinner at resto
2020-07-13,Food,811.0,Gift
02-11-20,FFood,664.0,Salary
12/01/2022,Food,6100.0,Dinner at resto
17-05-21,Rent,488.0,Dinner at resto
2020-03-24,Food,2493.0,Doctor visit
2019-09-07,Rent,7600.0,Monthly rent
May 25 2020,Food,225.0,Uber to office
18-09-19,Others,265.0,Uber to office
09-02-22,Rent,385.0,Doctor visit
06/04/2019,Salary,56393.0,Gift
2019-06-23,Rent,793.0,Gift
2022-11-16,Bonus,,Gift
January 11 2021,Rent,331.0,Uber to office cash
27-04-21,Utilities,209.0,Gift
2021-10-11,Utilities,54.0,Salary
,Entertainment,89.0,Paid electricity bill late
04/14/2021,Fodo,986.0,Netflix subscription
March 05 2019,Salary,63985.0,Uber to office cash
05/22/2020,Bonus,63602.0,Doctor visit via app
12/09/2021,Others,2455.0,Netflix subscription
26-06-20,Rent,185.0,Salary
2021-04-26,Utilities,164.0,Netflix subscription
,Bonus,63849.0,Doctor visit
11-03-22,Rent,264.0,Paid electricity bill
19-09-22,Travel,3956.0,Dinner at resto 
10/17/2020,Travel,1216.0,Dinner at resto late
06/06/2019,Utilities,96.0,Paid electricity bill late
2019-01-11,Other Income,91038.0,Monthly rent
08-01-21,Food,203.0,Paid electricity bill
25-02-21,Savings,242.0,Uber to office
18-10-22,Rent,382.0,Uber to office 
02/19/2019,Food,341.0,Grocery shopping
2020-07-12,Rent,744.0,Netflix subscription cash
06/01/2019,Rent,591.0,Netflix subscription cash
2021-09-09,Food,220.0,Netflix subscription
03/14/2020,Utilities,878.0,WJtDFXxbOpv2do
2020-11-07,Utilities,707.0,Uber to office 
01/12/2020,Others,318.0,Dinner at resto
2022-05-29,Health,94.0,Monthly rent 
17-12-22,Salary,70839.0,Salary
2022-07-18,Health,585.0,Course fee late
2020-02-07,Savings,480.0,Dinner at resto cash
03/29/2020,Food,105.0,Uber to office 
2020-03-21,Food,1174.0,Uber to office
20-11-22,Othes,289.0,Salary
24-07-22,Others,394.0,Netflix subscription
2020-08-03,Others,54.0,Monthly rent
2019-02-11,Bonus,60523.0,Salary
2021-08-26,Other Income,73876.0,Dinner at resto
June 30 2019,Rent,133.0,Gift
2020-04-26,Travel,202.0,Salary
27-12-21,Fodo,854.0,Salary
2019-05-17,Rent,98.0,Netflix subscription 
04/21/2020,Food,639.0,Paid electricity bill
2019-07-14,Rent,87.0,Salary late
2021-10-21,Others,112.0,Monthly rent 
March 07 2022,Education,731.0,Grocery shopping
01/20/2020,Rent,260.0,Dinner at resto
02/04/2019,Food,480.0,Course fee
23-02-22,Travel,1100.0,Paid electricity bill
13-04-19,Food,810.0,Gift
,Utilities,2754.0,Doctor visit
12-08-19,Rent,73.0,Salary
2020-10-21,Travel,593.0,Paid electricity bill
01-11-20,Foodd,1479.0,rn4ycEhT4zZJ5aYMG1
2022-12-01,Education,2189.0,Grocery shopping
05/01/2020,Travel,157.0,Monthly rent via app
02/09/2022,Savings,660.0,Gift via app
,Entertainment,1983.0,Grocery shopping
03/03/2022,Food,1114.0,Grocery shopping late
07/13/2020,Food,850.0,Paid electricity bill late
2019-03-10,Food,504.0,Uber to office
2020-03-20,Travel,428.0,Netflix subscription
02/15/2022,Entertainment,1111.0,Uber to office
2022-10-20,Entertainment,521.0,Monthly rent
2021-02-11,Utilities,4453.0,Doctor visit
2019-08-22,Food,284.0,Gift
2020-05-07,Utilities,309.0,ZlWzO58s8J9l
12/09/2019,Other Income,58097.0,Gift 
21-02-21,Food,2006.0,Grocery shopping
28-04-19,Rent,828.0,Dinner at resto
17-05-19,Utilities,909.0,o29rYDkwvT
12/18/2019,Salary,101324.0,Salary late
23-09-20,Food,857.0,Uber to office
21-01-21,Savings,205.0,UOu7DatzJQ5L4
05/15/2022,Bonus,44656.0,Uber to office
16-03-21,Food,617.0,Monthly rent via app
11/13/2020,Food,1555.0,Grocery shopping
10/22/2019,Other Income,68831.0,Uber to office via app
November 22 2020,Rent,241.0,Doctor visit
2019-11-27,Food,443.0,Pu11KcSJRFC8H0
07/01/2022,Rent,266.0,Gift
11/24/2021,Utilities,127.0,Monthly rent
03/18/2020,FFood,55.0,Uber to office
26-05-21,Rent,177.0,iB2QIvx0FvHLKys
11/24/2020,Food,564.0,Monthly rent
April 17 2019,Food,469.0,Uber to office
July 09 2019,Travel,653.0,Salary
,Rent,57.0,Uftzk4dsCAQEmKCkxp
22-08-21,Utilities,229.0,Netflix subscription cash
11/25/2021,Rent,654.0,Netflix subscription 
September 11 2019,Rent,91.0,Salary late
2020-08-06,Rent,2414.0,Netflix subscription late
2022-11-21,Food,106.0,Gift 
May 04 2022,Food,240.0,Monthly rent
2021-07-15,Rent,445.0,Netflix subscription
July 14 2022,Travel,1950.0,Course fee late
05/25/2019,Food,881.0,Uber to office
18-05-22,Other Income,47917.0,Monthly rent
February 21 2019,Utilities,1052.0,Course fee cash
14-06-20,Rent,352.0,Monthly rent
14-12-19,Health,83.0,Netflix subscription
06/30/2022,Travel,185.0,Course fee
April 11 2021,Utilities,540.0,Uber to office
04/06/2019,Utilities,343.0,Monthly rent
2021-04-22,Other Income,67277.0,Grocery shopping cash
August 23 2022,Utilities,343.0,Paid electricity bill
2020-03-26,Rent,56.0,Doctor visit via app
February 04 2021,Rent,408.0,Salary
06/03/2019,Entertainment,66.0,Paid electricity bill
11/12/2022,Rent,2406.0,Netflix subscription
19-08-19,Savings,34.0,Dinner at resto
2022-09-25,Food,355.0,Grocery shopping via app
07/27/2019,Entertainment,223.0,zEaoIxh2rApccr
08/13/2022,Foodd,855.0,Salary
12-02-20,Entertainment,7025.0,Gift via app
04/08/2020,Entertainment,264.0,Doctor visit
2019-07-25,Education,609.0,Grocery shopping cash
16-02-19,Heealth,2883.0,Monthly rent
28-07-22,Food,1832.0,Monthly rent
03/05/2022,Food,280.0,Gift via app
2020-04-09,Utilities,104.0,Paid electricity bill
05/14/2022,Food,1237.0,Paid electricity bill
25-04-19,Savings,77.0,Course fee
09/14/2022,Food,792.0,Salary
2020-09-18,Food,1180.0,Dinner at resto via app
08/01/2020,Food,634.0,Course fee cash
2021-03-21,Others,176.0,Gift via app
,Other Income,97786.0,Uber to office
08/29/2019,Rent,65.0,Netflix subscription
September 17 2019,Travel,962.0,Uber to office
03/25/2021,Travel,1789.0,Uber to office via app
06/08/2019,Others,981.0,Salary
06/03/2019,Savingss,89.0,Monthly rent cash
08-02-19,Rent,911.0,Netflix subscription cash
04/06/2019,Food,448.0,Uber to office 
01-10-20,Education,845.0,Uber to office via app
2020-07-09,Other Income,49335.0,Uber to office cash
2020-01-29,Utlities,174.0,Netflix subscription
2021-04-28,Salary,73610.0,Salary
2019-01-26,Food,164.0,Paid electricity bill
01/27/2022,Entertainment,218.0,Grocery shopping cash
10/12/2021,Rent,1584.0,Salary
2022-03-12,Rent,100.0,Dinner at resto
22-09-22,Others,1848.0,Doctor visit
2019-12-20,Entertaainment,2809.0,Paid electricity bill cash
2020-07-25,Ren,402.0,Course fee cash
01/09/2022,Travel,557.0,Course fee
04/05/2021,Food,1031.0,Gift
07/07/2021,Bonus,48318.0,Paid electricity bill
12/10/2019,Travel,729.0,Course fee
18-05-19,Entertainmnt,306.0,Monthly rent via app
2021-05-04,Food,177.0,Netflix subscription
2021-10-31,Food,475.0,Grocery shopping
11/29/2021,Food,94.0,Salary
06/24/2022,Rent,930.0,Netflix subscription cash
2021-04-03,Retn,88.0,Salary
January 19 2022,Food,105.0,Uber to office late
07/01/2022,Savings,141.0,Course fee
2021-06-13,Food,295.0,Salary
October 30 2020,Rnet,463.0,Dinner at resto cash
2020-08-27,Food,926.0,Paid electricity bill
22-06-21,Food,1381.0,Dinner at resto
2021-11-21,Rent,81.0,Uber to office
16-03-19,Travel,121.0,Course fee
2020-10-18,Utilities,132.0,Monthly rent late
2020-11-10,Salary,28017.0,Dinner at resto
04/17/2022,Food,635.0,Doctor visit via app
06/29/2022,Food,5472.0,Paid electricity bill
18-11-19,Travel,343.0,Gift
08/11/2020,Entertainment,372.0,Monthly rent
09/12/2019,Traavel,2114.0,Gift
12/17/2021,Rent,483.0,Uber to office
08-08-21,Food,383.0,Doctor visit
2019-04-14,Others,454.0,Gift
30-10-21,Others,446.0,Uber to office via app
2021-03-06,Utilities,1405.0,Course fee
01/30/2022,Rent,558.0,Grocery shopping via app
03/09/2019,Rent,60.0,Course fee
04-08-21,Entertainment,4476.0,HUYj2sEE
05-07-21,Bonus,33762.0,Grocery shopping 
20-07-22,Other Income,66789.0,Uber to office
October 09 2021,Savings,310.0,Course fee
09/14/2019,Food,109.0,Grocery shopping
07-11-20,Food,418.0,Netflix subscription
09-02-20,Savings,520.0,Monthly rent
22-09-19,Food,171.0,Uber to office
16-02-20,Travel,3595.0,Salary
2019-01-02,Food,365.0,Uber to office
16-12-19,Utilities,430.0,aKFTI5Mjo0wHME
29-04-21,Entertainment,981.0,Uber to office
01/16/2020,Rent,581.0,Paid electricity bill
01-02-20,Savings,76.0,Uber to office via app
29-06-21,Utilities,2384.0,Doctor visit
27-09-20,Utilities,914.0,Monthly rent 
October 18 2020,Salary,74889.0,Dinner at resto
2020-11-16,Food,483.0,Gift
01/12/2020,Travel,409.0,Monthly rent
12/26/2019,Food,1426.0,9eOQIwgi
06/10/2019,Travel,2506.0,Grocery shopping late
09/22/2021,Salary,64488.0,zY783iCpVr4eRWGZfj9
November 13 2022,Food,458.0,Dinner at resto
2021-08-27,Entertainment,286.0,Gift
November 22 2021,Food,1478.0,Uber to office
2020-01-19,Savings,111.0,Netflix subscription
08/23/2020,Food,253.0,Uber to office
18-02-19,Entertainment,265.0,Course fee
2020-01-26,Food,235.0,Gift
04/01/2019,Rent,1005.0,Doctor visit late
05/29/2021,Salary,63239.0,Course fee
08/12/2019,Food,2279.0,Paid electricity bill cash
02/25/2021,Travel,244.0,Netflix subscription
05/15/2019,Utilities,462.0,Course fee
05-12-19,Other Income,74359.0,Monthly rent late
12-09-22,Salary,49899.0,ML5jCCEpQivArxDcnl
20-06-19,Travel,999999.0,Gift
04-10-21,Utilities,1020.0,Doctor visit
2021-12-03,Rent,720.0,g0CZy7wUenG
02-11-19,Food,470.0,Salary via app
2019-12-25,Bonus,42709.0,Dinner at resto cash
2022-05-08,Food,113.0,Course fee
,Bonus,63634.0,Course fee via app
09/18/2020,Others,782.0,Gift
,Other Income,47041.0,Course fee
25-07-19,Salary,67928.0,Doctor visit late
10/20/2021,Health,551.0,Salary 
June 21 2022,Entertainment,396.0,Gift cash
06-03-19,Ret,464.0,Uber to office
13-08-20,Bonus,53484.0,Doctor visit
,Rent,2845.0,Course fee
2022-04-06,Food,198.0,Monthly rent
27-03-22,Utilities,706.0,Monthly rent
17-12-22,Utilities,128.0,Doctor visit
April 16 2021,Rent,249.0,Monthly rent 
October 11 2020,Entertainment,320.0,Gift
11/18/2022,Reent,51.0,Doctor visit
21-09-20,Bonus,58470.0,Uber to office
October 31 2021,Rent,100.0,Paid electricity bill 
2022-07-10,Savings,26.0,Dinner at resto
2020-11-01,Foood,56.0,Doctor visit
May 17 2019,Rent,183.0,wgcz56ZSoAskmVaTRvCI
July 23 2020,Food,1029.0,Salary
09/07/2020,Education,590.0,Course fee
06/19/2021,Rent,912.0,Grocery shopping 
2022-01-24,Food,440.0,Netflix subscription late
2020-04-19,Travel,23.0,Gift via app
24-06-21,Other Income,61018.0,Doctor visit
06/11/2019,Rent,147.0,Monthly rent
09-11-22,Travel,469.0,Grocery shopping
2019-02-19,Savings,1286.0,Doctor visit
26-07-20,Food,338.0,Paid electricity bill
,Food,184.0,Salary
12-05-21,Bonus,63075.0,Doctor visit
2019-09-17,Others,1954.0,Monthly rent
31-01-19,Travel,152.0,Course fee
21-01-19,Rent,34.0,Netflix subscription cash
October 06 2022,Bonus,28536.0,Netflix subscription
17-11-22,Fodo,2222.0,ySpD3lYYwUmGgd4d
20-08-19,Savings,1135.0,Monthly rent
12-02-21,Food,716.0,Salary
20-10-19,Travel,263.0,Paid electricity bill
06-08-21,Food,160.0,Dinner at resto cash
,Utilities,2194.0,Uber to office
,Rent,522.0,Course fee
06-06-20,Rent,187.0,Course fee
2021-11-14,Other Income,64258.0,Monthly rent
May 18 2021,Food,77.0,Salary via app
2019-12-06,Utilities,371.0,Monthly rent
2022-11-06,Rent,679.0,Doctor visit cash
04/02/2019,Rent,300.0,Salary
2022-03-26,Others,77.0,Paid electricity bill 
2022-08-12,Others,971.0,Dinner at resto
08/08/2019,Food,110.0,Netflix subscription
04/08/2020,Retn,144.0,Salary
10/25/2019,Food,102.0,Paid electricity bill via app
2022-07-13,Other Income,105562.0,Gift
07/05/2022,Entertainment,9672.0,Course fee via app
06/02/2021,Travel,1749.0,Salary 
2022-11-18,Savings,1913.0,Monthly rent
30-09-20,Travel,309.0,Doctor visit
05/04/2021,Rent,1164.0,Gift
04-06-19,Rent,781.0,Paid electricity bill
2019-02-18,Savings,991.0,Monthly rent
11/26/2020,Otheers,2781.0,Gift
August 10 2021,Food,519.0,Gift
2019-02-03,Food,80.0,Salary via app
09/12/19,Salary,45093.0,Gift late
30-04-20,Travel,344.0,Gift late
16-10-20,Health,176.0,Course fee
21-10-19,Travel,2496.0,Uber to office
06/11/2019,Savings,392.0,Uber to office via app
2022-01-13,Rent,3903.0,Netflix subscription late
05/09/2021,Utilities,73.0,Dinner at resto via app
2020-12-19,Utilities,803.0,Uber to office
12-10-20,Food,227.0,duf4vgAC8EgHBQBb5zoE
2021-03-23,Salary,77826.0,Doctor visit
24-03-21,Rent,315.0,Paid electricity bill
10/26/2019,Food,1525.0,Course fee
2022-03-28,Entertainment,138.0,Dinner at resto
25-02-20,Rent,80.0,Monthly rent
04-05-20,Education,2327.0,Monthly rent
05/09/2020,Ren,694.0,Paid electricity bill via app
December 09 2019,Bonus,49898.0,Gift
May 21 2021,Food,262.0,Gift 
2021-05-02,Rent,218.0,Monthly rent 
11/16/2019,Utilities,77.0,Grocery shopping
2019-03-16,Entertainment,388.0,Doctor visit
2020-12-03,Food,785.0,Doctor visit
09/03/2019,Others,2260.0,Grocery shopping cash
03/14/2019,Food,368.0,Paid electricity bill
August 21 2021,Travel,732.0,Monthly rent
2022-06-08,Travel,5051.0,Salary
2022-12-10,Travel,912.0,Gift
12/10/2020,Salary,70931.0,Dinner at resto
12-01-22,Food,3171.0,Uber to office late
2021-08-14,Utilities,218.0,Dinner at resto via app
11-07-21,Food,,Gift
04-09-21,Entertainment,363.0,Dinner at resto 
03/10/2019,Others,2424.0,d7L2BpAu0XUXRH
2021-06-08,Travel,446.0,Gift cash
2020-03-26,Food,217.0,Vfu0xNC9g
September 24 2022,Food,621.0,Netflix subscription
2020-03-25,Food,386.0,Salary
04/08/2022,Salary,81813.0,Course fee
January 18 2022,Salary,77205.0,Doctor visit
2019-08-29,Utilities,388.0,Paid electricity bill
2019-07-01,Travel,1583.0,Gift
19-11-22,Food,,Dinner at resto
December 18 2020,Bonus,56120.0,MK3lSndb6WS7tFqrXaF
2019-12-26,Saivngs,1027.0,tmTnOMybf
04/14/2021,Bonus,58908.0,Monthly rent
10-11-19,Rent,1802.0,Dinner at resto
10/30/2020,Travel,225.0,Netflix subscription
2022-08-22,Rent,655.0,Netflix subscription
03/04/2020,Rent,110.0,Grocery shopping 
2022-07-12,Food,274.0,Grocery shopping
11/29/2020,Food,373.0,Paid electricity bill 
2020-08-16,Food,163.0,Paid electricity bill 
2021-01-20,Rent,309.0,Dinner at resto via app
2021-06-09,Utilities,180.0,Paid electricity bill
10/24/2019,Savings,181.0,Grocery shopping 
2020-01-02,Travel,1842.0,Uber to office
04/03/2020,Utilities,454.0,Dinner at resto
06/04/2022,Other Income,58151.0,Monthly rent
2021-01-23,Rent,346.0,Course fee
2021-08-13,Utilities,439.0,Monthly rent via app
10/28/2022,ood,535.0,Paid electricity bill
2021-09-15,Salary,36548.0,Monthly rent 
2019-09-16,Food,681.0,Uber to office via app
2022-05-18,Food,67.0,QUQbCVwS7dUoMuJqJ
2019-01-03,Bonus,66920.0,Course fee
2022-06-21,Bonus,,Netflix subscription cash
2022-06-06,Travel,102.0,Paid electricity bill
June 02 2020,Rent,764.0,Doctor visit
03/12/2020,Food,1636.0,Dinner at resto
05-02-22,Rent,73.0,Netflix subscription cash
01/13/2022,Rent,276.0,Gift
10/06/2021,Salary,61233.0,Dinner at resto
September 05 2022,Other Income,66793.0,Gift
03/21/2022,Food,416.0,Monthly rent
19-06-21,Savings,46.0,UdeJLeiE
11-07-20,Rent,751.0,Dinner at resto 
10/25/2022,Rent,1569.0,Grocery shopping
04/16/2021,Entertainment,1863.0,Course fee
2022-03-17,Bonus,74060.0,Netflix subscription
October 24 2022,Travel,699.0,Paid electricity bill
2022-08-06,Rent,2120.0,Doctor visit
22-04-20,Rent,535.0,Paid electricity bill via app
July 03 2021,Entertainment,479.0,Uber to office cash
04-11-21,Health,2606.0,Course fee
February 03 2019,Food,49.0,Salary 
2019-03-21,Food,815.0,Course fee
March 10 2019,Salary,84045.0,Grocery shopping
2020-10-05,Health,254.0,Course fee
05-08-19,Food,1357.0,Monthly rent 
24-10-22,Entertainment,63.0,Dinner at resto
09/29/2020,Food,331.0,Gift
24-08-22,Health,194.0,Paid electricity bill cash
10/04/2022,Rent,2864.0,Paid electricity bill late
24-06-21,Utilities,1191.0,Gift cash
July 14 2019,Food,651.0,Monthly rent
09-03-20,Entertainment,857.0,Grocery shopping
2020-09-18,Utilities,1144.0,Dinner at resto
2021-07-07,Food,183.0,Course fee
06-08-19,Food,582.0,Paid electricity bill
2021-07-19,Entertainment,486.0,Course fee
2019-10-31,Utilities,2554.0,Doctor visit
June 03 2021,Savings,128.0,Monthly rent 
November 18 2021,Utilities,926.0,Uber to office
2021-04-27,Other Income,75285.0,Dinner at resto
2022-07-16,Food,1575.0,Gift
08/15/2022,Food,260.0,Doctor visit
02/21/2021,Utilities,246.0,Dinner at resto
2022-01-12,Food,336.0,Course fee
June 15 2021,Food,885.0,Course fee cash
06/30/2021,Other Incom,69569.0,Course fee
08/17/2020,Food,77.0,Course fee 
2022-04-06,Food,362.0,Grocery shopping
July 23 2022,Rent,541.0,Paid electricity bill late
26-04-22,Rentt,2673.0,Paid electricity bill
24/09/21,Travel,726.0,8L0GKaSMOA5eBVomi
2021-10-08,Bonus,74135.0,Doctor visit
04-05-22,Bonus,56313.0,Dinner at resto cash
December 09 2021,Salary,45105.0,Dinner at resto
12/03/2021,Food,3144.0,Gift via app
04/13/2019,Utilities,153.0,Monthly rent
September 08 2021,Utilities,484.0,Salary
01-09-19,Food,107.0,Salary via app
02/07/2019,Education,652.0,Gift
,Salary,48099.0,W0jynUoKNeVXZ
10/02/2022,Others,2036.0,Paid electricity bill
04/08/2020,Food,317.0,Monthly rent 
23-04-19,Food,999999.0,Paid electricity bill
25-09-20,Bonus,70751.0,Grocery shopping via app
13-04-21,Entertainment,1213.0,7Y7nPpoBoLuJ0
10/22/2022,Savings,2253.0,Salary
September 07 2021,Food,1007.0,Doctor visit
09/17/2019,Utilities,208.0,Uber to office
04/22/2020,Food,283.0,Grocery shopping cash
2020-07-18,Rent,440.0,Uber to office
12/24/2019,Food,1947.0,Salary late
20-07-22,Fod,2148.0,Monthly rent
2022-07-18,Utilities,2035.0,Grocery shopping late
05/12/2022,Food,297.0,Salary
August 27 2020,Other Income,56305.0,65VF51AQGuwEBx9le
08-08-22,Food,44.0,Course fee
05/04/2021,Entertainment,266.0,Doctor visit cash
2020-01-04,Savings,759.0,Course fee cash
07/07/2021,Foo,755.0,Doctor visit
01-08-19,Utilities,100.0,Paid electricity bill 
01/24/2019,Education,1090.0,Netflix subscription
,Bonus,58920.0,Salary 
30-10-22,Salary,53616.0,x61lJlYgIfPC5V
11/30/2021,Other Income,66845.0,Course fee
06/11/2020,Travel,479.0,Doctor visit
16-02-20,Food,114.0,Course fee
01/11/2022,Food,3648.0,Doctor visit
10/15/2021,Rent,765.0,Paid electricity bill cash
2022-11-21,Other Income,40041.0,Course fee
03/28/2021,Food,225.0,Doctor visit late
07-03-20,Rent,487.0,Gift
2019-10-20,Food,228.0,Monthly rent
08/14/2019,Food,500.0,Grocery shopping
January 24 2022,Health,107.0,Monthly rent
2019-12-19,Rent,1219.0,Salary 
2022-06-15,Food,43.0,Dinner at resto
2022-10-19,Savings,722.0,Gift
April 07 2021,Other Income,68850.0,Doctor visit
2020-06-01,Entertainment,298.0,Paid electricity bill
2021-05-02,Fodo,157.0,Paid electricity bill late
June 15 2021,Other Income,76958.0,Gift
2021-01-11,Utilities,103.0,Dinner at resto cash
2021-10-16,Bonus,34726.0,Uber to office
01/20/2019,Rent,1016.0,Dinner at resto
01-04-22,Rent,1712.0,Doctor visit
December 01 2021,Utilities,2045.0,Netflix subscription
02/25/2022,Rent,636.0,Paid electricity bill via app
November 07 2020,Rent,1141.0,Doctor visit
,Salary,62814.0,Monthly rent cash
2020/02/06,Travel,331.0,Dinner at resto via app
2020-08-24,Education,205.0,Uber to office
,Travel,62.0,Netflix subscription 
26-02-19,Bonus,63053.0,Grocery shopping
14-12-20,OtherIncome,58445.0,Monthly rent late
2020-10-25,Food,178.0,Uber to office
November 25 2022,Rent,366.0,Uber to office via app
17-08-22,Food,532.0,Course fee
26-11-21,Food,206.0,Grocery shopping
25-12-21,Food,1429.0,Course fee
08/12/2019,Others,132.0,Doctor visit
,Education,595.0,Doctor visit via app
September 20 2022,Food,1477.0,Dinner at resto
07/27/2020,Utilities,5244.0,l99Pk2zaNaR
20-04-21,Food,173.0,Netflix subscription
2019-11-20,Utilities,2021.0,Netflix subscription
26-11-21,Food,206.0,Grocery shopping
2020-09-08,Food,311.0,im2wnf2FoPh
22-06-21,Food,272.0,Dinner at resto
2020-11-20,Rent,3472.0,Doctor visit via app
01-01-21,Bonus,49614.0,hFsJhiAppjDk0awM4hJ
2022-10-15,Salary,60771.0,Uber to office
23-10-20,Salary,48500.0,Netflix subscription
02/27/2022,Food,161.0,XJt9XLjtuhPy2mdTO6e
2020-10-18,Rent,2330.0,Monthly rent
September 11 2022,Savings,1396.0,Netflix subscription
11-09-22,Others,610.0,Doctor visit
29-03-20,Entertainment,311.0,Salary
07/22/2021,Savings,854.0,a4Qeu7yGDRcxE
05/20/2020,Food,3823.0,Dinner at resto
07/23/2020,Other Income,64748.0,Grocery shopping late
06/11/2020,Rent,382.0,Netflix subscription
06-06-20,Foood,1719.0,Gift
07/17/2021,Education,102.0,Monthly rent
12/22/2022,Entertainment,395.0,Monthly rent
2020-01-07,Rent,271.0,Uber to office
2019-01-27,OOther Income,44955.0,Gift
2022-03-05,Food,6.0,Gift
August 30 2022,Rent,1153.0,Course fee late
June 06 2022,Other Income,76300.0,Monthly rent late
05/13/2020,Rnt,180.0,Netflix subscription
,Rent,2732.0,Doctor visit
10/04/2020,Food,48.0,Doctor visit
19-02-21,Reent,314.0,Course fee via app
06/10/2019,Utilities,85.0,Monthly rent
01/01/2019,Food,3942.0,Netflix subscription cash
January 01 2020,Rent,159.0,Zrtmb5kF
2022/07/12,Health,137.0,Monthly rent
December 11 2021,Rent,51.0,Uber to office
August 19 2020,Rent,689.0,Course fee
04/15/2021,Travel,76.0,Gift
2020-12-08,Food,268.0,Dinner at resto
2020-02-17,Savings,399.0,Dinner at resto
02/12/2020,Salary,,Netflix subscription 
2021-06-13,Food,91.0,Gift
January 14 2020,Health,393.0,Salary
2019-12-02,Entertainment,375.0,Monthly rent cash
09/13/2019,Savings,1698.0,Uber to office
01/26/2022,Rent,18678.0,Paid electricity bill 
,Other Income,47495.0,Salary
2019-06-20,Health,257.0,Netflix subscription
February 07 2019,Health,150.0,tJLWfatyKKNn
2021-09-03,Savings,257.0,Netflix subscription via app
10-02-20,Food,292.0,Gift
,Food,177.0,Grocery shopping
19-06-22,Salary,68673.0,Doctor visit late
July 31 2021,Savings,533.0,Salary
2022-04-25,Food,44.0,Salary
02/20/2020,Food,85.0,Netflix subscription
04/05/2022,Utilities,220.0,Doctor visit
2019-06-29,Bonus,40928.0,Dinner at resto
2022-01-15,Travel,2646.0,Gift
03-06-21,Food,405.0,Paid electricity bill
December 07 2022,Entertainment,490.0,Salary 
2021-05-05,Food,194.0,Netflix subscription
25-12-22,Travel,791.0,Paid electricity bill
23-03-22,Education,490.0,ams25F8WAo
08/11/2022,Food,120.0,Netflix subscription
,Others,415.0,Monthly rent via app
05-01-19,Rent,627.0,Grocery shopping 
01-06-20,Other Income,81541.0,Course fee
2019-12-13,Food,141.0,Dinner at resto late
June 09 2021,Utilities,4982.0,wmHgznKmpowFHyt9W
08/19/2022,Utilities,187.0,Netflix subscription via app
February 29 2020,Entertainment,259.0,Netflix subscription 
02/13/2021,Salary,79100.0,Salary
August 30 2019,Bonus,83243.0,Monthly rent
September 25 2020,Food,167.0,Gift
2020-05-30,Utilities,467.0,Course fee via app
,Salary,68120.0,Course fee
June 19 2020,Salary,45596.0,Monthly rent
2019-10-01,Travel,162.0,Netflix subscription
09/07/2021,Bonus,63124.0,Doctor visit
07/15/2019,Entertainment,175.0,Monthly rent cash
12-08-21,Travel,247.0,Paid electricity bill
12-07-20,Rent,140.0,Salary
2021-07-21,Ret,538.0,Salary via app
2020-12-31,Food,209.0,Salary
09/12/2022,Rent,414.0,Grocery shopping 
August 24 2019,Entertainment,59.0,Netflix subscription
2019-10-27,Other Income,40481.0,Course fee
21-11-22,Travel,35.0,Doctor visit late
05/09/2019,Travel,370.0,Monthly rent
August 12 2019,Savings,,Grocery shopping
03/24/2020,Food,670.0,Gift
17-01-19,Travel,886.0,Paid electricity bill
07/17/2021,Utilities,284.0,Paid electricity bill
2020-05-29,Food,487.0,Paid electricity bill
June 09 2020,Bonus,66152.0,Monthly rent
,Salary,71322.0,Gift cash
06/28/2020,Food,72.0,Monthly rent via app
07/23/2021,Entertainment,978.0,Dinner at resto
06/21/2020,Rent,276.0,Salary
23-04-21,Travel,86.0,Netflix subscription
01/28/2019,Travel,436.0,Gift
2020-04-17,Entertainment,476.0,Salary
03-08-22,Rent,726.0,viwRt8LrPfGQdgr
15-06-20,Bonus,55613.0,Netflix subscription
07/24/2019,Other Income,79424.0,Grocery shopping
07/02/2021,Travel,2059.0,Course fee
September 06 2020,Food,627.0,Gift late
2019-07-07,Rent,1019.0,Monthly rent
02/04/2022,Health,489.0,Salary
2022-07-11,Salary,53227.0,Salary
12/14/2022,Entertainment,101.0,Netflix subscription
June 17 2021,Food,481.0,Grocery shopping
02/02/2021,Food,841.0,Netflix subscription
11/01/2019,RRent,1174.0,Salary via app
03-04-21,oFod,631.0,Uber to office
2021-07-28,Salary,67718.0,Paid electricity bill
02/18/2021,Rent,536.0,Paid electricity bill late
February 07 2022,Rent,175.0,Salary late
03/05/2020,Education,1085.0,Grocery shopping
April 15 2020,Travel,2623.0,Dinner at resto late
05/16/2019,Food,1126.0,Netflix subscription cash
2019-07-04,Savings,145.0,Monthly rent cash
2021-02-14,Bonus,46845.0,Doctor visit
2021-12-30,Travel,161.0,Gift 
2019-05-27,Food,111.0,Netflix subscription
04/25/2022,Bonus,,Salary
28-02-20,Education,258.0,Monthly rent
14-12-19,Salary,36151.0,Dinner at resto
31-05-20,Other Income,38891.0,Course fee
2020-12-14,Rent,106.0,Course fee
16-10-19,Other Income,49262.0,Dinner at resto
10/13/2020,Food,126.0,Paid electricity bill
2022-04-09,Utilities,179.0,Netflix subscription
March 11 2021,Rent,578.0,Dinner at resto
11-07-20,Utilities,366.0,Doctor visit
05-06-21,Rent,1040.0,Netflix subscription
04/18/2019,Rent,1193.0,Uber to office
24-12-21,Food,1145.0,Gift
15-09-20,Savings,67.0,Course fee
05/19/2020,Savings,210.0,Doctor visit
02/14/2020,ent,668.0,Salary via app
13-07-22,Food,104.0,Salary
January 07 2019,Rent,1033.0,Monthly rent
02/13/2019,Bonus,63338.0,Salary
12/10/2019,Education,692.0,Course fee
04/10/2019,Travel,378.0,Netflix subscription
04-08-22,Others,548.0,Grocery shopping
01/05/2022,Food,715.0,Monthly rent
2021-10-15,Foood,215.0,Uber to office
23-11-20,Education,438.0,Course fee
2019-05-09,Food,764.0,Paid electricity bill
January 05 2021,Food,9336.0,Salary cash
01/06/2020,Travel,93.0,Gift late
02/13/2021,Entertainment,89.0,Salary
2019-11-26,Travel,1514.0,Netflix subscription
08/17/2019,Food,404.0,Netflix subscription late
29-03-21,Entertainment,115.0,Monthly rent
2022-01-01,Food,3558.0,Doctor visit
26-07-19,Savings,374.0,Doctor visit 
07/18/2020,Entertainment,3319.0,Monthly rent
11/04/2019,Rent,124.0,Monthly rent 
2021-10-17,Tavel,16017.0,Netflix subscription
11-08-22,Food,501.0,IZe0EsbB7M8inR5
09-06-20,Salary,60753.0,Doctor visit
2022-02-07,Travel,354.0,Monthly rent 
11-06-22,Health,737.0,Gift 
January 27 2019,Reent,2108.0,Salary
30-08-22,Rent,180.0,Salary cash
2022-07-19,Utilities,225.0,Gift
10/06/2021,Entertainment,710.0,Doctor visit 
11/13/2022,Food,1686.0,Gift via app
2022-12-29,Education,173.0,Dinner at resto cash
21-01-20,Food,319.0,Paid electricity bill
04/02/2021,Travel,4803.0,Paid electricity bill late
2020-02-15,Other Income,34281.0,Grocery shopping
04/05/2022,Utilities,220.0,Doctor visit
2020-09-30,Others,154.0,Dinner at resto
08/08/2019,Utilities,434.0,Dinner at resto
03/06/2019,Entertainment,1234.0,Uber to office cash
2021-08-03,Food,-205.0,Dinner at resto
07/25/2019,Utilities,242.0,Gift
2021-09-21,Travel,174.0,Course fee
2019-07-16,Rent,82.0,Gift 
25-04-20,Bonus,50378.0,Netflix subscription
14-02-19,Travel,135.0,JXcB6SvHajQiitJ2N
16-07-19,Food,233.0,Doctor visit
2022-06-20,Rent,2598.0,Course fee
20-12-19,Entertainment,99.0,Uber to office
11/28/2020,Others,34.0,Dinner at resto
2020-05-26,Travel,299.0,gGv6xKbLLiKNMCGXS
2021-07-15,Entertainment,952.0,Gift 
26-04-21,Food,55.0,Course fee
2020-09-08,Food,311.0,im2wnf2FoPh
2021-11-26,Salary,51189.0,Netflix subscription late
18-08-20,Travel,101.0,Paid electricity bill
June 17 2022,Other Income,62830.0,Monthly rent 
2020-12-20,Others,363.0,Course fee
06/25/2019,Rent,91.0,Uber to office
July 09 2019,Other Income,53160.0,Uber to office
2022-01-15,Rent,184.0,Grocery shopping
07-08-22,Bonus,59843.0,Gift
August 21 2019,Food,187.0,Paid electricity bill
06-06-21,Food,1589.0,Doctor visit
24-03-20,Rent,1099.0,Uber to office
01/08/2022,Rent,1991.0,Salary
04/17/2019,Rent,36.0,Uber to office
2020-10-12,Utilities,229.0,Uber to office cash
07-11-22,Food,140.0,Netflix subscription
09/20/2021,Food,1654.0,Monthly rent
2021-09-04,Utilities,305.0,yCEmzJMgm
July 22 2019,Fod,60.0,Course fee
2021-07-21,Health,762.0,Grocery shopping cash
March 16 2022,Food,69.0,Course fee
01/06/2019,Utilities,2172.0,Gift cash
October 15 2020,Rent,356.0,Netflix subscription
2022-07-10,oFod,137.0,Doctor visit cash
26-01-19,Rent,198.0,Paid electricity bill 
June 25 2022,Salary,70197.0,Doctor visit
18-12-20,Food,500.0,Monthly rent
May 29 2019,Food,186.0,sLbzFHE7xorbFJO
2020-01-30,Utiliteis,412.0,Paid electricity bill
July 12 2021,Entertanment,742.0,Doctor visit via app
2021-05-29,Entertainment,,Uber to office via app
02/08/2019,Travel,222.0,Dinner at resto late
06/30/2021,Bonus,72245.0,Salary 
,Rent,729.0,Salary
11/17/2021,Rent,130.0,Monthly rent
03/09/2021,Utilities,637.0,Monthly rent cash
,Travel,154.0,Dinner at resto via app
07-02-21,aSlary,60609.0,Gift
05/13/2022,Other Income,73349.0,A8Ma4Q9bkhYNCqH7
June 21 2019,Food,180.0,Course fee late
28-07-20,Savings,74.0,Monthly rent
July 02 2020,Food,440.0,Doctor visit
2019-07-02,Rent,1146.0,Monthly rent
February 15 2021,Food,-348.0,Dinner at resto 
2021-10-28,Salary,47961.0,VXAEVdjojmDLvKZW84
2022-11-30,Food,64.0,Monthly rent 
02/10/2019,Health,580.0,Grocery shopping
10/24/2022,Food,5305.0,Uber to office
December 07 2022,Rent,1309.0,VvCANTHjANzcC2I
2020-10-25,Rent,924.0,Gift
24-10-22,Utilities,961.0,Paid electricity bill
10/24/2019,Food,118.0,Paid electricity bill
2022-11-03,Salary,78122.0,Monthly rent late
07/20/2022,Food,285.0,Grocery shopping
2021-11-20,Trave,1389.0,Monthly rent
2020-07-03,Travel,3178.0,Doctor visit
December 13 2022,Salary,94390.0,Salary via app
2022-08-23,Education,15.0,Gift
10/04/2020,Rent,5305.0,Doctor visit via app
18-09-20,Utilities,431.0,Uber to office
12/25/2022,Food,594.0,Netflix subscription
2020-10-05,Food,806.0,Paid electricity bill
24-07-22,Utilities,464.0,Course fee
August 03 2020,Utilities,1373.0,Paid electricity bill
07-08-22,Others,429.0,Gift
10/28/2020,Food,163.0,Course fee
26-01-19,Food,531.0,Kw7YpZ1m7LRl2OG
2019-12-17,Utilities,113.0,Course fee
07/09/2021,Food,2269.0,Salary
10/08/2020,Health,444.0,Course fee
February 23 2020,Other Income,24467.0,Grocery shopping
June 21 2022,Health,70.0,Gift
2021-03-02,Entertainment,323.0,Course fee cash
2021-04-11,Savings,243.0,Monthly rent cash
2019/08/18,Rent,990.0,Doctor visit late
15/04/22,Food,201.0,Course fee via app
2019-04-07,Utilities,250.0,Gift
2019-03-12,Food,517.0,Gift
07/13/2019,Entertainment,629.0,Uber to office
May 23 2022,Rent,92.0,Paid electricity bill late
February 02 2021,Food,986.0,Gift
2021-12-06,Other Income,76927.0,Uber to office cash
2021-03-10,Food,3038.0,Netflix subscription via app
04/28/2022,Food,362.0,Salary cash
April 29 2019,Utilities,1049.0,Uber to office
26-09-19,Travel,445.0,Course fee
03/21/2020,Bonus,38731.0,Course fee
2021-06-04,Rent,960.0,Gift
17-02-19,Food,1291.0,Course fee
2021-11-22,Food,104.0,Netflix subscription
2022-02-07,Rent,1547.0,Dinner at resto cash
03/01/2022,Rent,344.0,Paid electricity bill
2021-08-11,Entertainment,247.0,Uber to office
2019-06-29,Others,1974.0,Monthly rent via app
07-03-21,Rent,510.0,Netflix subscription
01/26/2021,Utilities,153.0,Course fee
02/03/2022,Rennt,564.0,Monthly rent
02/15/2021,Food,6555.0,Doctor visit
11/18/2022,Reent,51.0,Doctor visit
07/30/2019,Other Income,71844.0,Course fee late
2019-02-15,Salary,57331.0,Monthly rent
03-09-20,Travel,210.0,Gift
21-11-21,Utilities,299.0,Doctor visit
03/21/2022,Food,1159.0,Netflix subscription 
31-05-19,Travel,1433.0,Dinner at resto late
2020-02-01,Food,1265.0,Grocery shopping
06/03/2020,Utilities,161.0,Paid electricity bill
09/16/2019,Rent,720.0,Doctor visit
24-07-22,Rent,925.0,Salary
March 25 2020,Other Income,64199.0,Dinner at resto late
01/28/2021,Rent,1738.0,Gift
01/11/2020,Entertainmetn,580.0,Monthly rent
06/15/2019,Bonus,60250.0,Netflix subscription 
03/21/2021,Food,170.0,Grocery shopping
2020-11-17,Other Income,51343.0,Gift
10/28/2019,Utilities,144.0,Paid electricity bill via app
2022-07-27,Food,2053.0,Gift
2019-07-09,Food,79.0,Gift
2021-09-22,Utilities,2562.0,Salary
2021-05-21,Rent,142.0,Grocery shopping cash
27-10-21,Travel,1348.0,Salary cash
06/28/2022,Travel,316.0,Dinner at resto
2019-10-15,Rent,383.0,Doctor visit via app
11/28/2022,Food,1325.0,Dinner at resto
03/14/2022,Salary,98685.0,Monthly rent cash
12/10/2020,Savings,378.0,Uber to office
07/15/2022,Others,-550.0,Doctor visit
2022-12-28,Salary,50117.0,Salary via app
2021-01-14,Travel,75.0,Paid electricity bill
2020-02-02,Travel,478.0,Gift cash
2021-10-04,Utilities,103.0,Salary
31-12-20,Rent,587.0,Uber to office 
2019-07-22,Food,960.0,Dinner at resto
09/14/2020,Other Income,48725.0,Course fee
2021-03-06,Utilities,447.0,Netflix subscription
2019-11-12,Food,295.0,Dinner at resto
12/28/2020,Travel,785.0,Gift 
2020-05-26,Rent,569.0,rE4Zyb9Da5
07/31/2022,Utilities,87.0,Paid electricity bill cash
2020-03-22,Othr Income,75649.0,Doctor visit
06-05-22,Rent,,QvCCDMktv2mJkfDeCo5
16-03-19,Travel,121.0,Course fee
27-12-19,Utilities,798.0,Grocery shopping
2021-09-01,Food,201.0,Salary
2022-08-07,Utilities,337.0,Grocery shopping
December 31 2020,Bonus,35484.0,Course fee via app
2022-02-09,Food,190.0,Netflix subscription
September 23 2019,Entertainment,166.0,Monthly rent 
,Utilities,1535.0,Netflix subscription
11/18/2022,Rent,2174.0,Doctor visit cash
July 24 2019,Food,152.0,Uber to office
September 05 2021,Rent,295.0,Dinner at resto
August 13 2022,Others,691.0,Paid electricity bill
12/12/2019,Savings,2159.0,Uber to office
30-11-19,Rent,335.0,Dinner at resto
June 04 2022,Utilities,63.0,Gift
August 23 2021,Food,531.0,Paid electricity bill via app
2022-07-16,Bonus,73422.0,Dinner at resto
2020-09-17,Rent,188.0,Uber to office
2019-09-09,Travel,377.0,Course fee
04/21/2022,Education,1634.0,vLRs1x51T
08/28/2020,Rent,457.0,Grocery shopping
07/02/2022,Travel,1397.0,Gift
November 15 2020,Bonus,71407.0,Doctor visit 
04/03/2019,Rent,708.0,Course fee via app
08/26/2020,Savings,222.0,Gift
March 26 2020,Rent,209.0,Course fee via app
2020-10-18,Utilities,60.0,Grocery shopping
06-01-20,Other Income,80373.0,Paid electricity bill via app
08-09-21,Utilities,360.0,Monthly rent
03/18/2020,Rent,1489.0,uX0Tv9wZYlEPjSXSV
04/18/2019,Travel,156.0,Dinner at resto
02/25/2020,Food,335.0,Monthly rent cash
2022-10-17,Educatiion,2838.0,Dinner at resto
2020-09-25,FFood,155.0,Dinner at resto
October 27 2020,Fod,178.0,Dinner at resto
November 11 2019,Food,818.0,Doctor visit
April 06 2019,Food,5166.0,qii01rPKqydZctF79A7o
10/14/2020,Food,153.0,Dinner at resto
29-05-20,Travel,188.0,d1f2i78hAZGKX1ugk1
2021-11-04,Food,931.0,Dinner at resto 
03-06-20,Food,1947.0,Paid electricity bill
2020-05-11,Entertainment,174.0,Monthly rent
2019-08-28,RRent,642.0,Grocery shopping
11-02-22,Food,347.0,Grocery shopping
08/08/2020,Food,113.0,Salary
06/27/2020,Utilities,1263.0,OV5ZyAmO
2022-12-08,Entertainment,513.0,Paid electricity bill
31-05-21,Food,363.0,Netflix subscription
2022-01-01,Educcation,53.0,Uber to office
05-11-19,Rent,231.0,Dinner at resto late
11/13/2021,Food,530.0,Doctor visit
January 26 2020,Other Income,59787.0,Gift
October 04 2022,Othes,340.0,Uber to office
May 31 2021,Food,135.0,uYLlggvtb4kvcrRY
04/08/2021,Savings,833.0,Paid electricity bill
2022-01-26,Food,1004.0,Paid electricity bill
26-04-20,Food,1735.0,Doctor visit 
2021-03-16,Others,260.0,Doctor visit
2022-07-10,Others,134.0,Uber to office
2022-04-09,Rent,424.0,PCae5Df7JvxTPA
28-12-20,Traevl,610.0,Salary late
2019-02-03,Food,826.0,Salary cash
12/17/2020,Foodd,349.0,Salary via app
2020-11-27,Food,82.0,Paid electricity bill 
2022-01-01,Salary,50038.0,Uber to office cash
2020-09-11,Utilities,435.0,Course fee
January 12 2020,Food,363.0,Course fee
03/05/2019,Food,291.0,Course fee
2021-08-12,Entertainment,89.0,Salary
11/22/2021,Other Income,46135.0,0aCdAtwWPMc5BcDPt90
August 31 2019,Salary,69187.0,Uber to office via app
09/20/2020,Food,1375.0,Gift 
07/07/2021,Rent,553.0,Uber to office
,Rent,368.0,Netflix subscription cash
05/24/2019,Utilities,2005.0,Dinner at resto cash
,Rent,101.0,Course fee
28-10-22,Rent,342.0,Course fee 
April 01 2020,Savings,5077.0,Doctor visit
03-04-20,Food,601.0,Grocery shopping
07-04-21,Rent,197.0,Gift
05-03-21,Rent,1540.0,Dinner at resto
2019-07-24,Rent,1021.0,Course fee
02-08-21,Travel,2915.0,Uber to office
2019-11-11,Food,152.0,Monthly rent via app
06/27/2021,Rent,3471.0,Salary
15-10-20,Travel,155.0,Salary
21-12-22,Rent,816.0,Course fee
05/11/2022,Food,1211.0,Doctor visit 
26-03-19,Travel,217.0,Dinner at resto via app
07-11-19,Rent,533.0,Doctor visit via app
,Entertainment,515.0,Dinner at resto
March 05 2019,Utilities,1059.0,Monthly rent
16-03-19,Rent,17286.0,Doctor visit
11-06-20,Travel,266.0,Dinner at resto via app
2020-02-24,Rent,1240.0,Doctor visit
26-07-19,Bonus,42190.0,Paid electricity bill
2019-11-12,Travel,35.0,Grocery shopping cash
21-04-22,Food,318.0,Salary
09-12-20,Food,1806.0,Monthly rent
07/10/2020,Food,501.0,Gift via app
22-09-21,Rent,867.0,Netflix subscription 
2022-01-05,Food,4749.0,Paid electricity bill
07/17/2022,Food,10.0,Paid electricity bill
07/28/2020,Rent,53.0,Gift
2020-12-31,Entertainment,611.0,Monthly rent
07/15/2020,Travel,1262.0,Course fee
,Entertainment,266.0,Monthly rent
2019-01-31,Entertainment,319.0,Monthly rent
07/03/2022,Travel,1029.0,2SgEKG3r8j
February 10 2022,Utilities,269.0,Doctor visit
26-11-21,Utilities,353.0,Gift
08/10/2020,Travel,1044.0,Netflix subscription
02/02/2022,Others,948.0,Course fee
2021-10-09,Bonus,47473.0,Course fee
2020-10-15,Travel,907.0,Grocery shopping
2021-04-20,Food,1434.0,Gift
,Food,228.0,Uber to office
2021-03-22,Rent,697.0,Paid electricity bill
01/16/2020,Rent,639.0,Grocery shopping
2019-03-01,Entertainent,216.0,Course fee
01/12/2022,Food,209.0,Paid electricity bill
September 18 2019,Rent,310.0,Dinner at resto
20-10-19,Food,630.0,Uber to office
,Savings,1254.0,Course fee
03/13/2019,Food,213.0,Dinner at resto
01/31/2021,Utilities,714.0,Doctor visit late
25-01-21,Salary,66692.0,Gift
03-11-21,FFood,1728.0,Doctor visit
05-07-20,Entertainment,176.0,Netflix subscription
2020-12-20,Travel,795.0,Dinner at resto
08/30/2021,Travel,429.0,Salary
2020-10-05,Salary,66045.0,Monthly rent
01/08/2019,Entertainment,120.0,Grocery shopping via app
26-04-22,Rent,1421.0,Netflix subscription
2020-09-06,Food,384.0,Course fee
05-06-21,Other Income,62945.0,Doctor visit
25-10-21,Food,198.0,Salary
2021-08-04,Other Income,62704.0,Gift
2022-09-13,Other Income,,Uber to office
20-02-20,Salary,67961.0,Monthly rent via app
14-08-22,Rent,325.0,Uber to office
14-09-22,Salary,101570.0,tdSZcv2ocnr80
August 26 2019,Travel,331.0,Gift cash
05/15/2022,Rent,465.0,Grocery shopping
27-06-22,Salary,62768.0,Monthly rent via app
2021-07-03,Travel,2301.0,Doctor visit
2021-01-12,Utilities,187.0,Grocery shopping
2020-02-23,Savings,309.0,Grocery shopping
May 09 2022,Food,3520.0,Paid electricity bill
02/10/2019,Utilities,572.0,Course fee cash
02/16/2022,Food,563.0,Paid electricity bill
11/06/2021,Bonus,35112.0,Doctor visit late
04/27/2019,Salary,48294.0,Uber to office
01/23/2019,Travel,786.0,Monthly rent
06/18/2019,Others,298.0,Salary
08-10-19,Food,346.0,Salary
October 12 2019,Others,1489.0,Monthly rent
05/19/2021,Travel,903.0,Course fee late
2019-06-26,Bonus,63484.0,Uber to office
2019-09-11,Other Income,58208.0,Netflix subscription
2020-12-12,Rent,611.0,w08k6CvgRtH42was
2020-10-23,Rent,150.0,Salary cash
07/13/2020,Rent,212.0,Gift
2021-05-04,Rent,413.0,Gift
2022-03-21,Salary,77437.0,Dinner at resto
2022-12-11,Bonus,61564.0,xpMCSqD2oM
02/05/2021,Food,1391.0,Grocery shopping
June 02 2020,Food,13556.0,Dinner at resto
12/10/2020,Food,136.0,Grocery shopping
20-11-19,Food,119.0,Course fee 
05/05/2022,Food,41.0,Grocery shopping 
June 17 2020,Rent,542.0,Paid electricity bill
11/08/2020,Others,364.0,Netflix subscription cash
10/02/2020,Food,350.0,Netflix subscription
01/27/2021,Entertainment,6054.0,Dinner at resto
2022-04-28,Rent,110.0,Uber to office
02/16/2022,Savings,1707.0,Paid electricity bill
2022-05-14,Travel,7731.0,Grocery shopping
2022-08-31,Utilities,17.0,Grocery shopping
14-03-22,Food,1396.0,Uber to office
07/19/2021,Utilities,367.0,Dinner at resto via app
2020-07-08,Rent,53.0,Monthly rent
01/15/2019,Rent,2536.0,0SxAS4yTr
February 21 2022,Savings,647.0,Dinner at resto
2020-08-21,Travel,2148.0,Gift cash
November 09 2020,Savings,1030.0,Course fee
15-10-22,Utilities,749.0,Paid electricity bill 
May 24 2021,Bonus,46462.0,Gift
03/16/2020,Bonus,54747.0,Dinner at resto
2019-05-30,Utilities,346.0,Gift
09/05/2020,Utilities,28.0,Grocery shopping 
2020-12-01,Food,496.0,Doctor visit
17-02-22,Rent,272.0,Gift
2022-01-22,Bonus,86328.0,Grocery shopping via app
16-06-22,Reent,375.0,Dinner at resto
December 27 2019,Other Income,58867.0,Dinner at resto 
04/04/2022,Travle,112.0,Dinner at resto
2019-01-02,Travel,79.0,Dinner at resto via app
2019-12-22,Utilities,169.0,Monthly rent
02/16/2021,Rent,332.0,Netflix subscription
2021-10-17,Food,706.0,Salary cash
25-07-22,Salary,52770.0,Paid electricity bill
02-01-21,Rent,758.0,Netflix subscription
2020-06-22,Entertinment,400.0,Uber to office
October 29 2021,Others,885.0,Salary cash
2019-03-28,Food,201.0,xEwDmtdlV6HAsrAS
01/17/2021,Bonus,84183.0,Dinner at resto
August 05 2019,Utilities,5122.0,Doctor visit
10/13/2020,Food,26.0,Salary
May 08 2019,Entertainment,1735.0,Dinner at resto
11/29/2022,Traavel,100.0,8imbEULk
13-10-20,Utilities,578.0,Dinner at resto cash
05-02-19,Rent,117.0,Salary via app
2020-10-23,Other Income,73275.0,Grocery shopping 
10/14/2021,Travvel,221.0,Salary
12/05/2019,Food,2072.0,Paid electricity bill
19-02-22,Others,119.0,Salary
2021-06-23,Other Income,75878.0,Monthly rent cash
18-02-19,Utilities,999999.0,Grocery shopping via app
April 21 2019,Food,720.0,Doctor visit
01/10/2022,ood,93.0,Monthly rent
June 20 2021,Food,564.0,Dinner at resto cash
04/18/2021,Bonus,77724.0,Doctor visit
10/24/2020,Utilities,27.0,Uber to office cash
08/01/2019,Others,2428.0,Dinner at resto cash
12/25/2021,Travel,881.0,Uber to office
2022-03-23,Food,55.0,Dinner at resto
02/02/2020,Foodd,1101.0,Gift
29-01-19,Entertainment,1065.0,Doctor visit
February 20 2020,Entertainment,1982.0,Salary
2022-07-15,Food,343.0,Doctor visit
03/15/2019,Entertainment,,Grocery shopping cash
02/09/2019,Others,25.0,Uber to office
June 19 2022,Food,3100.0,Doctor visit 
2021-01-11,Travel,39.0,Course fee
10/24/2020,Other Income,86361.0,Salary
06/04/2020,Travel,200.0,Course fee
08/05/2019,Other Income,44314.0,Salary
December 18 2019,Entertainment,391.0,Gift
2020-04-09,Entertainment,83.0,Grocery shopping via app
2022-10-08,Food,653.0,Paid electricity bill 
June 19 2020,Other Income,46462.0,Uber to office
2020-04-13,Entertainment,51.0,Paid electricity bill
04/10/2020,Food,49.0,Salary
2022-08-30,Rent,3168.0,Salary
December 31 2021,Bonus,61256.0,Salary
2021-07-20,Rent,82.0,Gift cash
28-08-19,Food,202.0,Gift
15-03-22,Rent,66.0,Dinner at resto via app
October 31 2021,Bonus,67192.0,Course fee
2019-11-10,Rent,549.0,Salary
14-11-19,Food,115.0,Paid electricity bill
01/09/2022,Bonus,63773.0,Doctor visit
14-09-19,Rent,824.0,Doctor visit late
12/28/2021,Food,110.0,Course fee
,Rent,747.0,Gift
2021-10-05,Others,328.0,Monthly rent
September 10 2019,Food,2823.0,Gift
December 27 2022,Travel,1064.0,Dinner at resto
01/05/2020,Travel,1278.0,Netflix subscription
October 22 2022,Food,247.0,Grocery shopping via app
August 21 2020,Health,183.0,Course fee cash
March 05 2019,Rent,264.0,Course fee via app
2019/02/26,Rent,373.0,Gift
05/21/2022,Rent,1476.0,Doctor visit
23-11-19,Savings,303.0,Grocery shopping
2021-08-18,Entertainment,1436.0,Paid electricity bill
10/30/2020,UUtilities,126.0,Dinner at resto
07/26/2022,Travel,288.0,Uber to office
09/24/2021,Other Income,93933.0,Uber to office cash
2019-10-22,Food,31.0,Salary late
2019-06-12,Food,441.0,Course fee
15-11-20,Other Income,64982.0,Dinner at resto
06-04-21,Utilities,3573.0,Grocery shopping
01-07-19,Food,43.0,Dinner at resto
01/04/2019,Rent,120.0,Monthly rent
February 13 2019,Travel,869.0,Course fee
05/14/2020,Other Income,50702.0,Uber to office
,Rent,2852.0,Gift
October 18 2020,Rent,245.0,Salary via app
02/17/2020,Food,904.0,Netflix subscription
2022-07-31,Food,140.0,Gift
2021-09-12,Rent,183.0,Netflix subscription
2022-12-06,Food,200.0,Course fee
2022-03-09,Food,207.0,Monthly rent
2020-04-23,Travel,1242.0,Doctor visit
2019-04-11,Travel,828.0,Uber to office
2020-09-15,Food,,Doctor visit
27-02-19,Food,828.0,Grocery shopping via app
2022-04-10,Entertainment,64.0,Uber to office
22-10-19,Salary,75046.0,Salary
23-02-19,Food,2522.0,Uber to office
2020-04-30,Entertainment,677.0,Course fee
2020-01-02,Food,288.0,U0PoYvvWpS9OsmtuM
23-05-22,Education,123.0,Gift late
29-10-20,Rent,534.0,Dinner at resto
January 13 2021,Food,2080.0,Dinner at resto
01/04/2019,Food,331.0,Course fee
2019-08-17,Bonus,75373.0,Dinner at resto via app
2022-12-23,Other Income,65731.0,Monthly rent
18-03-20,Utilitiees,436.0,Grocery shopping
August 17 2021,Entertainmnt,1814.0,Grocery shopping
03/12/2020,Food,345.0,Grocery shopping
October 12 2021,Travel,34.0,nXFJg60jsbWGzj
09/23/2020,Food,271.0,Paid electricity bill
02/28/2022,FFood,157.0,Dinner at resto
2019-08-06,Rent,8495.0,Netflix subscription
18-10-20,Salary,78131.0,Gift
2020-01-08,Food,4360.0,Paid electricity bill cash
2019-07-08,Foood,283.0,Dinner at resto
07/21/2020,Utilities,169.0,Salary
March 24 2021,Bonus,88721.0,URvwBSEUIG2STezn
2022-03-06,Travel,808.0,Monthly rent
2019-03-20,Utilities,71.0,Netflix subscription
14-06-19,Bonus,53221.0,Grocery shopping
March 04 2019,Others,432.0,Gift
2020-03-23,Travel,395.0,Salary
14-07-19,Savings,478.0,Course fee
12-09-20,Utilitiies,72.0,Uber to office via app
12/01/2022,Food,153.0,Gift late
06-11-19,Bonus,64601.0,Doctor visit
03/10/2021,Food,295.0,Doctor visit
17-01-21,Rent,848.0,Salary late
2021-02-20,Education,262.0,Dinner at resto
07-03-19,Utiilities,327.0,Uber to office 
2022-02-24,Others,4616.0,Gift
May 10 2019,Rent,518.0,Salary
01/07/2020,Others,481.0,TuGbcVyEu836zUMzh
2022-01-14,Other Income,50468.0,Doctor visit
10/15/2019,Others,87.0,Dinner at resto
12/03/2022,Food,371.0,Gift
05/28/2019,Food,319.0,Doctor visit
01-04-20,Education,872.0,Gift
2022-09-28,Education,130.0,Monthly rent
01/21/2020,Food,85.0,hgWptSSqL
2021-07-06,Rent,3851.0,Netflix subscription
12-03-22,Savings,261.0,vNOVb67ZpaDZDNF
2021-10-19,Food,115.0,Course fee
29-03-21,Food,189.0,Gift
21-10-22,Foodd,494.0,Monthly rent
17-09-21,onus,73067.0,Course fee
07/30/2022,Food,144.0,Grocery shopping
2020-05-23,Utilities,78.0,Monthly rent cash
06/25/2020,Savnigs,999.0,Gift via app
11-12-20,Utilities,2344.0,Grocery shopping
09/20/2022,Rent,14.0,Doctor visit via app
07/11/2020,Food,294.0,Salary
09/16/2021,Travel,1163.0,8kLqM2Mg
10-04-20,Savings,407.0,Gift
28-01-21,Utilitiess,25.0,Monthly rent
2022-10-26,Rent,647.0,Monthly rent via app
05-11-22,Bonus,61596.0,Dinner at resto
March 12 2020,Food,819.0,Grocery shopping
November 07 2019,Food,864.0,Paid electricity bill late
2019-11-28,Food,162.0,Uber to office
28-02-20,Entertainment,,Salary via app
2021-03-15,Rent,67.0,Salary
14-10-22,Eudcation,871.0,Gift
2022-11-27,Utilities,746.0,Dinner at resto
23-06-20,Travel,1386.0,Monthly rent
2021-05-08,Oters,52.0,Monthly rent
2021-05-21,Food,1307.0,Uber to office
2020-09-03,Salary,58931.0,Paid electricity bill 
2020-11-03,Others,717.0,nl1qMcjSuzkheZCsX
2021-10-14,Rent,1566.0,Grocery shopping
03/04/2022,Utilities,63.0,Doctor visit late
2019-08-09,Others,529.0,Monthly rent
04-06-22,Education,1384.0,Uber to office
01/07/2021,Salary,61803.0,Paid electricity bill
March 19 2020,Rent,898.0,Dinner at resto via app
2019-09-10,Food,1466.0,Salary via app
06-01-21,Other Income,59591.0,Grocery shopping
05/13/2019,Salary,48462.0,Doctor visit via app
10-10-22,Food,64.0,Doctor visit via app
04/09/2019,Food,77.0,Grocery shopping via app
06/02/2019,Food,2454.0,Grocery shopping
04/03/2019,Savings,263.0,Uber to office cash
,Other Income,48413.0,Grocery shopping via app
06/21/2020,Food,3767.0,Course fee
01/13/2020,Education,2236.0,Paid electricity bill
2021-12-03,Food,223.0,Salary
14-01-22,Entertaiinment,1091.0,Doctor visit
2022-06-02,Travel,25.0,Salary
2020-08-19,Travel,578.0,Course fee 
09/20/2021,Food,3895.0,Grocery shopping
06/22/2021,Travel,174.0,Dinner at resto
March 07 2021,Rent,,Course fee late
05/30/2021,Food,340.0,Grocery shopping cash
08/23/2022,Utilities,1199.0,Netflix subscription late
12-08-20,oFod,364.0,Netflix subscription
10/01/2022,Savings,401.0,Gift
05-10-20,Rent,257.0,Uber to office
23-07-21,Bonus,18266.0,QwJJgAo7JsHX6
2022-07-14,Rent,410.0,Dinner at resto
08-02-20,Education,438.0,Grocery shopping
2019-10-04,Retn,570.0,Gift 
12/27/2020,Rent,2540.0,Salary via app
2020-08-11,Food,1571.0,hvjBDRoDLRKhzeiCatw
2019-09-07,Entertainment,468.0,Monthly rent
08/27/2021,Health,179.0,wTBgg7eaBd3J9uA
05/25/2021,Utilities,942.0,RKEWjFGBbQkyvV0B
2019-03-20,Utilities,4878.0,Gift
09/27/2022,Travel,551.0,JdrONR1ieKzp0w
05/03/2021,Travel,144.0,Grocery shopping
2019-07-26,Rent,128.0,Salary cash
01/03/2020,Rent,227.0,Uber to office late
2021/09/07,Other Income,57184.0,Doctor visit
25-04-19,Salary,41854.0,X1ASG92aO72WOlvzGBK
2019-07-19,Other Income,51460.0,Uber to office
28-05-22,Savings,119.0,Uber to office 
06-06-19,Other Income,73620.0,Course fee 
04/08/2021,Food,1899.0,Paid electricity bill
2019-06-26,Travl,1901.0,yEj5ReQJnsfeVLN
06-11-20,Food,693.0,Grocery shopping
September 27 2020,Food,68.0,Paid electricity bill 
2019-05-26,Food,561.0,Paid electricity bill cash
March 22 2020,Food,1315.0,Netflix subscription 
March 11 2021,Food,83.0,Course fee
28-11-22,Travel,506.0,Salary
01/01/2020,Utilities,355.0,Paid electricity bill
01-05-19,Bonus,65449.0,Paid electricity bill
12/10/2020,Rent,193.0,Netflix subscription
2020-06-10,Others,2440.0,Salary 
06-01-19,Rent,60.0,Gift
February 12 2022,Food,448.0,TbqMvyPXr6J2
2020-05-03,Entertainment,,Netflix subscription
01/05/2020,Entertainment,239.0,Netflix subscription
2019-03-22,Other Income,48749.0,Monthly rent
November 08 2021,Food,40.0,Salary
01/18/2021,Rent,79.0,Course fee
2022-08-04,Other Income,70746.0,Monthly rent 
04/06/2019,Entertainment,773.0,i4R4tw8nWfebDq
07-01-22,Education,173.0,Monthly rent
2021-08-12,Food,1011.0,Grocery shopping cash
05/30/2021,Rent,639.0,y4wht0OhmIL2nvAf
01-12-22,Travel,15.0,Salary 
2022-09-11,Salary,35559.0,Monthly rent
01-05-21,Savings,221.0,Doctor visit
04-12-21,Food,363.0,Monthly rent
2020-03-29,Rent,965.0,Salary late
August 29 2021,Salary,74420.0,Paid electricity bill
08/23/2022,Rent,132.0,Course fee
12-08-22,Travel,103.0,Dinner at resto
2020-06-13,Travel,1661.0,Paid electricity bill
2022-07-26,Other Income,55332.0,Paid electricity bill
June 02 2020,Rent,764.0,Doctor visit
17-02-21,Rent,567.0,Paid electricity bill late
04/02/2019,Rent,556.0,Salary late
08/28/2019,Entertainment,1895.0,svhCvJYELGHgcEQrjXX
2019-09-15,Travel,410.0,Gift
July 26 2019,Utilities,312.0,Course fee
October 01 2022,Travel,46.0,Doctor visit 
02/13/2021,Savings,1260.0,oqXfXt75fVzCNszSJvEG
2021-02-05,Bonus,56773.0,Monthly rent
07/27/2020,Others,776.0,Course fee
04/20/2020,Others,4827.0,Grocery shopping late
12/19/2021,Utilities,622.0,Netflix subscription
2021-03-22,SSalary,68947.0,Netflix subscription
03-03-21,Travel,132.0,Gift
September 25 2019,Other Income,52236.0,Gift
04/15/2021,Food,279.0,Paid electricity bill
2022-09-21,Other Income,74219.0,Netflix subscription
2019-03-14,Food,1286.0,Gift
05/24/2022,Bonus,5405.0,Paid electricity bill
23-02-19,Food,2437.0,Paid electricity bill
2022-02-17,Rent,1918.0,Salary via app
18-11-21,Travel,427.0,Grocery shopping via app
04/11/2022,Savings,577.0,07bmk4xg
May 05 2019,Food,1325.0,Gift 
June 14 2020,Savings,209.0,Gift
05/29/2020,Saary,91347.0,Gift
06/06/2020,Entertainment,34.0,Paid electricity bill
2021-05-20,Food,86.0,Monthly rent via app
2022-04-21,Entertainment,801.0,Course fee
2021-12-26,Other Income,79491.0,Salary
21-01-22,Food,130.0,Dinner at resto
31-05-19,Food,408.0,Monthly rent
25-02-19,Food,874.0,Doctor visit cash
29-06-21,Rent,249.0,Doctor visit
2021-04-03,Travel,869.0,Uber to office 
07/09/2022,Foodd,3375.0,Monthly rent
26-06-20,Foodd,449.0,Paid electricity bill
08/01/2019,Savings,1011.0,Uber to office
2021-12-19,Entertainment,541.0,Gift
02/17/2022,Food,2202.0,Paid electricity bill 
2020-09-18,Bonus,46333.0,Course fee cash
01/01/2021,Health,76.0,Netflix subscription
06/15/2022,Food,1928.0,Dinner at resto
07/24/2020,Travel,636.0,Course fee
August 15 2019,Entertainment,601.0,Paid electricity bill
August 30 2020,Savings,96.0,Grocery shopping 
September 18 2021,Travel,285.0,Grocery shopping
04/21/2022,Food,305.0,Doctor visit
03/20/2020,Entertainment,136.0,Dinner at resto
05/17/2020,Travel,585.0,kRspFqnTVvyUAdqFy
2022-03-30,Utilities,608.0,Netflix subscription cash
12/28/2019,Travel,631.0,Dinner at resto
2022-04-16,Salary,44183.0,Grocery shopping 
2019-12-30,Bonus,55448.0,Monthly rent cash
09/20/2019,Rent,427.0,Monthly rent late
March 09 2019,Fod,200.0,Dinner at resto
July 19 2022,Travel,327.0,Course fee
02/11/2021,Food,56.0,Dinner at resto via app
,Utilities,1028.0,Netflix subscription via app
2022-01-28,Travel,103.0,Course fee
November 05 2019,Utilities,251.0,Gift
2020-09-09,Savings,1843.0,Gift
12-09-21,Travel,5877.0,Monthly rent 
February 27 2021,Food,817.0,Dinner at resto
09/12/2019,Food,1327.0,Doctor visit cash
17-08-21,Others,87.0,Dinner at resto
18-08-20,Education,66.0,Paid electricity bill
06/20/2021,Food,1139.0,Doctor visit 
2019-09-20,Other Income,57220.0,Doctor visit late
2022-10-11,Others,339.0,Netflix subscription
28-04-22,Travel,429.0,Grocery shopping via app
09/10/2020,Utilities,84.0,Paid electricity bill
03/23/2019,Travel,1975.0,Su98IspPCzJI9c7
08/31/2019,Entertainment,232.0,Grocery shopping 
2020-12-28,Rent,194.0,Gift
02/24/2020,Food,81.0,Gift cash
08/20/2022,Food,2013.0,Dinner at resto
2020-12-30,Savings,1179.0,Doctor visit late
,Travel,143.0,Paid electricity bill
08-02-22,Other Income,62930.0,Netflix subscription
2021-10-25,Rent,38.0,MRGz8MbV2sxTr6RvJcu
22-11-21,Rent,244.0,Salary late
11/07/2020,Food,341.0,Gift
2021-10-20,Rent,704.0,Gift
24-12-19,Food,123.0,Paid electricity bill
2022-08-22,Other Income,47494.0,Grocery shopping
10/17/2021,Rent,265.0,Monthly rent cash
06-05-19,Other Income,63811.0,Dinner at resto 
11/20/2019,Fod,128.0,Monthly rent via app
13-01-21,Utilities,191.0,Doctor visit
11/01/2020,Rent,26.0,TxLoQzw0UXrj3IM4XI
12-12-20,Food,3791.0,KJxbMElzNdiOq4w
September 22 2021,Food,2760.0,Doctor visit
05/06/2022,Bonus,87376.0,F7VGsA9Onz1
05-11-21,Rent,128.0,Salary
05/06/2022,Utilities,1793.0,Doctor visit
2019-06-07,Others,2302.0,Salary
March 21 2019,Entertainment,223.0,Monthly rent via app
September 11 2020,Utilities,573.0,ajtJcxv55
March 12 2021,Rent,585.0,Course fee
December 17 2020,Entertainment,103.0,Grocery shopping
May 21 2021,Food,286.0,Monthly rent late
June 09 2022,Rent,293.0,Salary
2019-08-09,Entertainment,175.0,Salary
07/03/2020,Rent,1077.0,Monthly rent
04-06-20,Entertainment,365.0,Course fee via app
2021-09-23,Education,284.0,Grocery shopping via app
2021-08-01,Rent,37.0,Grocery shopping late
2020-07-06,Bonus,46349.0,Doctor visit via app
21-07-19,Food,1942.0,Dinner at resto
03/21/2022,Travel,198.0,Doctor visit
2020-08-10,Rent,337.0,Salary
04/04/2022,Bonu,54690.0,Netflix subscription
11-10-22,Rent,3573.0,Doctor visit late
06/17/2019,Entertainment,300.0,Netflix subscription
01/07/2019,Rent,210.0,Paid electricity bill
07/08/2022,Food,193.0,Uber to office
29-08-20,Other Income,53247.0,Uber to office
03/12/2021,Rent,559.0,Salary
2019-03-26,Food,62.0,Salary
11/19/2020,Entertainment,842.0,Uber to office late
04/24/2019,Food,103.0,Netflix subscription late
11/03/2020,Food,1101.0,Salary 
2022-03-12,Rent,74.0,Dinner at resto 
07/15/2019,Utilities,1420.0,Monthly rent
April 10 2019,BBonus,44214.0,Doctor visit
,Other Income,50757.0,Grocery shopping
2020-11-13,Travel,1326.0,Monthly rent
27-04-19,Food,591.0,Gift
2022-03-06,Food,,Paid electricity bill
10-10-19,Travel,115.0,Salary cash
02/15/2019,Rent,128.0,Netflix subscription
03-07-19,Others,71.0,Salary via app
02-12-20,Entertainment,466.0,Salary
09-02-19,Others,630.0,Gift cash
02/11/2019,Rent,2694.0,Gift cash
17-05-19,Rent,416.0,Uber to office
2020-01-02,Travel,956.0,Gift 
26-08-19,Rent,2119.0,Gift
June 27 2019,Utilities,3300.0,Doctor visit
June 25 2022,Others,406.0,Uber to office
2022-06-12,Rent,56.0,Paid electricity bill
01/12/2022,Travel,34.0,Monthly rent via app
February 26 2020,Food,124.0,Course fee
2020-04-09,Entertainment,,Netflix subscription
29-04-20,Rent,157.0,8yhIqWABlLLIK1x
12/28/2019,Rent,142.0,Gift
10-05-21,Rent,192.0,Netflix subscription
07/31/2019,Entertainment,592.0,Doctor visit
08/14/2019,Food,500.0,Grocery shopping
05/19/2020,Rent,965.0,Course fee
February 17 2021,Savings,73.0,Grocery shopping
11-05-21,Food,81.0,Course fee 
September 25 2021,Food,996.0,Paid electricity bill
02/21/2022,Rent,1313.0,Paid electricity bill
07/04/2020,Rent,908.0,Course fee cash
November 28 2020,Entertainment,849.0,klFpFX8klGtcoclg29
05/08/2020,Entertainment,240.0,Paid electricity bill
09-11-20,Rent,81.0,Grocery shopping cash
07-07-19,Travel,1445.0,Doctor visit
May 16 2020,Salary,50593.0,Salary cash
January 10 2020,Utilities,401.0,Course fee
2022-07-19,Food,668.0,Gift cash
2020-12-07,Other Income,63537.0,N7R8z85KcHFdM7eidM5X
February 08 2019,Entertainment,116.0,Course fee
04/03/2019,Savings,695.0,Gift 
September 20 2020,Others,327.0,Paid electricity bill
01-06-21,Food,848.0,Gift 
2020-04-25,Food,4167.0,Course fee
12/07/2019,Utilities,165.0,Dinner at resto
02/22/2020,Food,501.0,Doctor visit
January 07 2019,Education,25.0,Salary via app
31-08-19,Rent,222.0,Gift late
03/01/2021,Savings,140.0,Uber to office late
11/20/2022,Food,547.0,Doctor visit
June 22 2022,RRent,256.0,Grocery shopping via app
2021-12-07,Food,367.0,ohW7I0T6Txj
20-10-20,Food,1805.0,Paid electricity bill late
2021-11-15,Food,151.0,Grocery shopping
22-01-20,Entertanment,2678.0,Lh8dmC5fgiE9VDN
03/28/2019,Rent,489.0,Doctor visit
09/13/2019,Travel,2171.0,Paid electricity bill
12/30/2020,Heaalth,130.0,Uber to office
03-08-19,Bonus,80245.0,Paid electricity bill via app
30-05-21,Salary,72113.0,Monthly rent
,Rent,999.0,Doctor visit late
11/06/2021,Health,109.0,jUVjFD68oeUv7
2019-10-20,Travel,224.0,Netflix subscription
06/13/2022,Food,84.0,Uber to office cash
2019-08-27,Rent,1203.0,Gift
2021-11-17,Food,344.0,Gift cash
2021-02-11,Rent,5033.0,Salary
2022-08-23,Food,365.0,Paid electricity bill
2021-04-01,Others,1326.0,TWIUxLW2d
06/25/2022,Health,1113.0,Monthly rent
22-03-21,Other Income,83177.0,Doctor visit
29-03-21,Utilities,489.0,Paid electricity bill
April 17 2021,Food,454.0,Netflix subscription 
November 13 2022,Travel,586.0,Netflix subscription via app
13-08-19,Rent,139.0,05SrXAwnwi
February 17 2019,Salary,78511.0,Grocery shopping
10/27/2022,Bonus,74842.0,Doctor visit
07-12-21,Bonus,62168.0,Uber to office
October 26 2021,Food,1276.0,Doctor visit
2021-08-29,Bonus,66686.0,Uber to office
17-05-20,Travel,1004.0,Uber to office
02/01/2022,Rent,294.0,Gift
2019-05-04,Food,212.0,cWTiWgs0oS8I4JP3FIl
05/31/2022,Education,6736.0,WOcoeE3qGY4
May 07 2022,Other Income,53548.0,Gift
2020-02-26,Rent,74.0,4f3RctUYaKu
September 16 2019,Education,149.0,Gift
2022-04-29,Food,905.0,Salary via app
,Food,62.0,Salary
2022-04-22,Travel,868.0,Course fee
07/18/2021,Food,526.0,Salary cash
2021-12-10,Other Income,76034.0,Salary
11/24/2019,Savings,242.0,Dinner at resto late
01/28/2022,Other Income,69902.0,Monthly rent
13-08-22,Food,667.0,Dinner at resto
01-09-21,Salary,42186.0,Netflix subscription late
07/09/2019,Bonus,42221.0,Uber to office late
03/20/2019,Entertainment,4479.0,Paid electricity bill
2022-05-02,Travel,517.0,Salary cash
2020-04-09,Utilities,104.0,Paid electricity bill
2019-02-28,Utilities,616.0,Dinner at resto 
2021-10-12,Entertainment,353.0,Salary late
06-05-19,Entertainment,939.0,Netflix subscription
20-09-19,Entertainmnt,929.0,Doctor visit
11/01/2022,Food,38.0,Dinner at resto 
03/26/2019,Education,190.0,Dinner at resto 
08/13/2020,Health,1977.0,Course fee
01/14/2021,Others,142.0,Uber to office
2019-07-01,Education,398.0,Dinner at resto
2019-12-30,Entertainment,2727.0,Dinner at resto
2020-08-06,Bonus,47135.0,Uber to office cash
03/28/2021,Savings,325.0,Course fee late
08/26/2019,Entertainment,139.0,Dinner at resto
03/03/2022,Food,165.0,Grocery shopping
09-09-21,Others,419.0,Gift 
11/06/2021,Rent,30.0,Dinner at resto 
2021-02-22,Others,293.0,Salary
09/28/2020,Savings,60.0,Dinner at resto
04/29/2022,Savings,966.0,Gift
September 22 2019,Food,349.0,Netflix subscription
2021-08-04,Savings,1295.0,Doctor visit
,Food,1254.0,1hZVRiPioU
2020-08-28,Entertainment,552.0,Gift 
05/26/2019,Entertainment,902.0,Grocery shopping cash
January 27 2019,Entertainment,322.0,Doctor visit 
08/21/2019,Travel,223.0,Gift
2019-04-12,Travel,224.0,j8dvVOXwUFxQIS
February 23 2022,Salary,42325.0,Grocery shopping
01/23/2020,Others,1820.0,Salary
09/08/2019,Food,1336.0,Dinner at resto
2021-02-25,Entertainment,832.0,Netflix subscription
01/09/2019,Food,219.0,4yW52nFfU44lccN
30-03-20,Food,656.0,Paid electricity bill
March 11 2019,Utilities,122.0,Uber to office
29-01-22,Bonus,72380.0,YYO1VKqgQ6Il
02/07/2021,Food,595.0,Dinner at resto
March 21 2020,Rent,250.0,Gift late
03-06-19,Travel,410.0,Paid electricity bill 
2019-04-13,Travel,89.0,Salary
April 20 2021,Utilities,3678.0,Gift
12/22/2022,Entertainment,395.0,Monthly rent
2022-12-07,Food,322.0,Paid electricity bill late
2022-04-21,Entertainment,801.0,Course fee
2019-01-12,Retn,46.0,Paid electricity bill
2021-01-01,Travel,391.0,Grocery shopping 
10/12/2022,Savings,2041.0,Monthly rent
12/12/2022,Utilities,584.0,Grocery shopping via app
08-02-19,Bonnus,52527.0,Uber to office
March 14 2019,Food,508.0,Gift
01/12/2020,Travel,1227.0,Doctor visit
2019-05-03,Bonus,45141.0,Dinner at resto 
2022-12-17,Rent,3849.0,yRDD50qWySod4Vn8xW
2019-12-14,Food,281.0,Course fee
11/22/2019,Other Income,56759.0,Gift via app
25-04-22,Rent,6506.0,Course fee
08/26/2019,Travel,433.0,Uber to office
03/10/2020,Utilities,136.0,Uber to office
10-06-19,Travel,39.0,Dinner at resto
05/29/2020,Rent,1950.0,Course fee
11/04/2021,Other Income,69146.0,Salary 
02/09/2019,Travel,227.0,Monthly rent via app
05/04/2021,Entertainment,266.0,Doctor visit cash
August 01 2020,Education,499.0,Monthly rent
15-04-19,Rent,610.0,Gift
2019-11-21,Rent,330.0,Grocery shopping 
11/05/2019,Bonus,66879.0,Dinner at resto
2019-06-07,Rent,2385.0,Dinner at resto 
10/03/2019,Travel,263.0,Netflix subscription
2022-06-09,Rent,672.0,Course fee late
06/19/2022,Rent,3396.0,Doctor visit
June 29 2020,Rent,667.0,ur3kNFk5
10/20/2019,Others,431.0,Uber to office
2020-02-16,Food,135.0,Course fee
February 23 2019,Bonus,52860.0,Course fee
2021-04-03,Savings,623.0,Netflix subscription
September 15 2020,Savings,388.0,Course fee late
2021-02-11,Food,532.0,Paid electricity bill
15-05-21,Travel,3174.0,Grocery shopping
2022-10-01,Ret,130.0,Dinner at resto 
17-03-19,Food,146.0,Dinner at resto via app
2022-05-17,Rent,157.0,Doctor visit 
07/26/2019,Rent,358.0,Grocery shopping
2021-08-12,Food,76.0,Doctor visit cash
15-06-22,Utilities,136.0,ZYAyiMHBbS
May 22 2019,Food,106.0,Gift
28-03-20,Bnous,45224.0,Course fee 
September 16 2022,Savings,146.0,Dinner at resto
08/23/2021,Food,548.0,Paid electricity bill cash
10/11/2022,Entertainment,1079.0,Uber to office
11-05-20,Rent,4417.0,oNteF5mqSxOxyLtn0YLH
2019-09-24,Savings,493.0,Grocery shopping
14-12-22,Food,96.0,Uber to office
13-05-20,Travel,353.0,Gift cash
24-04-19,Others,173.0,Paid electricity bill
01/10/2022,Bonus,55604.0,Salary 
03/23/2019,Rent,980.0,Salary 
10/14/2020,Savings,387.0,Gift
August 04 2019,Utilities,134.0,Uber to office
April 23 2020,Food,160.0,Course fee late
11/01/2019,Food,126.0,Grocery shopping
15-12-19,Rent,13.0,Dinner at resto
03/23/2020,Travel,173.0,Doctor visit
06-05-20,Food,-580.0,Netflix subscription
03-05-22,Food,1002.0,EQmQhxyhaN
2021-08-05,Entertainment,768.0,Doctor visit
07/05/2020,Fodo,162.0,Gift late
2020-05-27,Food,1740.0,Dinner at resto
09-02-21,Rent,1017.0,Netflix subscription
25-08-21,Bonsu,36133.0,Grocery shopping
2022-05-03,Entertainment,249.0,Dinner at resto late
20-09-20,Fod,247.0,Paid electricity bill
09/10/2020,Other Income,51869.0,Monthly rent late
14-06-21,Boonus,61887.0,Salary
2019-06-30,Others,408.0,Netflix subscription
13-01-21,Food,500.0,Netflix subscription late
08/14/2019,Rent,665.0,Monthly rent
05/25/2022,Food,73.0,Dinner at resto
10-08-22,Food,43.0,Gift
June 03 2022,Rent,126.0,Doctor visit via app
04/24/2021,Health,305.0,Course fee
May 11 2020,Food,372.0,Netflix subscription
2021-11-30,Bonus,63811.0,Paid electricity bill late
2020-12-18,Salary,53607.0,Doctor visit
2019-11-24,Bonus,65215.0,Grocery shopping 
30-11-21,Food,464.0,Netflix subscription 
2022-07-16,Rent,212.0,Monthly rent via app
06-08-20,Entertainment,164.0,Dinner at resto cash
June 19 2020,Utilities,389.0,Gift via app
13-10-21,Food,1366.0,Netflix subscription
2021-11-11,Food,1528.0,Netflix subscription
05/30/2020,Entertainment,309.0,Dinner at resto via app
23-02-22,Travel,1100.0,Paid electricity bill
08-06-20,Rent,231.0,Paid electricity bill
12/17/2020,Others,387.0,Doctor visit
2019-11-14,Others,64.0,Netflix subscription cash
04/20/2021,Salary,45411.0,Monthly rent cash
06-11-20,Rent,2104.0,Gift
2020-02-09,Etertainment,106.0,CpWJVDMze6sjkP4
31-12-22,Food,291.0,Doctor visit
2020-01-19,Rent,409.0,Dinner at resto
2019-06-18,Entertainment,71.0,Netflix subscription
12/22/2021,Salary,46110.0,Grocery shopping
08/04/2020,Travel,93.0,Grocery shopping
09-04-19,Food,466.0,Salary
22-07-20,Food,413.0,Netflix subscription
15-10-21,Utilities,767.0,Uber to office
02/06/2019,Rent,357.0,Salary via app
2021-03-03,Rent,2906.0,Grocery shopping via app
06/20/2019,Bonus,52094.0,Course fee
,Salary,53460.0,Doctor visit
September 16 2020,Food,71.0,Monthly rent
29-01-21,Salary,34239.0,Uber to office
12/28/2022,Utilities,969.0,Salary
,Food,301.0,Dinner at resto
2019-02-04,Other Income,63733.0,Course fee
10/08/2019,Food,222.0,Gift
July 05 2021,Food,406.0,Paid electricity bill
30-08-19,Rent,164.0,Grocery shopping cash
21-01-22,Food,,Salary
26-06-22,Food,7192.0,Doctor visit 
12/27/2019,Salary,52418.0,Salary late
12/31/2022,Rent,106.0,Grocery shopping via app
2021-12-06,Food,132.0,Doctor visit
2020-08-16,Rent,378.0,Uber to office 
11/23/2022,Other Income,53293.0,Salary
22-07-19,Utilities,31.0,Paid electricity bill via app
2022-01-30,Food,249.0,Gift late
30-11-20,Food,425.0,Doctor visit
January 22 2022,oFod,81.0,Dinner at resto
2022-05-02,Rent,177.0,Dinner at resto late
10-12-21,Bonus,68328.0,Salary
07/07/2021,Food,267.0,Uber to office
03-12-19,Travel,358.0,Grocery shopping late
01/03/2019,Salary,57895.0,Doctor visit
11-03-20,Travell,223.0,Doctor visit 
08/25/2020,Eduucation,163.0,Grocery shopping 
2022-01-24,Food,492.0,Monthly rent 
December 14 2021,Rent,187.0,Monthly rent
08/31/2021,Rent,896.0,sLMkN7ZwbBXjmL2UaQ
2020-10-04,Other Income,73187.0,Netflix subscription
2021-11-06,Food,1464.0,Gift late
13-01-20,Entertainment,60.0,Netflix subscription
07/14/2019,Entertainment,401.0,Doctor visit
23-10-22,Other Income,73279.0,Uber to office cash
2019-11-30,Food,459.0,Paid electricity bill
11/18/2021,Travel,1074.0,foqXP3q4I
March 08 2021,Rent,211.0,Doctor visit late
,Utilities,566.0,Course fee via app
09/14/2020,Food,288.0,Dinner at resto
January 20 2019,Salary,74095.0,Grocery shopping
2019-10-16,Food,357.0,Netflix subscription
19-05-19,Health,602.0,Gift cash
2019-01-12,Rent,1292.0,Gift via app
22-07-20,Food,743.0,Netflix subscription
April 16 2020,Rent,207.0,Salary via app
07/01/2021,Bonus,58187.0,Monthly rent 
September 12 2019,Travel,625.0,Uber to office
April 21 2022,Salary,34170.0,Paid electricity bill
07/17/2022,Rent,486.0,Salary late
2022-07-23,Rent,1003.0,Grocery shopping
2021-10-07,Entertainment,101.0,Doctor visit
2019-10-31,Rent,1886.0,PNLLEsCgTCf3w05xU9QK
2020-05-01,Rent,116.0,Grocery shopping via app
05/07/2022,Rent,131.0,Salary
January 06 2022,Food,99.0,Monthly rent cash
,Savings,191.0,Grocery shopping
08/23/2019,Utilities,4626.0,Gift
,oBnus,51395.0,PkS5n5tT2
03/17/2022,Food,486.0,Salary
02/15/2019,Salary,59069.0,Dinner at resto cash
2019-12-16,Food,371.0,Wb95V13a
04/04/2019,Others,36.0,Gift
10/22/2019,Travel,917.0,Doctor visit
01/29/2022,Food,670.0,Gift
2020-04-04,Food,90.0,Gift
2019-10-15,Travle,6161.0,Monthly rent
13-03-22,Rent,63.0,Salary
2021-01-25,Food,464.0,Gift
09-09-21,Travel,3025.0,Gift
12-09-20,Utilities,612.0,bItMgzzc3fLLB9oZd8h
27-08-20,Entertainment,4637.0,pvSaLXJDxM9o7BiewS
02/13/2019,Food,184.0,Monthly rent
January 02 2020,Savings,385.0,Grocery shopping late
09-12-19,Entretainment,166.0,Salary
2022-05-20,Rent,359.0,Course fee
28-05-22,Food,617.0,Gift late
,Salary,71845.0,Course fee via app
01/12/2020,Rnet,829.0,Dinner at resto via app
09-07-22,Travel,4826.0,Grocery shopping
April 15 2022,Food,159.0,Paid electricity bill late
2020-01-19,Foood,1274.0,Gift
02/05/2022,Travel,206.0,Netflix subscription late
06/17/2021,Rent,424.0,Grocery shopping via app
December 10 2022,Bonus,78295.0,Course fee via app
2020-10-13,Food,151.0,S4qCGGUYiPR6e
2019-03-25,Rent,1857.0,Dinner at resto
2020-08-14,Savings,1012.0,Netflix subscription
07/09/2022,Travel,1490.0,Salary
2020-08-31,Food,217.0,Course fee via app
29-01-21,Travel,505.0,Salary
07/26/2019,Food,1906.0,Grocery shopping
05/13/2021,Salary,54385.0,Uber to office late
2022-07-11,Salary,27783.0,Monthly rent
11/16/2020,Rent,1534.0,Doctor visit
2022-06-17,Travel,151.0,Pdj6djbX2k
05-12-19,Other Income,68606.0,Course fee
25-02-21,Travel,269.0,Course fee
November 26 2020,Food,1482.0,Course fee
12/08/2022,Rent,161.0,Salary
07/27/2019,Entertainment,1622.0,Uber to office 
09/17/2020,Travel,100.0,Gift
October 17 2022,Food,,Dinner at resto
08/25/2019,Travel,2527.0,Grocery shopping cash
2021-05-21,Food,1067.0,Monthly rent
May 16 2022,Education,1258.0,Salary cash
2019-10-31,Salary,68753.0,Gift late
2021-02-12,Rent,1895.0,Netflix subscription
29-11-22,Rent,673.0,Course fee 
2019-10-16,Food,491.0,Gift
01-09-20,Rent,80.0,Doctor visit
2022-05-20,Food,561.0,Grocery shopping
May 28 2021,Travel,16.0,Course fee
04-04-22,Salary,84944.0,Monthly rent
December 13 2019,Utilities,22.0,Doctor visit
2022-03-16,Food,28.0,Grocery shopping cash
08/07/2019,Travel,362.0,Uber to office
01/11/2021,Food,25.0,Grocery shopping
01-07-21,Salary,25563.0,Netflix subscription late
29-09-22,Bonus,53574.0,Gift cash
08/21/2022,Food,374.0,Gift
07-06-21,Food,146.0,Course fee
09/14/2020,Other Income,60761.0,Paid electricity bill
04/18/2021,Travel,476.0,Course fee
02/10/2021,Travel,492.0,Gift late
02/09/2020,Food,248.0,Doctor visit
09-03-19,Enteratinment,429.0,Dinner at resto late
2022-07-09,Travel,149.0,Dinner at resto cash
2021-11-30,Food,1122.0,Grocery shopping 
13-12-21,Food,140.0,Grocery shopping
2022-02-16,Rent,377.0,Course fee
03-12-19,Utilities,-518.0,Paid electricity bill via app
27-10-21,Bonus,58313.0,Paid electricity bill
07/07/2020,Food,273.0,Course fee
September 17 2019,Travel,962.0,Uber to office
08/24/2021,Food,857.0,Course fee via app
,Food,291.0,Gift late
May 22 2020,Other Income,29290.0,Grocery shopping
09-01-21,Rent,345.0,4cPqBiLo9jVHvs3B
January 28 2021,Utilities,293.0,Dinner at resto
September 09 2022,Others,28.0,Course fee cash
05/20/2022,Other Income,49573.0,SkuLqviHCNzk
2020-01-04,Utilities,757.0,Uber to office
2019-07-14,Travel,1048.0,Netflix subscription late
06/26/2020,Others,77.0,Monthly rent
11/29/2022,Rent,1019.0,Grocery shopping 
05-03-20,Food,90.0,Grocery shopping
26-09-20,Entertainment,223.0,Grocery shopping
August 08 2021,Utilities,585.0,Gift
11/09/2020,Food,583.0,Paid electricity bill
2021-11-25,Food,254.0,Netflix subscription
2021-03-22,Other Income,45793.0,Paid electricity bill
2021-10-30,Bonus,59769.0,Paid electricity bill
2019-03-21,Salary,58278.0,Grocery shopping
04-09-20,Entertainment,625.0,Netflix subscription
21-12-22,Travel,828.0,Dinner at resto
16-09-21,Utilities,27.0,Salary
2021-07-19,Bonus,62861.0,Netflix subscription
16-02-22,Rent,980.0,Grocery shopping
October 19 2022,Utiilities,908.0,KNextYn5AH
05/22/2020,Food,183.0,Grocery shopping
2019-09-25,Travel,345.0,Uber to office
25-10-21,Other Income,55304.0,Netflix subscription
2021-05-19,Food,607.0,Course fee
01/23/2021,Rent,169.0,Doctor visit
September 21 2021,Food,1774.0,Doctor visit
2019-05-30,Utilities,1297.0,Doctor visit
19-12-19,Travel,102.0,Monthly rent
30-10-22,Food,644.0,Gift
16-03-19,Rent,239.0,Gift
2022-04-08,Food,448.0,Salary
04/09/2020,Food,282.0,Paid electricity bill via app
2021-06-07,Food,127.0,Salary
02/05/2022,Savings,812.0,Course fee 
April 30 2021,Salaryy,57779.0,Salary cash
17-12-22,Entertainment,409.0,7SWKpjtoF4FEZwztXc
12/25/2022,Food,594.0,Netflix subscription
01-01-19,Utilitis,80.0,Dinner at resto
07/19/2019,Travel,381.0,Paid electricity bill
01/17/2020,Food,108.0,Doctor visit via app
12/23/2020,Bonus,64307.0,Grocery shopping
05-06-21,Rent,1040.0,Netflix subscription
2020-01-17,Rent,3535.0,edBxTWjSCC7vd5wuO
25-04-22,Salary,39873.0,Monthly rent late
08/28/2019,Rent,291.0,Course fee
October 07 2020,Food,175.0,Course fee
March 09 2021,Food,58.0,Gift
2022-01-30,Rent,124.0,Course fee
11-09-20,Rent,118.0,yqDkCOITtcbUH
2021-11-21,Savings,383.0,Gift
01-09-20,Entertainment,169.0,Monthly rent via app
12-09-20,Utilities,97.0,Course fee 
August 19 2019,Food,799.0,Netflix subscription
2021-04-02,Entertainment,1443.0,Doctor visit
12/25/2019,Entertainment,274.0,Grocery shopping
2021-02-08,Other Income,76927.0,Monthly rent
2020-02-28,Entertainment,165.0,Salary
13-02-21,Travel,115.0,Salary
June 12 2021,Rentt,253.0,Netflix subscription
2020-02-05,Utilities,763.0,Grocery shopping
11/10/2019,Others,2136.0,FuI0aOqC
2020-07-01,Savings,1667.0,Doctor visit
March 26 2019,Bonus,80518.0,Uber to office
,Other Income,57622.0,Gift 
2021-12-09,Savings,311.0,Doctor visit via app
03-12-21,Rent,556.0,Dinner at resto
11-01-20,Utilities,1278.0,Doctor visit
04/15/2021,Trravel,281.0,Course fee via app
2022-11-15,Rent,106.0,Gift 
19-03-22,ent,170.0,734atRO9
2022-06-29,Entertainment,172.0,Grocery shopping 
14-09-21,Utilities,341.0,Uber to office cash
11/24/2019,Travel,727.0,Dinner at resto
02-12-21,Food,315.0,Netflix subscription via app
06/16/2022,Others,358.0,Course fee
17-09-19,Rent,3609.0,Paid electricity bill
10-04-21,Rent,514.0,Doctor visit
02/17/2021,Food,1032.0,Dinner at resto
,Utilities,82.0,Netflix subscription
05/13/2019,Food,370.0,Monthly rent 
2021-02-01,Education,1596.0,Gift 
,Othr Income,71149.0,Dinner at resto
27-10-19,Other Income,61788.0,Netflix subscription
2021-05-01,Utilities,407.0,Paid electricity bill cash
21-09-19,Food,1481.0,Doctor visit via app
August 25 2022,Savings,230.0,Course fee cash
2021-04-06,Travel,1164.0,Course fee late
24-02-20,Rent,73.0,Course fee
2022-09-03,Travel,415.0,Course fee
09/24/2021,Rent,280.0,Course fee
2019-05-21,Rent,190.0,Netflix subscription
2022-11-08,Food,508.0,OP6XJ51IoXPIk5Ra
16-02-22,Rent,12.0,Doctor visit cash
07/10/2020,Utilities,769.0,hdo1VESFIQs60
20-09-21,Food,440.0,Doctor visit
April 13 2020,Food,336.0,Netflix subscription
December 24 2019,Food,993.0,Salary
2019-03-25,Utilities,248.0,Grocery shopping via app
29-09-21,Food,318.0,Monthly rent
11/07/2021,Rent,590.0,eXVjWL6ZQf
October 18 2019,Travel,433.0,EfTihskJXQOUyebK5iO7
25-06-20,Entertainment,943.0,Paid electricity bill
01-10-19,Utilities,,Course fee cash
25-09-21,Rent,1850.0,Grocery shopping
30-07-22,Rent,373.0,Grocery shopping via app
08/02/2020,Food,871.0,Salary late
January 04 2022,Rent,1645.0,Monthly rent via app
06/23/2022,Food,549.0,Gift
07/05/2019,Bonus,55522.0,Monthly rent
2021-11-28,Education,1352.0,Gift
December 27 2021,Rent,100.0,nyctSqOVtxHGz6ALO
2021-08-17,Utilities,131.0,Paid electricity bill
2022-06-20,Travel,662.0,Dinner at resto 
09-03-21,Entertainment,114.0,Salary
08-12-21,Entertainment,575.0,OrB5M25kC9Llu
May 15 2020,Rent,341.0,Doctor visit
,Utilities,,Doctor visit
12-08-22,Food,937.0,Monthly rent
12/28/2019,Food,158.0,Paid electricity bill
06/28/2021,Travel,2515.0,wBMR7Gf69iMzaNzA
30-08-21,Food,174.0,Paid electricity bill
28-08-19,Rent,436.0,Gift
2022-11-28,Other Income,48139.0,Course fee
07/04/2020,Entertainment,651.0,Netflix subscription
11-02-19,Rent,181.0,Paid electricity bill
02-08-20,Bonus,69413.0,Gift
02/16/2021,Food,564.0,Dinner at resto late
22-01-19,Fodo,660.0,Course fee cash
June 30 2022,Rent,626.0,Course fee
01/31/2020,Food,2955.0,Monthly rent
08-04-19,Food,909.0,Netflix subscription
2020-02-25,Entertainment,57.0,Monthly rent
2019-12-11,Utilities,64.0,xeKgzhx4p
03/02/2022,Food,927.0,Paid electricity bill
07-02-21,Salary,63203.0,Dinner at resto
May 25 2019,Salary,67662.0,Netflix subscription
2019-04-03,Food,1514.0,Paid electricity bill 
2021-06-30,Food,490.0,Monthly rent late
01/17/2022,Rent,1480.0,Dinner at resto
01/19/2022,Food,153.0,Course fee cash
07/22/2020,FFood,23.0,Course fee
11-12-19,Utilities,558.0,Paid electricity bill
June 07 2022,Food,48.0,Monthly rent late
December 10 2022,Utilities,343.0,Dinner at resto
2022-10-09,Rent,1559.0,Netflix subscription
,Food,891.0,Monthly rent
30-09-19,Education,166.0,Course fee
2019-06-18,Travel,71.0,Salary
02/26/2019,Rent,453.0,Uber to office
2021-05-21,Food,945.0,Dinner at resto
2019-03-14,Other Income,67201.0,Gift late
08/24/2019,Food,1823.0,Grocery shopping 
2019-08-08,Others,60.0,Dinner at resto 
2019-02-26,Food,383.0,Dinner at resto
01/11/2021,Food,254.0,Doctor visit
March 05 2019,Salary,63985.0,Uber to office cash
12/13/2019,Entertainment,333.0,bnw0xyKvb5TusPj
July 05 2020,Foood,1316.0,Grocery shopping via app
09/07/2020,Food,231.0,Uber to office 
2020-01-18,Rent,2703.0,Paid electricity bill
27-10-22,Other Income,45012.0,Grocery shopping
August 30 2021,Other Income,65374.0,Paid electricity bill
12/28/2022,Food,6410.0,Grocery shopping
31-08-20,Fodo,628.0,Uber to office via app
,Rent,367.0,Netflix subscription late
07/25/2022,Food,502.0,Paid electricity bill
07/27/2019,Other Income,79326.0,Salary
04/17/2022,Rent,63.0,Paid electricity bill cash
06/23/2022,Food,521.0,Uber to office late
08/14/2020,Travel,10.0,Course fee 
04/28/2019,Health,101.0,Grocery shopping
2020-06-14,Slary,80954.0,Course fee via app
12-06-21,Others,109.0,Doctor visit
03/20/2019,Rent,-770.0,Doctor visit
04/29/2022,Health,156.0,Grocery shopping 
2022-11-28,Rent,,Monthly rent
2019-01-27,Utilities,1450.0,Dinner at resto
2022-09-10,Rent,179.0,Salary cash
22-04-21,Rent,346.0,Uber to office 
May 06 2019,Other Income,63511.0,Gift cash
07/19/2022,Travel,310.0,Doctor visit
06-04-22,Travel,235.0,Uber to office
25-01-21,Food,167.0,Grocery shopping
02/20/2021,Entertainment,277.0,Paid electricity bill
2019-10-03,Health,295.0,Uber to office
2021-07-31,Travel,378.0,Course fee cash
05-02-19,Food,284.0,Gift 
07-02-21,Utilities,484.0,Monthly rent
12/15/2019,Food,345.0,Monthly rent
05/31/2022,Entertainment,6825.0,Grocery shopping
02/14/2022,Food,163.0,Doctor visit
02/23/2020,Utilitiees,223.0,Dinner at resto
03/29/2019,Food,493.0,Monthly rent
02/14/2020,Salary,70219.0,Grocery shopping
June 01 2020,Savings,671.0,Grocery shopping
06/09/2022,Rent,166.0,Paid electricity bill late
13-01-22,Food,1079.0,Uber to office 
26-06-20,Reent,1618.0,Dinner at resto
August 06 2022,Savings,272.0,Monthly rent
15-10-21,Utilities,31.0,Salary 
06-03-21,Travel,909.0,Netflix subscription 
30-06-20,Food,3628.0,Salary
2022-08-05,Travel,778.0,Salary
June 29 2021,Utilities,530.0,Monthly rent
2019-03-28,Rennt,1648.0,Grocery shopping 
2020-10-25,Food,178.0,Course fee cash
05-12-20,Rent,381.0,Salary
2022-08-15,Travel,5191.0,Salary via app
07-06-22,Utilities,24.0,Uber to office cash
February 11 2022,Bonus,43658.0,Dinner at resto
2020-05-21,Rent,568.0,Netflix subscription
01/31/2021,Food,109.0,Paid electricity bill
17-09-19,Food,958.0,Paid electricity bill via app
03/13/2021,Rent,919.0,Grocery shopping late
May 18 2021,Utilities,1071.0,Netflix subscription
08-09-20,Rent,372.0,Course fee via app
November 19 2022,Food,134.0,Dinner at resto via app
05/13/2019,Rent,652.0,Netflix subscription
2019-07-13,Travel,908.0,Paid electricity bill late
June 23 2019,Utilities,74.0,Paid electricity bill cash
01-05-22,Food,270.0,Course fee
01/15/2022,Savings,1190.0,Netflix subscription
03/18/2019,Other Income,48098.0,Ii02gMHx5PBvkNpVzKyn
01/03/2019,Savings,154.0,T6qh1Xrs7uJ
12-01-21,Other Income,62778.0,Doctor visit cash
2022-10-07,Food,2304.0,Uber to office cash
01/22/2021,Rent,316.0,Gift
2022-11-14,Entertainment,1659.0,Netflix subscription
09-02-20,Savings,520.0,Monthly rent
07/18/2021,Food,150.0,Netflix subscription via app
07/12/2020,Travel,1091.0,Dinner at resto
07/02/2021,Salary,48064.0,Grocery shopping
16-09-22,Rent,117.0,Salary late
August 30 2022,Rent,256.0,Grocery shopping
2021-02-15,Salary,66256.0,Course fee 
2021-07-21,Food,567.0,Uber to office
2021-05-04,Food,144.0,Gift
2019-06-10,Food,539.0,Doctor visit
December 15 2020,Bonus,74630.0,Dinner at resto 
03/16/2019,Food,633.0,Dinner at resto
01-07-19,Rent,533.0,Paid electricity bill cash
2022-12-24,Food,3539.0,Monthly rent
19-02-19,Health,2419.0,Grocery shopping
18-06-22,Utiliities,188.0,Monthly rent
2022-06-09,Utilities,906.0,Netflix subscription cash
2020-02-12,Food,603.0,Dinner at resto
05/07/2021,Entertainment,99.0,Gift
2021-11-10,Entertainment,778.0,Gift via app
2022-10-17,Travel,101.0,Grocery shopping
06/02/2020,Food,5190.0,Uber to office cash
June 14 2020,Travel,565.0,Doctor visit
2020-09-23,Rent,2367.0,Salary via app
17-02-22,Food,323.0,Paid electricity bill late
10-05-21,Food,1091.0,Grocery shopping
November 20 2021,Entertainment,1662.0,Netflix subscription
08/25/2020,Food,438.0,Monthly rent
07/05/2019,Savings,406.0,HmaWAZlAN2J58qS
07/14/2021,Rent,2587.0,Gift late
2020-02-14,Food,2207.0,Doctor visit cash
12-06-21,Entertainment,254.0,nm6IRBlFs
05/23/2021,Bonus,60017.0,Uber to office
2019-12-30,Utilities,2030.0,uK0arxIqFq1C
2021-11-20,Rent,279.0,Salary
03-04-20,Others,71.0,Uber to office
2021-10-27,Food,872.0,Dinner at resto
07-08-20,Foo,509.0,Gift
2022-01-11,Others,79.0,M1TwxutQ4yzC
07/02/2022,Food,576.0,Paid electricity bill via app
08/09/2022,Entertainment,54.0,Salary
2021-08-11,Food,221.0,Gift late
2022-10-08,Education,216.0,Uber to office
28-03-20,Travel,447.0,Dinner at resto
2022/06/28,Educatino,492.0,Dinner at resto
2021-06-04,Rent,60.0,Doctor visit
20-02-19,Rent,1433.0,Grocery shopping late
24-10-19,Entertainment,233.0,Monthly rent via app
06-01-20,Food,103.0,4GIonoyPcO
19-11-22,Rentt,658.0,Netflix subscription via app
September 01 2020,Travel,134.0,Monthly rent
February 23 2020,Travel,729.0,Netflix subscription late
December 22 2022,Food,956.0,Gift
06/05/2020,Education,168.0,Paid electricity bill via app
2022-08-12,Food,78.0,Uber to office late
July 05 2020,Bonus,62669.0,Paid electricity bill
2020-06-02,Other Income,59946.0,gOJkVNnmO
08/05/20,Food,889.0,Uber to office
2022-04-29,Salary,70599.0,Doctor visit
2022-09-19,Others,45.0,FAc8Majts3PYDisN6R
23-12-19,Rent,44.0,Course fee via app
2019-09-16,Salary,38055.0,Paid electricity bill
04/23/2022,Food,272.0,Grocery shopping
January 13 2019,Rent,1658.0,Grocery shopping
06-03-20,Rent,283.0,Doctor visit
2021-02-01,Utilities,107.0,Course fee
09/07/2019,Rent,328.0,Dinner at resto
23-07-22,Travel,946.0,Netflix subscription
2019-10-17,Education,115.0,Salary
23-11-21,Rent,2270.0,Doctor visit
2022-07-14,Education,159.0,Uber to office 
03-02-21,Savings,954.0,Uber to office
15-11-22,Food,1109.0,8cH8b8te9xxYa
2021-08-16,Rent,1109.0,Uber to office
14-07-21,Food,225.0,Netflix subscription
03/31/2020,Rent,376.0,Grocery shopping late
2020-07-07,Savings,233.0,Dinner at resto
11/09/2021,Rent,2028.0,Monthly rent late
08/05/2019,Rent,108.0,Monthly rent
September 25 2020,Salary,80297.0,Netflix subscription
12/22/2020,Food,511.0,Monthly rent
25-10-19,Food,314.0,Uber to office 
2022-06-27,Rent,1079.0,Dinner at resto late
2020-03-17,Rent,268.0,Monthly rent
09/22/2019,Salary,58949.0,Course fee
2020-03-24,Rent,2384.0,Paid electricity bill cash
03/25/2019,Utilities,341.0,Gift
2021-07-17,Rent,1474.0,Netflix subscription
10/04/2022,Food,423.0,Salary
2019-11-03,Other Inncome,72940.0,Doctor visit
2019-07-01,Food,377.0,Grocery shopping
2019-02-13,Savings,6393.0,Paid electricity bill via app
October 13 2022,Salary,51965.0,Gift
2022-08-08,Rent,420.0,Paid electricity bill
April 04 2021,Food,1333.0,Course fee
01/20/2020,Rent,260.0,Dinner at resto
03/12/2019,Food,1315.0,Uber to office 
2019-12-02,Ohers,,Paid electricity bill
May 26 2022,Food,1017.0,Grocery shopping
07/08/2021,Entertainment,4299.0,Gift
10/14/2022,Education,2338.0,Doctor visit
06/01/2022,Food,74.0,Dinner at resto
February 27 2019,Other Income,85604.0,Uber to office via app
March 28 2021,Food,227.0,Paid electricity bill
2020-04-19,Fodo,318.0,Monthly rent
05/31/2019,Food,110.0,Monthly rent
11/27/2019,Travel,33.0,o6y9bmIpeKgEE5X7B2E1
02-12-22,Rent,2720.0,Netflix subscription
06/02/2021,Food,1553.0,Salary
2020-04-11,Entertainment,20117.0,Doctor visit
11/25/2022,Salary,77761.0,Grocery shopping
02/09/2020,Salary,82873.0,Dinner at resto
01/12/2022,Entertainment,456.0,Course fee
04/18/2020,Food,1263.0,Doctor visit
10/31/2022,Other Income,49608.0,Course fee
01/11/2021,Rent,773.0,eWrMW9bNMQxu
05/30/2020,Other Income,40554.0,Dinner at resto late
04/13/2019,Travel,1636.0,Monthly rent
07-10-22,Others,277.0,Netflix subscription
2020-08-18,Food,1621.0,Grocery shopping
11-01-19,Travel,172.0,Paid electricity bill
02/08/2021,Food,259.0,Doctor visit
03-10-19,Utilities,1165.0,Monthly rent via app
07-02-20,Rent,407.0,Netflix subscription
05/06/2022,Salary,41039.0,Gift
December 01 2022,Entertainment,606.0,Grocery shopping late
May 08 2022,Rent,308.0,Salary
November 17 2020,Savings,1954.0,Paid electricity bill
April 27 2021,Utilities,-716.0,Grocery shopping late
May 23 2022,Rent,1250.0,Salary via app
04-07-21,Other Income,72844.0,Netflix subscription 
04-09-21,Rent,502.0,Doctor visit
30-11-19,Utilities,233.0,Uber to office
05-10-20,Entertainment,573.0,Doctor visit 
2020-12-18,Other Income,37809.0,Netflix subscription
29-12-21,Savings,67.0,Paid electricity bill via app
04-04-22,Salary,84944.0,Monthly rent
01/14/2022,Savings,4098.0,Paid electricity bill
30-11-22,Bonus,54536.0,Gift late
15-05-21,Food,3889.0,Monthly rent
2019-07-16,Others,144.0,Course fee 
12/07/2019,Travel,564.0,Gift late
December 29 2019,Rent,527.0,Doctor visit via app
2020-05-25,Other Income,58229.0,Dinner at resto
April 25 2022,Food,173.0,Uber to office late
2021-03-18,Entertainment,482.0,Grocery shopping cash
29-05-21,Travel,915.0,Grocery shopping
03/19/2022,Entertainment,55.0,Grocery shopping
2019-09-04,Food,868.0,Uber to office
January 12 2020,Rent,197.0,Gift
01-09-20,Travel,1740.0,Paid electricity bill
23-01-20,Utilities,581.0,Course fee
December 20 2019,Rent,327.0,Paid electricity bill
December 17 2019,Food,751.0,Gift via app
August 18 2021,Rent,805.0,Monthly rent
20-12-20,Food,353.0,Doctor visit
03/06/2020,Travel,199.0,Uber to office
2019-08-13,Food,81.0,Doctor visit
03/02/2020,Health,134.0,Gift cash
17-06-20,Travel,326.0,Course fee 
2021-11-13,Rent,224.0,Grocery shopping
November 25 2020,Food,1213.0,Paid electricity bill 
12-08-20,Salary,55968.0,Ir2rUxNDxxgIrUTkx
05/15/2019,Savings,120.0,Dinner at resto
23-02-21,Travel,439.0,JcRW6NJqROWLvbQ3j1sX
June 11 2021,Rent,718.0,Uber to office
03/28/2020,Travel,947.0,Netflix subscription
21-07-22,Health,1539.0,Grocery shopping
07-02-19,Other Income,60472.0,Gift 
2019-11-26,Other Income,57860.0,KPFOm8pqfpqkbz
08/06/2020,Food,320.0,Doctor visit
30-11-20,Food,184.0,Uber to office cash
02/26/2019,Food,1851.0,Monthly rent
10/15/2020,Rent,1014.0,Monthly rent
26-09-20,Food,395.0,Grocery shopping
30-05-22,Food,184.0,Dinner at resto
03/29/2022,Rent,55.0,Paid electricity bill via app
2022-07-22,Food,3394.0,Salary
30-10-20,Travel,303.0,Monthly rent via app
07/08/2022,Rent,31.0,Course fee 
04/05/2019,Other Income,63516.0,Uber to office
03/04/2021,Other Income,52018.0,Gift 
05/09/2019,Entertainment,377.0,Doctor visit
27-02-19,Ren,167.0,Netflix subscription via app
30-09-20,Education,210.0,Salary
01/20/2021,Bonus,77741.0,Grocery shopping via app
2020-04-23,Rent,322.0,Gift
28-04-21,Bonus,72610.0,Salary
2022-08-22,Utilities,305.0,Paid electricity bill
2020/04/04,Food,615.0,Monthly rent
2022-03-09,Education,835.0,Monthly rent
01/13/2022,Other Income,69271.0,Netflix subscription
2022-07-26,Food,5478.0,Uber to office
2022-11-27,Food,341.0,Monthly rent
April 21 2019,Other Income,51348.0,Grocery shopping
22-07-20,Food,234.0,Monthly rent
2020-12-02,Savings,167.0,Netflix subscription 
November 17 2019,Rent,6321.0,Gift
14-09-21,Travel,2193.0,Gift
01/16/2020,Rent,1742.0,Monthly rent
,Eucation,133.0,Gift
06-04-22,Food,104.0,Monthly rent
11/12/2020,Other Income,75524.0,MsqFiopeHqSZulso18D
07-01-21,Other Income,49424.0,Dinner at resto via app
08/14/2021,Food,982.0,1aYRWPw8jYkOUyt3
2020-05-03,Food,2321.0,Grocery shopping
02/28/2019,Travel,669.0,Monthly rent
11-04-19,Travel,618.0,Uber to office
2022-10-14,Retn,456.0,Uber to office
,Travel,16.0,Grocery shopping cash
08/11/2020,Entertainment,372.0,Monthly rent
2019-05-25,Entertainment,153.0,Doctor visit via app
24-01-21,Salary,72761.0,Paid electricity bill
03/05/2019,Rent,784.0,Doctor visit
2021-11-05,Bonus,77997.0,Netflix subscription
12/16/2022,Rent,,Dinner at resto
2019-05-22,Travel,280.0,Uber to office
January 09 2021,Food,433.0,Doctor visit cash
August 07 2020,Entertainment,257.0,Uber to office late
05-06-20,Salary,56750.0,Course fee cash
12/02/2020,Rent,128.0,Course fee late
December 26 2022,Rent,-729.0,Salary
10/17/2021,Food,92.0,Grocery shopping late
02/21/2022,Rent,269.0,Gift
04-06-21,Travel,1148.0,Grocery shopping late
2022-07-02,Salary,96877.0,Netflix subscription 
2021-11-20,Rent,306.0,Paid electricity bill
11-12-22,Food,236.0,Grocery shopping
10/06/2022,Utilities,50.0,Uber to office
February 16 2019,Food,364.0,Salary 
12/05/2021,Travel,343.0,Netflix subscription
18-08-19,Entertainment,436.0,Doctor visit late
27-03-22,Foo,463.0,Gift
03/27/2020,Rent,1416.0,Uber to office late
11-09-19,Food,1587.0,Dinner at resto
21-03-19,Food,44.0,Uber to office
24-02-20,Rent,73.0,Course fee
2022-09-02,Rent,611.0,Dinner at resto
April 23 2021,Travel,265.0,Uber to office
2021-05-10,Food,2210.0,Course fee
April 11 2019,Food,100.0,Uber to office 
,Food,270.0,Salary
2021-02-23,Health,534.0,Dinner at resto
May 20 2019,Fod,314.0,Monthly rent
July 15 2019,Education,875.0,Uber to office
2020-08-21,Education,724.0,Dinner at resto
06-08-21,Travel,1831.0,Paid electricity bill
January 07 2019,Enertainment,537.0,Gift
December 12 2021,Food,370.0,Doctor visit cash
08/26/2020,Entertainment,91.0,Grocery shopping via app
September 23 2019,Rent,18.0,Doctor visit
12/03/2022,Other Income,42912.0,Doctor visit
12/18/2020,Savings,957.0,Course fee
March 26 2019,Travel,2389.0,Netflix subscription cash
25-05-19,Rent,1343.0,Course fee
03-09-22,Food,781.0,Doctor visit
11/02/2019,Rent,223.0,Netflix subscription late
27-06-19,Rent,901.0,Monthly rent
02/17/2022,Rent,700.0,Grocery shopping
04/21/2019,Entertainment,413.0,Grocery shopping
2020-01-29,Education,128.0,Course fee
2020-08-09,Rent,118.0,Course fee
09/11/2019,Entertainment,3571.0,Monthly rent
09/22/2020,Bonus,47353.0,Uber to office
12/17/2019,Food,149.0,Grocery shopping
06/11/2021,Rent,260.0,Dinner at resto
26-12-20,Rent,620.0,Course fee
25-09-21,Rent,1471.0,Salary
,Bonus,35291.0,Grocery shopping cash
2022-05-26,Utilities,166.0,Gift
05/04/2019,Food,261.0,Paid electricity bill
2020-11-22,Salary,57376.0,Uber to office 
February 23 2020,Food,1256.0,Monthly rent
02/08/2021,Food,425.0,Zka9GqH3rN9Q3wgG8r2
2019-08-11,Rentt,190.0,Salary cash
December 28 2022,Food,377.0,Paid electricity bill late
08/14/2022,Food,790.0,Uber to office
July 31 2019,Rent,466.0,Course fee via app
2022-03-29,Food,57.0,Salary
September 04 2019,Entertainment,,Salary
05/12/2021,Food,314.0,Gift
November 07 2022,Travel,230.0,Paid electricity bill
2021-05-26,Savings,2256.0,Monthly rent
2022-08-10,Rent,379.0,Gift via app
21-12-21,Food,534.0,Salary
03/26/2020,Food,344.0,Course fee cash
2019-03-21,Savigns,2975.0,Paid electricity bill
09/16/2019,Utilities,4525.0,RaQZQcnqYItrKopFaMY3
February 28 2019,Food,112.0,Netflix subscription cash
01/30/2022,Rent,631.0,Uber to office
2022-08-16,Rent,143.0,Uber to office
2021-12-05,Salary,86939.0,Monthly rent 
24-06-22,Food,2950.0,Paid electricity bill
,Food,381.0,Grocery shopping
03-11-19,Entertainment,302.0,Monthly rent
22-09-21,Rent,501.0,Dinner at resto
02-07-19,Other Income,85300.0,Gift cash
2019-08-03,Entertainment,172.0,Gift 
2021-04-16,thers,478.0,Gift
07-05-21,Bonus,75882.0,Doctor visit
December 02 2020,Food,247.0,Paid electricity bill
2021-11-25,Food,254.0,Netflix subscription
04/12/2021,Food,796.0,Gift
01/21/2021,Travel,134.0,Grocery shopping
29-06-19,Food,727.0,Dinner at resto via app
30-12-20,Savings,269.0,Grocery shopping late
01/11/2022,Other Income,21717.0,Uber to office
May 08 2022,oFod,50.0,Grocery shopping
25-01-22,Utilities,597.0,Gift cash
04-10-21,Food,158.0,Doctor visit
21-01-22,Savings,89.0,Doctor visit
25-06-22,Salary,61033.0,Paid electricity bill via app
October 22 2021,Food,16324.0,Monthly rent
2019-05-11,Rent,991.0,Gift
2021-12-07,Health,262.0,Paid electricity bill
2021-12-10,Rent,472.0,Paid electricity bill via app
2019-09-18,Food,944.0,Grocery shopping cash
March 11 2020,Bonus,62170.0,Doctor visit
01/16/2022,Utilities,534.0,40lHzFsjdrj
March 26 2021,Rent,28.0,Uber to office
12/01/2022,Bonus,59435.0,Uber to office cash
03/06/2022,Food,545.0,Monthly rent
2022-01-07,Food,63.0,Grocery shopping
11/18/2020,Rent,212.0,Salary
2020-07-22,Rent,3630.0,Salary late
2020-07-07,Food,31.0,Course fee
11/06/2022,Utilities,52.0,Uber to office
03/02/2020,Other Income,62510.0,Grocery shopping
01-12-19,Food,116.0,Doctor visit
April 14 2020,Rent,992.0,Grocery shopping
02/23/2022,Rent,411.0,Netflix subscription
2020-06-04,Savings,986.0,Doctor visit
04/08/2020,Food,2202.0,Doctor visit
April 24 2021,Bonus,51036.0,Grocery shopping
19-09-22,Savings,2727.0,Salary
13-03-22,Rent,1937.0,Gift
08/04/2022,Others,3678.0,Uber to office late
June 03 2019,Food,2393.0,Gift
01/22/2022,Food,6621.0,Paid electricity bill
July 28 2020,Travel,387.0,Monthly rent 
2022-07-28,Food,758.0,Monthly rent
2020-07-19,Entertainment,112.0,Uber to office 
11/04/2020,Others,347.0,Grocery shopping
10/28/2022,Utilities,368.0,Uber to office
07-02-20,Utilities,257.0,Salary
09/21/2020,Savinngs,384.0,Uber to office
08/29/2020,Food,984.0,Salary via app
September 06 2019,Entertainment,79.0,Paid electricity bill
2021-04-05,Rent,2520.0,Course fee
January 08 2020,Food,137.0,Monthly rent
2022-04-05,Travel,91.0,Dinner at resto cash
03-05-20,Utilities,263.0,Netflix subscription
December 20 2019,Salary,59532.0,Netflix subscription via app
March 25 2021,Others,2497.0,Grocery shopping
02/11/2020,Food,955.0,Uber to office
2020-09-13,Education,2534.0,Dinner at resto
2019-06-23,Food,2138.0,Monthly rent
17-09-19,Entertainment,533.0,Uber to office
07/05/2019,Rent,1517.0,Uber to office
12/13/2019,Travel,2150.0,Monthly rent
29-06-20,Utilities,441.0,Netflix subscription
12/07/2021,Food,525.0,Grocery shopping
2022-07-06,Bonus,88602.0,Dinner at resto 
2022-11-06,Health,1187.0,Netflix subscription
22-07-22,Travel,766.0,Uber to office
11/17/2022,Food,67.0,Monthly rent via app
March 28 2020,Health,140.0,Course fee via app
2020-06-18,Salary,52042.0,Monthly rent via app
12/02/2022,Travel,2137.0,Doctor visit
02/27/2021,Food,420.0,Doctor visit
19-11-22,Travel,436.0,Grocery shopping
,Rent,2801.0,4HboaLtiwgDIhkQC
2021-02-09,Salary,84817.0,Course fee cash
24-03-21,Rent,661.0,Uber to office
December 14 2020,Rent,201.0,Gift
2019-10-25,Food,1391.0,Dinner at resto
December 12 2021,Utilities,1133.0,Monthly rent
2022-02-24,Savings,1688.0,Dinner at resto
December 15 2021,Food,-837.0,Salary cash
2019-07-06,Salary,48480.0,Doctor visit
17-04-21,Food,393.0,Paid electricity bill
02/19/2019,Utilties,1747.0,Uber to office via app
08/10/2021,Travel,-1029.0,Doctor visit
31-05-22,Entertainment,41.0,Uber to office
December 31 2020,Rent,533.0,Grocery shopping
10/18/2021,Rent,187.0,Uber to office cash
02-01-20,Food,291.0,Uber to office
12/28/2022,Food,6410.0,Grocery shopping
2019-05-17,Salary,67843.0,Paid electricity bill late
2019-02-02,Rent,991.0,Grocery shopping
03-09-20,Rent,5524.0,Grocery shopping
2020-08-29,Rent,194.0,Paid electricity bill
December 22 2019,Utilities,513.0,Doctor visit
08-02-21,Salary,51016.0,Dinner at resto
2019-03-29,Rent,176.0,Uber to office
,Savings,1748.0,Monthly rent
12-09-20,Entertainment,155.0,Gift
01/23/2019,Travel,142.0,Netflix subscription
August 04 2021,Food,,Dinner at resto via app
12-09-19,Rent,1041.0,Gift
29-07-21,Salary,65110.0,Course fee
2020-10-07,Food,96.0,Course fee
09/22/2020,Food,846.0,Monthly rent
2019-04-14,Food,44.0,Gift
18-03-22,Travel,357.0,Doctor visit late
2020-09-25,Bonus,48951.0,Gift 
January 22 2022,Utilities,1198.0,Netflix subscription cash
November 25 2020,Health,4544.0,Gift
2021-01-12,Food,799.0,eHDroADfC5z9P4RPg6R
19-04-22,Food,,Paid electricity bill cash
June 06 2022,Other Income,58320.0,Uber to office
2020-10-06,Savings,111.0,Salary
2019-02-22,Utilities,1105.0,Paid electricity bill cash
03/10/2021,Food,829.0,Netflix subscription late
September 28 2020,Rent,818.0,Course fee
12-05-21,Salary,41209.0,Doctor visit
2020-08-29,Bonus,64073.0,Monthly rent
25-11-19,Food,899.0,Dinner at resto
2020-12-26,Rent,2032.0,Salary
06/26/2021,Food,78.0,Monthly rent
09/11/2021,Rent,1035.0,Grocery shopping via app
02-09-19,Rent,797.0,Gift
2019-10-13,Travel,2237.0,Dinner at resto
2022-01-25,Health,3129.0,Paid electricity bill
01-02-19,Food,234.0,Doctor visit
May 25 2020,Rent,141.0,Grocery shopping
21-06-21,Savings,390.0,LuC46m9vyP7dVzUqBn
2019-02-07,Entertainment,159.0,Dinner at resto 
2022-04-27,Entertainment,865.0,Paid electricity bill
03/06/2021,Others,100.0,Salary
2022-04-14,Rent,649.0,Dinner at resto
07/25/2019,Utilities,408.0,Paid electricity bill
March 23 2020,Food,259.0,Monthly rent
06/30/2019,Others,294.0,Salary
27-02-20,Rent,1220.0,Uber to office 
17-03-19,Rent,361.0,Netflix subscription
09/13/2019,Travel,82.0,Gift 
2021-09-13,Travel,435.0,Gift via app
03-01-21,Other Income,57156.0,Course fee
2022-12-31,Travel,1525.0,Course fee
09/12/2020,Rentt,286.0,Monthly rent late
2022-05-12,Salary,61974.0,Gift
2020-09-12,Food,1314.0,Salary
11/10/2020,Food,480.0,Course fee via app
06-01-20,Food,103.0,4GIonoyPcO
10/06/2021,Bonus,34488.0,Doctor visit
2022-06-26,Others,477.0,Gift cash
07/09/2022,Education,848.0,Paid electricity bill 
2019-04-13,Food,228.0,Paid electricity bill cash
2019-10-27,Utilities,114.0,Paid electricity bill
01/09/2019,Travel,342.0,Grocery shopping
08/18/2019,Salary,69093.0,Netflix subscription late
09/21/2021,Savings,999999.0,Netflix subscription
2019-06-26,Utilities,463.0,Dinner at resto
09/05/2019,Rent,564.0,Salary
17-11-22,Food,553.0,Gift 
05/02/2019,Others,846.0,Netflix subscription
June 20 2020,Travel,287.0,Doctor visit
2021-05-30,Travel,81.0,Gift
2019-04-16,Utilities,388.0,Uber to office
July 04 2021,Utilities,999999.0,Doctor visit
22-04-21,Food,1265.0,Dinner at resto
2019-09-27,Food,772.0,Dinner at resto
January 06 2022,Health,318.0,Dinner at resto late
09/24/2021,Rent,137.0,Grocery shopping late
03/13/2019,Other Income,49879.0,Course fee
03/28/2019,Entertainment,258.0,Paid electricity bill
02-09-21,Saings,29.0,Netflix subscription
2021-10-16,Entertainment,2572.0,Netflix subscription
07/19/2021,Travel,455.0,Netflix subscription
06/25/2019,Bonus,85295.0,Doctor visit
2022-03-16,Food,441.0,Monthly rent
02/25/2020,Entertainment,68.0,Doctor visit
07-09-19,Food,377.0,Doctor visit
March 12 2021,Rent,1001.0,Grocery shopping
07/07/2021,Rent,103.0,Dinner at resto
June 14 2021,Entertainment,68.0,Course fee
04/23/2021,Food,290.0,Uber to office
11/19/2022,Rent,76.0,Grocery shopping
04/16/2021,Rentt,1126.0,Doctor visit
December 16 2019,Rent,201.0,Dinner at resto
19-04-21,Rnet,393.0,Doctor visit
01/24/2022,Utilities,925.0,Doctor visit
11/06/2022,Bonus,58486.0,JR7fRLJ84H3RARigNP
10/27/2019,Entertainment,1390.0,Gift
2022-08-19,Food,619.0,YrQLtRrEH
2019-11-28,Utilities,388.0,8XyQ62nqBfu
December 11 2019,Food,189.0,Salary
21-02-22,Utilities,65.0,Dinner at resto
12/24/2019,Entertainment,883.0,Gift via app
2019-06-05,Travel,597.0,Grocery shopping
2019-07-29,Utilities,104.0,Netflix subscription via app
11/15/2019,Food,910.0,Course fee 
01/10/2021,Travel,753.0,Course fee
June 06 2019,Rent,116.0,Monthly rent
20-08-19,Savings,149.0,8V4apXQAHmj
05/30/2021,Other Income,100377.0,Salary
2021-05-08,Food,11.0,Netflix subscription
13-03-21,Rent,324.0,Monthly rent 
2020-09-29,Entertainment,564.0,Doctor visit late
09/07/2019,Savings,4.0,Gift late
2021-06-03,Rent,332.0,3sMXVuGk3Md6bgnkA0OQ
2020-06-02,tilities,1496.0,Doctor visit
2020-05-21,Bonus,67038.0,Salary
03/21/2021,Food,170.0,Grocery shopping
03/11/2022,ent,261.0,Grocery shopping
10/30/2020,Rent,361.0,Grocery shopping
2019-08-12,Food,279.0,Gift 
14-02-20,Entertainment,306.0,Grocery shopping late
2019-05-11,Rent,304.0,Doctor visit
August 31 2021,Savings,687.0,Netflix subscription
09/03/2020,Entertainmetn,896.0,Salary
07-07-22,Entertainment,413.0,Doctor visit
05/12/2021,Utilities,756.0,Salary
03/26/2019,Food,512.0,Doctor visit
11/08/2020,Food,766.0,Netflix subscription
02/01/2019,Rent,70.0,Grocery shopping
05/02/2022,Food,339.0,Gift
2022-10-23,Rent,917.0,Netflix subscription cash
2019-02-16,Rent,2240.0,Grocery shopping
November 08 2020,Travel,1610.0,Salary via app
11/13/2022,Utilities,340.0,Netflix subscription 
08/30/2019,Rent,540.0,Grocery shopping 
02-01-20,Utilities,253.0,6mAHAc23i
10/07/2021,Food,59.0,Monthly rent
02/05/2019,Travel,47.0,Uber to office
August 31 2022,Rent,533.0,Uber to office
2020-03-31,Rnt,414.0,Dinner at resto
07/25/2022,Salary,73094.0,Course fee cash
22-09-22,Rent,855.0,Dinner at resto
2020-10-18,Utilities,132.0,Monthly rent late
04/29/2019,Others,50.0,Grocery shopping 
11/07/2022,Utilities,586.0,Course fee 
10/07/2022,Food,165.0,Netflix subscription 
10/19/2019,Food,619.0,Uber to office
2020-11-23,Food,42.0,Course fee
2020-03-23,Food,38.0,Dinner at resto 
2019-07-18,Travel,179.0,Monthly rent via app
09/17/2020,Food,261.0,Salary
August 29 2019,Rent,123.0,Doctor visit
19-05-21,Food,597.0,Dinner at resto
2022-04-07,Rent,560.0,Grocery shopping
January 05 2021,Other Income,67834.0,Paid electricity bill
2020-08-31,Rent,338.0,Grocery shopping via app
2019-05-05,Food,34.0,Grocery shopping cash
12/24/2022,Savings,939.0,Uber to office
2020-07-24,Rnt,734.0,Gift
April 04 2021,Rent,1000.0,Grocery shopping
2020-06-27,Travel,1396.0,Doctor visit 
2022-02-01,Rent,256.0,Dinner at resto
,Food,385.0,Salary
September 19 2022,Others,3005.0,Doctor visit
August 03 2022,Rent,-397.0,Gift
04/26/2019,Food,1962.0,vcVeJt9hkx3Tkz
04/02/2021,Others,611.0,Gift
2022-11-09,Other Income,73136.0,Salary
11-01-22,Food,54.0,Paid electricity bill cash
June 08 2021,Rent,334.0,Salary late
23-08-21,Food,339.0,Paid electricity bill cash
10/29/2021,Food,7805.0,Course fee cash
2021-08-02,Food,83.0,Uber to office 
01/01/2020,Other Income,42699.0,Netflix subscription
2022-06-24,Others,1806.0,Netflix subscription
15-07-19,Rent,198.0,Monthly rent
2019-12-17,Food,69.0,Paid electricity bill 
02-10-21,Rent,100.0,Salary
04/29/2019,Rent,283.0,Gift
24-05-20,Food,3714.0,IBOTSizWKcqVdqyXd
2022-10-07,Food,1191.0,Paid electricity bill
03/25/2019,eRnt,273.0,Paid electricity bill late
12/23/2019,Food,288.0,Course fee 
09/23/2020,Others,354.0,Grocery shopping
03/30/2019,Other Income,66004.0,Paid electricity bill
11/22/2021,Entertainment,1063.0,Doctor visit cash
02/28/2019,Travel,10165.0,Uber to office late
February 12 2021,Entertainment,2219.0,Netflix subscription
07-02-22,Utilities,1275.0,Course fee late
2020-04-17,Salayr,51559.0,Course fee
16-09-19,Rent,1116.0,Salary
13-11-19,Rent,661.0,Dinner at resto 
02/18/2020,Travel,312.0,Paid electricity bill 
05/04/2021,Other Income,64351.0,Course fee
2022-01-02,Others,237.0,Monthly rent
July 11 2021,Savings,1164.0,Netflix subscription
September 25 2019,Utilities,717.0,Gift
30-01-20,Rent,668.0,Paid electricity bill
2022-07-06,Food,514.0,Gift
2022-07-09,Rent,94.0,Course fee
08/22/2019,Food,1842.0,Doctor visit
2019-07-20,Food,153.0,Gift
2020-04-10,Ret,,ZwWiyLgqiyCxsx
2019-06-10,Bonus,60357.0,Paid electricity bill
2022-10-20,Savings,84.0,Uber to office
2020-07-01,Others,408.0,Salary
04/01/2020,Travel,10.0,fZuLX0DhdNv
2019-03-24,Food,468.0,Gift
November 10 2019,Savings,232.0,Grocery shopping 
11/30/2022,Rent,579.0,Doctor visit cash
2021-07-14,Food,804.0,Gift
18-08-20,Food,1579.0,Salary
09-05-19,Rent,1771.0,Salary
11/01/2020,Salary,57595.0,Doctor visit
09-03-21,Travel,292.0,Paid electricity bill cash
,Rent,88.0,Grocery shopping
May 28 2022,Food,4167.0,Gift
14-07-21,Bonus,70430.0,Gift 
2020-03-29,Others,270.0,Doctor visit via app
2021-01-25,Travell,264.0,Doctor visit cash
23-08-19,Food,1524.0,Paid electricity bill
October 02 2022,Others,72.0,Gift 
10/08/2020,Travel,405.0,Doctor visit
03/05/2021,Rent,448.0,Paid electricity bill
December 19 2020,Food,107.0,Dinner at resto via app
28-12-20,Food,66.0,Dinner at resto
05/19/2019,Entertainment,224.0,Dinner at resto 
06/09/2020,Food,1613.0,Gift
01-07-21,Food,837.0,Salary
01-04-22,Others,88.0,dmq5mOGSZ8
08-07-21,Education,50.0,Course fee
2020-11-01,Savings,136.0,Course fee cash
11-12-20,Travel,600.0,Netflix subscription
09/21/2021,Utilities,90.0,Doctor visit cash
10-02-21,Food,1103.0,Gift cash
04/29/2020,Entertainment,349.0,Course fee
01/14/2022,Food,1178.0,Course fee 
04/17/2022,Travel,170.0,Grocery shopping
2021-10-12,Rent,902.0,Course fee
December 14 2020,Other Income,55395.0,Monthly rent
12/27/2020,Other Income,37154.0,Paid electricity bill cash
02/02/2019,Food,1902.0,Grocery shopping
2020/02/26,Bnus,49738.0,Salary 
2020-01-17,Others,685.0,Doctor visit
2021-05-20,Utilities,248.0,Course fee 
10-08-19,Entertainmetn,148.0,Course fee 
16-12-22,Salary,63909.0,Gift
06/18/2021,Salary,70773.0,Dinner at resto
06/10/2021,Rent,1508.0,Monthly rent
09-06-22,Rent,3425.0,Paid electricity bill via app
01-03-22,Utilities,64.0,Gift
2022-07-18,Food,543.0,Course fee
06/08/2022,Travel,460.0,Gift
01/18/2020,Rent,396.0,Paid electricity bill
10-01-21,Rent,36.0,Netflix subscription
2020-04-02,Food,2318.0,Netflix subscription late
2019-08-31,Food,471.0,Uber to office
2021-12-28,Other Income,77454.0,Salary
09/02/2022,Travel,2176.0,Uber to office
02-12-19,Travel,271.0,Doctor visit late
2019-06-24,Food,756.0,Dinner at resto
01/13/2021,Food,98.0,Course fee 
03/18/2019,Travel,980.0,Doctor visit
24-01-19,Rent,305.0,Dinner at resto
09/29/2020,Food,62.0,Salary
19-11-22,Rent,38.0,Salary late
04-08-21,Utilities,905.0,Netflix subscription late
2021-11-27,Travel,104.0,Gift cash
13-12-21,Rent,255.0,Monthly rent
2022-08-11,Utilities,511.0,Grocery shopping
2021-05-12,Food,424.0,Doctor visit via app
2019-02-05,Rent,1249.0,Gift via app
2019-06-06,Food,184.0,Dinner at resto
10/27/2020,Rent,230.0,Gift
2021-08-27,Travel,268.0,Course fee
2019-02-05,Rent,1249.0,Gift via app
April 19 2020,Food,50.0,SzfmMHGcMKOrR
2021-02-20,Salary,52819.0,Uber to office cash
05-12-19,Utilities,2216.0,Course fee cash
18-01-20,Enteratinment,61.0,Gift
11/08/2020,Bonus,45736.0,Paid electricity bill 
March 18 2022,Travel,331.0,Netflix subscription
02/03/2020,Entertainment,541.0,Grocery shopping
05/03/2022,Rent,1000.0,Doctor visit
January 17 2021,Entertainment,603.0,Gift 
March 18 2021,Rent,1904.0,Doctor visit
2019-04-21,Food,783.0,Course fee late
2021-12-29,Utilities,276.0,Paid electricity bill
06-08-21,Travel,293.0,Netflix subscription
2019-09-13,Food,1615.0,Course fee
December 19 2021,Other Income,59229.0,Salary late
2022-05-18,Travel,1164.0,Salary
08-12-22,Food,108.0,Salary late
09/04/2020,Foood,145.0,Uber to office late
November 12 2021,Education,453.0,Uber to office cash
05/22/2020,Travel,189.0,Qy0hCV8LXr5xtfc7WU6
05/18/2021,Travel,527.0,Netflix subscription
21-01-19,Salary,45389.0,Grocery shopping
2021-03-13,Food,1582.0,LrZBUiaemS
August 21 2020,Bonus,65453.0,Uber to office
2019-04-14,Rent,1430.0,Netflix subscription 
2019-04-19,Travel,148.0,Uber to office
15-06-20,Rent,95.0,Lx5mKN8MWjZiGKzgyGj
2021-04-29,Travel,63.0,Uber to office
29-11-20,Bonus,63734.0,crj2AXly7dBobhHdT
2021-04-21,Entertainment,445.0,Course fee
2021-11-14,Rent,177.0,Uber to office cash
01/15/2021,Education,708.0,Doctor visit via app
27-04-20,Rent,447.0,Uber to office
December 18 2019,Travel,999999.0,Paid electricity bill
2021-05-18,Salary,40982.0,Gift
19-03-22,Savings,389.0,Doctor visit 
11-06-22,Food,408.0,Paid electricity bill
April 14 2021,Rent,264.0,Doctor visit 
11-05-22,Travel,7055.0,Grocery shopping
13-02-20,Food,2393.0,Paid electricity bill late
13-09-21,Food,992.0,Paid electricity bill via app
2019-01-09,Food,1380.0,Monthly rent
15-04-22,Travel,241.0,Course fee 
04/06/2021,Trravel,1876.0,Netflix subscription
2022-11-18,Health,1489.0,Salary
2021-05-15,Entertainment,212.0,Paid electricity bill via app
27-10-19,Rent,123.0,Dinner at resto
10/03/2020,Other Income,56330.0,Course fee via app
2021-08-28,Entertainment,1440.0,Salary
2019-06-10,Travel,233.0,Grocery shopping
2022-11-28,Education,352.0,Netflix subscription via app
04/25/2020,Food,5624.0,Monthly rent
2019-03-02,Travel,2771.0,Doctor visit
25-07-20,Travel,-557.0,Gift cash
2021-07-21,Boonus,64702.0,Paid electricity bill
2021-06-13,Utilitise,2530.0,Course fee
2019-06-21,Bonus,,Course fee
03/24/2019,Salary,72187.0,Netflix subscription
30-10-19,Savings,75.0,Doctor visit
17-10-19,Travel,263.0,Grocery shopping
2020-02-29,Food,169.0,Uber to office
10/02/2020,Entertainment,101.0,Netflix subscription
16-04-19,Salary,86215.0,Monthly rent
,Food,1012.0,Paid electricity bill
03/06/2019,Food,115.0,Grocery shopping
26-08-21,Travel,467.0,Gift
01/07/2019,Rent,964.0,Course fee 
27-10-21,Food,307.0,Doctor visit via app
01/13/2022,Food,480.0,Dinner at resto 
12/01/2022,Entertainment,749.0,xAQt9xITLKbZy
2020-11-22,Food,495.0,Doctor visit cash
26-08-21,Rent,1616.0,Gift cash
October 02 2020,Travel,108.0,Grocery shopping
2022-01-17,SSalary,38003.0,Grocery shopping
09-06-19,Travel,758.0,Netflix subscription
September 08 2019,Food,327.0,Paid electricity bill cash
24-06-21,Food,129.0,Netflix subscription 
2019/02/26,Other Income,69765.0,Salary
January 01 2020,Enteertainment,111.0,Grocery shopping late
October 25 2020,Food,240.0,Paid electricity bill
2020-03-25,Food,386.0,Salary
November 10 2022,Others,817.0,Monthly rent
02/24/2021,Rent,349.0,Paid electricity bill
December 18 2021,Food,51.0,Gift via app
,Rent,1858.0,Salary
2020-04-08,Savings,838.0,Grocery shopping
2019-12-15,Travel,251.0,cX9CYzLKqjaHTG5PN
2020-11-05,Food,359.0,Dinner at resto
2021-08-28,Rent,733.0,Salary cash
16-07-19,Salary,59607.0,Monthly rent
01/16/2020,Health,2346.0,Grocery shopping
07-04-22,Travel,1435.0,Grocery shopping
10-05-22,Travel,4135.0,Netflix subscription late
08-08-19,Food,228.0,Netflix subscription
April 06 2020,Food,8.0,Doctor visit
05/14/2019,Others,2506.0,Dinner at resto
05/17/2021,Food,64.0,Course fee
14-10-20,Rent,565.0,Doctor visit
2020-07-23,Entertainment,547.0,Salary
03-07-19,Food,529.0,Gift
04-02-19,Others,47.0,Netflix subscription
2019-02-05,Utilities,557.0,Monthly rent
2019-12-10,Food,1029.0,Grocery shopping
September 02 2022,Food,244.0,Uber to office
03-05-21,Food,882.0,Gift
2021-10-06,Utilities,458.0,Uber to office late
11/19/2019,Food,536.0,Grocery shopping
16-12-22,Food,72.0,Uber to office cash
December 21 2019,Food,558.0,Paid electricity bill 
07/13/2021,Utilities,81.0,Course fee
06/29/2020,Utilities,431.0,Doctor visit
09-04-22,Utilities,288.0,Doctor visit 
03/16/2019,Food,429.0,Netflix subscription
2022-11-18,Food,13968.0,Paid electricity bill
08/31/2019,Rennt,682.0,Uber to office
07/25/2022,Food,64.0,Netflix subscription
24-04-21,Rent,159.0,Netflix subscription
04/29/2020,Rent,412.0,Dinner at resto
11/25/2022,Food,85.0,Paid electricity bill
04/08/2019,Education,491.0,Netflix subscription
02/26/2022,Rent,80.0,Grocery shopping
11/19/2019,Other Income,70368.0,Salary
25-01-19,Entertainment,656.0,Doctor visit late
20-01-20,Food,327.0,Doctor visit
August 24 2021,Food,666.0,Salary
05/29/2021,Salary,65738.0,Grocery shopping via app
13-12-19,Food,100.0,UOk2X6gzVE
18/10/22,Entertainment,103.0,2xCLXfmr4EOCPT3ga2U3
12-02-20,Food,999999.0,Grocery shopping
2019-09-10,Rent,635.0,KUw7lyvsgB
2021-06-25,Others,727.0,Paid electricity bill late
07-11-19,Other Income,62014.0,Gift
08/09/2019,Entertainment,4402.0,ulPaS86eOcjqk
02-03-22,Savings,386.0,Dinner at resto
November 10 2020,Food,115.0,Dinner at resto
2021-11-23,Travel,458.0,Grocery shopping
08/26/2022,Travel,1324.0,Course fee
08/17/2022,Rent,303.0,Monthly rent
2022-02-22,Food,622.0,Course fee
04-06-20,Others,342.0,Gift
March 04 2022,Salary,42219.0,Paid electricity bill
July 16 2019,Utilities,7141.0,Monthly rent
14-04-20,Utilities,2976.0,Doctor visit
10/19/2022,Travel,289.0,Grocery shopping cash
08/03/2021,Salary,74754.0,Dinner at resto
January 11 2019,Education,3182.0,Netflix subscription 
2021-05-23,Food,145.0,Netflix subscription
June 03 2020,Utilities,2980.0,Course fee
16-08-20,Ret,,Uber to office
07/02/2021,Foood,1750.0,Uber to office
2022-08-23,Education,78.0,Gift
03-10-20,Rent,,Monthly rent
2021-09-27,Entertainment,869.0,Netflix subscription
11/07/2019,Entertainment,57.0,Grocery shopping
06/14/2021,Rent,992.0,Grocery shopping cash
11/04/2020,Rent,495.0,Uber to office cash
04/04/2022,Salary,56393.0,Dinner at resto
13-04-22,Utilitiess,630.0,Monthly rent
March 04 2019,Food,86.0,Grocery shopping cash
,Travel,823.0,Monthly rent
25-09-21,Entertainment,434.0,FGmVDkwVfDd3F
2020-06-10,Rent,1546.0,Course fee
04-05-21,Food,1238.0,Dinner at resto
July 25 2021,Travel,66.0,Gift
2020-03-13,Utillities,156.0,Doctor visit 
14-12-19,Savings,1176.0,Gift
,Food,1188.0,Salary
06/21/2021,Food,153.0,Doctor visit
29-01-20,Rent,360.0,Uber to office
09/09/2022,Other Income,68769.0,Uber to office
May 07 2022,Other Income,53548.0,Gift
07/03/2020,Foood,379.0,Gift
2020-09-11,Traevl,34521.0,Paid electricity bill late
04/05/2022,Food,138.0,Grocery shopping
December 03 2022,Food,348.0,Grocery shopping
2020-06-11,Food,509.0,Gift via app
29-12-21,FFood,461.0,Salary
10/15/2020,Other Income,47517.0,nylmflh2Mx
2022-05-30,Entertainment,1560.0,Grocery shopping
May 07 2022,Other Income,39155.0,Grocery shopping
2019-04-06,Health,55.0,Doctor visit cash
02/13/2020,Food,176.0,ntFCl73ja6TJ67hknF
12/08/2021,Utilities,809.0,Dinner at resto
15-03-22,Rent,640.0,Monthly rent
June 08 2022,Food,76.0,Salary via app
09/05/2022,Food,8971.0,Salary
12/05/2020,Rent,97.0,Doctor visit
2019-12-20,Rent,216.0,Uber to office
06/03/2021,Health,744.0,Gift
2020-06-22,Rent,362.0,ZvqWgcoQldGCNGFPLd
December 26 2019,Other Income,59967.0,Paid electricity bill via app
2019-11-16,Rent,1490.0,Netflix subscription cash
01/21/2022,Salary,84021.0,Doctor visit
March 11 2019,Rent,855.0,6kXMo8EP
June 24 2020,Food,1452.0,Monthly rent
,Other Income,71892.0,Course fee
11/15/2020,Food,1415.0,Dinner at resto
08/24/2021,Rent,400.0,Salary
June 25 2019,Rent,1377.0,Paid electricity bill
07-04-19,Food,381.0,Gift 
22-09-19,Others,4406.0,Paid electricity bill
2019-10-07,Utilities,2660.0,Salary
06/09/2021,Travel,2259.0,Dinner at resto late
2022-07-17,Other IIncome,69714.0,Grocery shopping cash
07/13/2021,Utilities,1665.0,Gift late
17-12-20,Entertainment,801.0,Paid electricity bill
25-08-21,Reent,231.0,Course fee
2022-07-29,Salarry,48597.0,Monthly rent
05/15/2019,Food,142.0,Gift
2019-05-04,Food,729.0,Monthly rent late
2020-05-15,ood,1129.0,Uber to office
07/11/2019,Rent,228.0,Gift
February 19 2021,Rent,111.0,Course fee
03/12/2019,Rent,88.0,Gift
08-03-22,Salary,64713.0,Monthly rent
07-12-21,Rent,291.0,Netflix subscription
10/14/2022,Food,7012.0,Netflix subscription
2021-05-03,Rent,627.0,Grocery shopping cash
20-07-19,Rent,337.0,Monthly rent via app
June 16 2022,Food,692.0,Uber to office
01/15/2019,Food,386.0,Course fee
September 17 2019,Savings,130.0,Uber to office
2022-08-06,Utilities,91.0,Netflix subscription
06-05-19,Food,704.0,Netflix subscription
2020-10-09,Food,735.0,ViDo4W2iHIRpNhk
2022-09-15,Utilities,54.0,Dinner at resto
01-09-21,Rent,2458.0,Grocery shopping
July 14 2022,Rent,1165.0,Paid electricity bill
04-06-19,Others,911.0,Salary cash
06-10-19,Food,757.0,Netflix subscription via app
09-12-20,Food,67.0,Gift
14-10-20,Rent,332.0,Course fee
10/18/2020,Travel,228.0,Gift
09/23/2021,Bonus,46557.0,Uber to office
06/30/2019,Food,37.0,Doctor visit
2019-05-07,Food,1124.0,Salary via app
October 24 2021,Others,494.0,Salary
20-10-19,Food,1174.0,Paid electricity bill
2022-10-03,Entertainment,434.0,Gift
11-05-20,Rent,6178.0,Course fee cash
11/05/2022,Rent,540.0,Monthly rent cash
April 19 2020,Saving,409.0,Course fee
2021-09-28,Travel,581.0,Salary
2021-04-10,Other Income,66222.0,Doctor visit via app
12/01/2022,Bonus,61232.0,Gift
08/29/2022,Food,1013.0,Gift late
2022-04-06,Food,362.0,Grocery shopping
2022-11-26,Utilities,306.0,Netflix subscription
02/08/2022,Utilities,632.0,Doctor visit
2022-02-11,Salary,60374.0,Uber to office late
02-11-19,Travel,113.0,Salary 
2019-11-22,Utilities,1567.0,Monthly rent
20-03-22,Education,548.0,Course fee
06/13/2021,Rent,697.0,Netflix subscription
04-02-19,Salary,71419.0,Monthly rent
11/24/2020,Education,2037.0,Salary
February 13 2020,Entertainment,1138.0,Gift
09/29/2021,Salary,68377.0,Gift
06-11-20,Entertainment,1199.0,Gift late
2020-01-31,Rent,338.0,Uber to office
28-07-19,Rent,896.0,Grocery shopping
2019-05-18,Others,106.0,Dinner at resto
May 19 2022,Travel,2648.0,wiWqLlET
2019-08-30,Food,803.0,Paid electricity bill via app
2020-12-01,Utliities,2072.0,Grocery shopping 
May 05 2020,Rent,226.0,Doctor visit
02/11/2020,Food,4655.0,Course fee 
22-02-20,Food,1399.0,EZ7kEs9VfLQVM5Ve
2022-05-31,Salary,47885.0,Monthly rent
06/06/2019,Utilities,96.0,Paid electricity bill late
,Bonus,81672.0,Uber to office
2022-09-09,Others,87.0,Doctor visit
2022-03-17,Travel,103.0,Grocery shopping 
02-05-19,Food,64.0,Gift late
2022-04-20,Other Income,65567.0,acVPDwaud
06/02/2020,Food,487.0,Paid electricity bill 
08/05/2020,Rent,148.0,Monthly rent
2019-10-29,Rent,82.0,Uber to office
2020-08-17,Food,171.0,Dinner at resto
May 22 2021,Utilities,355.0,Gift
06/22/2022,Food,190.0,Salary late
13-11-22,Rent,126.0,Course fee
2022-11-27,Other Income,72315.0,Doctor visit
10/06/2021,Salary,61233.0,Dinner at resto
2019-08-08,Education,844.0,Grocery shopping via app
22-08-19,Food,870.0,Course fee
05-05-22,Food,415.0,Course fee
2021-02-20,Foodd,216.0,Paid electricity bill late
13-08-22,Utilities,556.0,Dinner at resto
2021-02-10,Rent,960.0,Salary 
May 30 2022,Food,6218.0,Grocery shopping
05/07/2022,Food,74.0,Paid electricity bill
2022-06-01,Rent,36.0,Paid electricity bill late
2019-08-12,Travel,303.0,Grocery shopping
May 01 2020,Travel,858.0,Dinner at resto
2022-06-13,Utilities,235.0,Doctor visit
09/12/2022,Others,82.0,Course fee late
,Food,399.0,Grocery shopping
February 09 2021,Foodd,543.0,Uber to office
2022-05-12,Rent,297.0,Monthly rent
02/06/2019,Food,165.0,Grocery shopping
03-06-21,Food,387.0,Uber to office
05/17/2021,Travel,156.0,Netflix subscription
2022-12-17,Travel,2049.0,Gift
February 06 2019,Rent,119.0,Paid electricity bill via app
10-09-20,Food,672.0,Netflix subscription
06/06/2020,Salary,65303.0,Course fee via app
03/11/2022,Rent,596.0,Uber to office
May 04 2020,Bonus,75799.0,Monthly rent
12/13/2021,Food,135.0,Grocery shopping 
22-07-19,Utilities,1289.0,Uber to office
28-09-20,Rent,132.0,Netflix subscription cash
2021-04-05,Entertainment,152.0,Dinner at resto
04/15/2019,Education,243.0,Grocery shopping
01/02/2022,Salary,20170.0,Monthly rent
2021-02-01,Travel,1677.0,Salary
24-05-20,Travel,1152.0,mhsiOX0gHQCLCMM
03/10/2021,Others,195.0,Uber to office
05/03/2019,Travel,442.0,Uber to office
February 25 2022,Food,82.0,Course fee
2020-11-20,Rent,3472.0,Doctor visit via app
2021-08-27,Rent,4595.0,Gift
2019-04-11,Retn,1511.0,Salary
18-11-19,Rent,3030.0,Salary
11/29/2022,Food,414.0,Salary
2021-09-17,Salary,68045.0,Netflix subscription
2022-05-26,Utilities,80.0,Salary
03/10/2019,eRnt,126.0,Paid electricity bill 
March 02 2021,Rent,327.0,Doctor visit
07/21/2021,Entertainment,2582.0,Doctor visit
2019-06-14,Saary,91657.0,Course fee
March 26 2019,Rnet,206.0,Monthly rent
2022-12-10,Salary,53533.0,Grocery shopping
2022-05-12,Food,-552.0,Salary
05/17/2021,Entertainment,254.0,Salary
08/06/2019,Entertainment,523.0,Netflix subscription
22-01-20,Rent,457.0,Doctor visit
06/22/2020,Entertainment,211.0,Doctor visit 
06-01-19,Food,135.0,Salary
10/24/2020,Rnet,9452.0,wa6i54kD81R5
23-03-19,Rent,234.0,Grocery shopping
11/06/2022,Bonus,58486.0,JR7fRLJ84H3RARigNP
2019-04-06,Rent,127.0,Course fee
03/27/2021,Entertainment,80.0,Salary late
05/08/2020,Travel,441.0,Course fee
07/07/2021,Utilities,8.0,Paid electricity bill
31-08-20,Food,586.0,Course fee
2019-11-23,Rent,712.0,Doctor visit 
November 14 2020,Food,1469.0,Monthly rent 
2021-07-22,Salary,66769.0,Monthly rent cash
February 27 2019,Trravel,524.0,Course fee
2022-03-02,Travel,4220.0,Gift
2022-03-25,Rent,146.0,Gift 
August 20 2021,Rent,2927.0,Grocery shopping via app
12-05-21,Food,398.0,Course fee
2022-08-02,Food,999999.0,Course fee
2022-09-26,Education,544.0,PCSj905MAjN
06/27/2022,Savings,300.0,Grocery shopping
July 21 2022,Travel,674.0,Course fee
12-06-19,Salary,61311.0,Dinner at resto
January 06 2019,Rent,1166.0,Grocery shopping late
09/26/2022,Utilities,142.0,8ikr8nSkt5mRi468t
03/02/2019,Travel,206.0,Uber to office
08-11-21,Food,417.0,Paid electricity bill late
2021-08-17,Rent,1917.0,Uber to office
01/22/2020,Entertainment,448.0,Monthly rent
25-04-19,Savings,77.0,Course fee
17-01-20,Rent,183.0,Paid electricity bill
04/25/2020,Utilities,1269.0,Doctor visit
September 26 2021,Entertainment,95.0,Paid electricity bill
2022-05-06,Salary,33483.0,Monthly rent late
04/21/2019,Entertainment,1044.0,uZDfGlvSVE
April 18 2021,Rent,312.0,Monthly rent
10/24/2022,Health,28.0,Salary
2022-07-10,Savings,26.0,Dinner at resto
31-05-19,Rent,8176.0,Uber to office
04/05/2019,Food,820.0,Course fee
09/21/2019,Utilities,906.0,Uber to office
2019-01-15,Other Income,54447.0,Course fee
07/27/2021,Rent,2015.0,Gift
09/06/2020,Food,528.0,Course fee
2020-05-30,Salary,57339.0,Uber to office via app
2019-12-30,Others,343.0,Salary 
15-12-19,Food,1391.0,Uber to office
14-11-21,Utilities,656.0,Course fee
06/10/2020,Rent,477.0,Monthly rent
2021-05-28,Rent,353.0,Vpv2qq8x1FkRfNALWnDI
2021-10-31,Food,225.0,Paid electricity bill late
01/15/2022,Savings,315.0,Netflix subscription
2019-02-09,Food,409.0,Salary late
September 16 2020,Utilities,849.0,Monthly rent cash
14-12-22,Rent,185.0,Gift
03/07/2021,Food,514.0,Monthly rent
11/14/2019,Entertainment,200.0,Netflix subscription
05-06-22,Rent,180.0,Grocery shopping
18-03-20,Other Income,40248.0,Dinner at resto 
2019-09-12,Rent,389.0,Dinner at resto
02-02-21,Salary,39657.0,Doctor visit
27-12-20,Food,362.0,Gift
10/15/2022,Entertainment,120.0,yBcQEffh1Fj0jTa
05/30/2019,Food,2883.0,Course fee late
August 22 2019,Salary,,Paid electricity bill
09/11/2021,Entertainment,839.0,Salary
02/21/2019,Rent,2057.0,Netflix subscription
April 15 2019,Food,663.0,Grocery shopping
04/19/2019,Food,151.0,Dinner at resto
March 02 2022,Food,2677.0,Grocery shopping
2022-05-07,Travel,334.0,Paid electricity bill
05/18/2021,Rent,89.0,Paid electricity bill cash
2021-04-24,Health,2630.0,Doctor visit 
05/10/2020,Utilities,351.0,Gift
2022-02-10,Others,205.0,Course fee
2019-11-07,Food,218.0,Grocery shopping 
12/11/2019,Rent,293.0,Gift
03-07-21,Food,5850.0,Netflix subscription
12-09-19,Rent,1041.0,Gift
15-09-22,Other Income,73281.0,Grocery shopping
03-01-22,Entertainment,174.0,Doctor visit
January 06 2021,Travel,658.0,Salary
03/23/2021,Rent,63.0,Salary
11/07/2020,Savings,1165.0,Doctor visit via app
August 18 2022,Food,52.0,Dinner at resto
2019-09-25,Other Income,69417.0,Uber to office
2019-11-12,Rent,3129.0,Netflix subscription
2019-10-12,Rent,543.0,Netflix subscription
2020-03-27,Rent,175.0,Netflix subscription
2020-01-18,Salary,46340.0,Netflix subscription cash
March 22 2020,Entertainment,1307.0,Gift
12/17/2022,Food,,Gift
06/14/2021,Rent,214.0,Doctor visit
06/07/2019,Utilities,1382.0,Paid electricity bill
2019-08-15,Salary,61767.0,Monthly rent
2021-08-05,Utilities,482.0,Grocery shopping
January 22 2021,Entertainment,104.0,Salary
01/04/2021,Travel,284.0,Doctor visit
2021-03-21,Utilities,78.0,Uber to office
January 06 2021,Utilities,1235.0,Course fee
May 19 2019,Bonus,75910.0,jWHhaQIj5TYF7jL
August 23 2019,Other Income,40312.0,Course fee
23-02-19,Rent,271.0,Gift
January 01 2019,Bonus,28500.0,Course fee
December 14 2020,Other Income,55395.0,Monthly rent
December 18 2019,Rent,244.0,Soj8c39eWZCaJw9wcUm
06/23/2022,Food,5743.0,Course fee 
May 11 2021,Savings,175.0,Dinner at resto
11/11/2019,Utilities,164.0,Netflix subscription
06/18/2022,Rent,614.0,Salary
11-05-21,Others,1071.0,Monthly rent via app
June 26 2019,Rent,169.0,Dinner at resto via app
08/17/2019,Rentt,164.0,4UgUeWg7y4HjERwZwWs
09-11-21,Food,107.0,Paid electricity bill cash
November 30 2019,Food,60.0,Uber to office
06/27/2019,Travel,845.0,Gift
06/28/2022,Travel,316.0,Dinner at resto
2022-08-30,Entertainment,962.0,Gift
2020-12-09,Food,931.0,Doctor visit 
12/09/2020,Others,474.0,Salary
07/04/2021,Food,68.0,Monthly rent
2022-06-30,Travel,485.0,Uber to office via app
2022-03-19,Rent,942.0,Gift
2021-03-07,Rent,76.0,Gift late
2020-02-16,Savings,1665.0,Salary
18-03-19,Bonus,49311.0,Gift
10/08/2019,Bonus,59621.0,Doctor visit
26-11-20,Other Income,48267.0,Doctor visit 
2022-04-25,Travel,400.0,Uber to office via app
29-06-19,Entertainment,316.0,Salary via app
01-04-19,Other Income,76992.0,Uber to office cash
May 28 2021,Entertainment,276.0,Netflix subscription
,Savinggs,767.0,Salary
23-01-21,Food,606.0,Dinner at resto
2021-06-08,Other Income,63665.0,Uber to office
December 04 2019,Rent,222.0,Grocery shopping
February 09 2019,Rent,762.0,Uber to office
14-08-22,Entertainment,422.0,Monthly rent via app
09-08-21,Entertainment,137.0,Gift
10/09/2022,Foood,6310.0,Gift
26-11-20,Food,1337.0,nZQrnnEy7q0
02-02-22,Entertainment,270.0,Gift
04-06-22,Rent,341.0,Doctor visit
05/01/2022,Rent,150.0,Netflix subscription
2019-10-07,Salary,51509.0,Paid electricity bill
2022-01-09,Rent,1174.0,Grocery shopping via app
06/12/2020,Salary,75601.0,Dinner at resto
02/25/2019,Travel,264.0,M005djCjs2Z5lQO5Mqi
2021-03-16,Rent,24.0,Course fee late
02/07/2021,Rent,2201.0,Paid electricity bill
2022-08-07,Education,718.0,Netflix subscription
24-07-22,FFood,324.0,Course fee via app
2020-10-29,Travel,857.0,Gift late
01-12-19,Rent,1435.0,Doctor visit via app
27-03-21,Rent,191.0,Paid electricity bill late
09/11/2021,Salary,61403.0,Paid electricity bill
16-07-19,Utilities,109.0,Gift via app
06-06-19,Food,377.0,Uber to office
17-04-20,Other Income,63438.0,Dinner at resto
05/15/2020,Utilities,100.0,Course fee late
17-04-20,Rent,906.0,Dinner at resto
2022-02-05,tOher Income,72282.0,Paid electricity bill via app
2022-03-13,Food,1767.0,Dinner at resto
02/12/2021,Food,170.0,Doctor visit
July 18 2019,Rent,455.0,Grocery shopping late
08/16/2020,Travel,985.0,Course fee
2020-08-19,Travel,150.0,Dinner at resto 
December 05 2020,Bonus,51748.0,Gift 
30-08-20,Heaalth,692.0,Course fee
2019-01-02,Food,415.0,Dinner at resto via app
03/23/2020,Rnt,2771.0,Course fee 
July 05 2021,Utiltiies,361.0,Paid electricity bill
18-09-21,Food,210.0,Course fee
18-06-19,Food,1529.0,Gift
2022-04-15,Savings,500.0,Course fee
03/17/2021,Others,31.0,Uber to office cash
17-08-21,Entertainment,594.0,Netflix subscription late
2019-01-31,Food,569.0,Netflix subscription
2020-12-12,Education,178.0,Paid electricity bill
11/22/2022,Entertainment,825.0,Salary
25-03-20,Savings,184.0,Salary 
07-04-19,Rent,753.0,Grocery shopping
July 17 2020,Food,184.0,Netflix subscription
09/05/2019,Rent,276.0,Netflix subscription
11/15/2022,Entertainment,1232.0,Uber to office
25-06-20,Salary,40881.0,Monthly rent
March 10 2020,Rent,196.0,Netflix subscription
07-07-21,Rent,91.0,Uber to office
05/28/2020,Salary,57541.0,Salary
03/19/2022,Entertainment,2589.0,Monthly rent
November 23 2021,Rent,163.0,Dinner at resto
29-01-19,Savings,113.0,Salary via app
December 31 2019,Food,759.0,Salary
2022-03-22,Food,398.0,Grocery shopping
12-10-19,Food,1235.0,Paid electricity bill
12-04-21,Rent,649.0,Doctor visit
2022-01-09,Travel,237.0,Gift late
2020-05-10,Rent,,Uber to office late
25-11-22,Food,166.0,Dinner at resto
October 08 2019,Rent,2083.0,Uber to office
2020-03-22,Rent,153.0,Salary
12/19/2022,Utilities,279.0,Salary via app
10/31/2020,Education,1826.0,Salary
24-02-21,Saalary,66418.0,aoxpWsQmycy
May 06 2019,Food,280.0,Gift 
2020-02-14,Food,5306.0,Gift
02/14/2021,Others,298.0,Doctor visit cash
June 21 2019,Bonus,42932.0,Netflix subscription
12/11/2020,Rent,2092.0,Doctor visit via app
April 08 2022,Travel,306.0,Doctor visit
2019-03-18,Food,75.0,Gift via app
2019-01-23,Others,449.0,Monthly rent
September 29 2019,Bnous,46068.0,Monthly rent
15-08-20,Rent,357.0,Grocery shopping
July 14 2019,Rent,912.0,Gift
2022-06-16,Rent,824.0,Paid electricity bill
May 14 2021,Food,248.0,Gift
12/11/2022,Food,45.0,Uber to office
01/30/2020,Rent,27.0,Salary 
February 10 2020,oFod,161.0,Salary
2021-10-26,Utilities,808.0,Netflix subscription
07/14/2021,Others,746.0,Dinner at resto
2020-06-12,Rent,1626.0,Paid electricity bill cash
10/03/2020,Utilities,143.0,Salary
2019-05-17,Savings,37.0,Netflix subscription via app
March 04 2019,Others,1606.0,Netflix subscription via app
August 28 2021,Other Income,38636.0,Dinner at resto
2019-06-21,Food,348.0,Uber to office
2020-05-09,Salary,57687.0,Netflix subscription
14-04-19,Rent,1485.0,Salary cash
04-04-19,Food,310.0,Paid electricity bill
March 12 2022,Other Income,31986.0,Monthly rent
2021-09-01,Entertainment,118.0,Grocery shopping
09-07-19,Rent,126.0,3qvvwrnyol8lNDKA7rEJ
2022-07-28,Bonus,92252.0,Gift cash
09/08/2021,Travel,598.0,Paid electricity bill late
02/28/2020,Food,632.0,Uber to office
March 24 2021,Food,152.0,Dinner at resto
15-08-21,Food,620.0,Dinner at resto
08/18/2021,Food,29.0,Salary
02/27/2021,Food,186.0,Uber to office
12/11/2022,Travel,386.0,iS2BZSTpbhfO
09/21/2022,Entertainment,1367.0,zB0qafdXB
2019-06-27,Education,364.0,Salary
11/11/2022,Tavel,84.0,Grocery shopping
09/19/2020,Education,75.0,Course fee late
November 29 2021,Food,55.0,Grocery shopping 
05/01/2022,Travel,1547.0,jeJtlbeDjzNoo
27-11-20,Utilities,352.0,Netflix subscription late
July 15 2022,Rent,3904.0,Doctor visit
08/31/2021,Rent,200.0,Uber to office
07/28/2020,Food,541.0,Gift
February 01 2020,Rent,184.0,Uber to office
05/10/2019,Rent,237.0,Netflix subscription late
02-12-19,Others,235.0,Salary 
03-08-19,Food,270.0,Salary
August 30 2020,Education,1465.0,Course fee
August 23 2019,Rent,211.0,Doctor visit
March 05 2019,Entertainment,86.0,Monthly rent cash
2021-04-01,Rentt,999999.0,Gift cash
04/14/2022,Utilities,229.0,Course fee
2019-12-19,Food,503.0,Monthly rent via app
February 09 2021,Foodd,543.0,Uber to office
September 28 2021,Other Income,58346.0,Dinner at resto 
27-03-21,Rent,102.0,Gift
28-12-20,Entertainment,468.0,Dinner at resto
2021-10-05,Rent,962.0,Doctor visit via app
April 03 2022,Rent,11.0,Grocery shopping
10/06/2019,Travel,151.0,Netflix subscription
2019-03-17,Salary,84591.0,Dinner at resto
2022-04-24,Bonus,68998.0,Netflix subscription
08/28/2022,Utilities,195.0,Monthly rent cash
22-05-21,Savings,653.0,j2d7jZY1IAa
2020-07-30,Travel,156.0,Uber to office
2020-04-03,Rent,228.0,pyvRLnFqFdskSWeS
05/25/2019,Other Income,69768.0,Dinner at resto
02/01/2020,Utilities,4143.0,Course fee
2020-05-27,Rent,113.0,Course fee
2019-01-22,Food,2090.0,Course fee late
June 20 2020,Utilities,375.0,Uber to office
October 18 2021,Rent,900.0,Gift
12-05-19,Food,285.0,Netflix subscription cash
June 20 2022,Rent,84.0,Salary
2019-12-05,Food,183.0,Salary 
June 03 2022,Rent,109.0,Dinner at resto 
2020-04-27,Food,179.0,Monthly rent
2022-12-03,Utilities,463.0,Netflix subscription
2020-11-05,Entertainment,325.0,Gift
2022-02-28,Utilities,264.0,Netflix subscription
2022-05-15,Food,404.0,YQALpqRdQhmvgMS
2020-07-30,Rent,86.0,Netflix subscription 
07/20/2019,Salary,55619.0,Doctor visit via app
09/24/2020,Rent,322.0,Monthly rent
2022-04-07,Travel,223.0,Netflix subscription
07/11/2021,Rent,492.0,Monthly rent
01/29/2021,Food,744.0,Doctor visit cash
2020-01-08,Health,4564.0,Netflix subscription
18-10-22,Food,23.0,Gift
2021-01-24,Rent,246.0,Grocery shopping late
11/03/2019,Bonus,62735.0,Dinner at resto
31-07-22,Rent,973.0,Uber to office
08-07-20,Savings,1834.0,Grocery shopping late
14-08-21,Entertainment,67.0,Netflix subscription
2021-03-16,Food,1030.0,Doctor visit
23-01-20,Rent,188.0,Gift 
2021-12-18,Food,933.0,Doctor visit
06-12-20,Food,236.0,Uber to office
2021-09-27,Entertainemnt,285.0,Dinner at resto
2021-07-19,Rent,354.0,Dinner at resto
2021-03-10,Utilities,51.0,Paid electricity bill
10/13/2020,Rent,128.0,Salary
13-10-19,Food,109.0,Course fee
2022-10-18,Foodd,3821.0,Netflix subscription
16-08-22,Others,1201.0,TBr1ehsplB6ypY6N7Gt
December 22 2020,Entertainment,225.0,Doctor visit cash
08-11-21,Travel,369.0,Dinner at resto
06/02/2021,Entertainment,664.0,Paid electricity bill late
2020-09-26,Retn,798.0,Uber to office late
01/20/2020,Rent,122.0,Salary
09/11/2019,Food,1425.0,Monthly rent
07/20/2022,eRnt,24.0,Grocery shopping late
07/01/2021,Entertainment,303.0,Doctor visit late
2019-04-19,Food,325.0,WZKli6LD1
2021-11-14,Savinggs,187.0,Dinner at resto
2019-01-19,Food,244.0,Paid electricity bill 
2021-05-01,Food,322.0,Monthly rent
2020-01-29,Food,83.0,Dinner at resto
09/23/2019,Rent,259.0,Monthly rent
,Savings,217.0,Paid electricity bill late
27-07-21,Bonus,56406.0,Doctor visit cash
05/05/2022,Utilitie,436.0,Course fee
2022-09-16,Salary,75811.0,Salary via app
12/19/2022,Education,43.0,Doctor visit
05-06-22,Food,42.0,Doctor visit
,Education,178.0,Gift
September 05 2021,Health,648.0,Doctor visit late
05/24/2022,Food,377.0,Netflix subscription
2019-02-19,Rent,1797.0,Dinner at resto
11-11-20,Education,344.0,Netflix subscription
July 23 2021,Food,425.0,Doctor visit
2021-02-21,Health,331.0,Grocery shopping
09/14/2022,Rent,557.0,Salary
,Utilities,1505.0,Gift
06/27/2020,Education,708.0,Uber to office via app
,Others,595.0,Doctor visit via app
06-11-21,Travel,150.0,Netflix subscription
2020-09-29,Travel,195.0,Dinner at resto
2022-02-18,Travel,148.0,Uber to office
January 23 2022,Food,1169.0,Netflix subscription
2019-09-16,Travel,168.0,Course fee 
May 02 2022,Entertainment,1694.0,Paid electricity bill cash
09/29/2021,Utilities,215.0,Uber to office
2022-02-11,Food,290.0,Course fee
08/08/2021,Rent,923.0,Doctor visit via app
07/09/2022,Food,135.0,Salary
10/26/2021,Food,-982.0,Doctor visit
August 26 2019,Other Income,51038.0,Monthly rent
2022-10-16,Food,562.0,Uber to office
04/27/2019,Rent,204.0,Monthly rent cash
November 16 2022,Rent,2115.0,Dinner at resto
12/07/2022,Travel,238.0,Course fee
2022-02-04,Utilities,634.0,Netflix subscription
17-02-21,Education,329.0,Course fee
09/16/2019,Utilities,962.0,Netflix subscription
08/30/2019,Others,1229.0,Course fee
May 17 2020,Food,261.0,Uber to office
2022-05-17,Salary,80133.0,Monthly rent
20-07-20,Others,517.0,Gift
2020-12-05,Travel,1020.0,Course fee
24-09-19,Other Income,56860.0,Gift via app
27-04-21,Other Income,73406.0,Course fee late
2019-10-21,Utilities,1181.0,Grocery shopping 
2022-01-26,Food,186.0,Uber to office
,Saalary,89909.0,Course fee
14-09-21,Food,51.0,Grocery shopping via app
01-07-22,Rent,373.0,Course fee
05-07-19,Other Income,56821.0,Netflix subscription
11/17/2019,Rent,171.0,Grocery shopping
20-01-19,Travel,2185.0,Dinner at resto late
2020-03-18,Food,2384.0,Course fee 
03/03/2019,Entertainment,96.0,Salary
June 05 2019,Food,2353.0,Course fee
09/14/2021,Food,10815.0,Doctor visit cash
November 20 2019,Reent,527.0,Gift
2022-12-15,Food,1403.0,Monthly rent
09/07/2019,Education,558.0,Uber to office via app
,Food,253.0,Uber to office late
2021-02-03,Bonus,53952.0,WfLITTXkETTuoax
February 13 2020,Otehrs,125.0,Salary
2020-06-19,Food,657.0,Dinner at resto
10/05/2022,Travel,210.0,atIYhsA5ILwBadz
2021-08-07,Travel,150.0,Course fee 
04/06/2021,Entertainment,907.0,Paid electricity bill
06-05-19,Savings,140.0,Salary late
18-08-21,Educatino,580.0,Uber to office
2022-06-15,Savings,528.0,Netflix subscription
26-11-20,Salary,47041.0,Course fee cash
March 13 2019,Education,31.0,Gift
14-07-22,Salary,51635.0,Salary
January 05 2020,Travel,252.0,Dinner at resto
2019-06-23,Entertainment,189.0,Netflix subscription
28-10-20,Travel,560.0,Paid electricity bill cash
December 17 2019,Food,70.0,Grocery shopping cash
12/03/2020,Foo,48.0,Paid electricity bill
01-02-19,Rent,504.0,Gift cash
06-09-21,Food,1264.0,Paid electricity bill
2020-12-19,Health,788.0,Grocery shopping late
09/13/2022,Rent,1841.0,Course fee
2019-02-20,Rent,231.0,Grocery shopping
02/24/2022,Rent,1007.0,Dinner at resto
22-08-21,Salary,54624.0,Course fee via app
January 04 2019,Food,39.0,Gift
2020-03-01,Salary,75680.0,Doctor visit
12/25/2019,Food,313.0,Salary
27-12-20,Others,457.0,Grocery shopping
September 03 2021,Food,633.0,Gift late
June 13 2022,Food,-325.0,Paid electricity bill late
01/15/2021,Travel,569.0,Dinner at resto 
2021-07-01,Others,1712.0,Dinner at resto
08/10/2019,Food,1234.0,s1FxgV0x5fQpGf
April 23 2021,Bonus,33594.0,Salary
November 30 2020,Entertainment,71.0,Gift
10/10/2021,Entertainment,1304.0,gzAcTanO5kGp4diXJV
2019-01-07,Travel,1176.0,Netflix subscription
10/20/2021,Health,551.0,Salary 
October 14 2021,Savings,585.0,Uber to office late
08-02-22,Food,2728.0,Doctor visit
12/09/2022,Rent,899.0,Course fee
14-07-21,Rent,504.0,Salary cash
05/15/2020,Utilities,90.0,Paid electricity bill
2019-09-24,Other Income,44389.0,Netflix subscription
17-09-20,Salary,100908.0,Gift late
2019-03-12,Other Income,53266.0,Dinner at resto
2022-01-19,Utilities,867.0,YajJsAlJCYwhFI4
2022-07-12,Food,713.0,Paid electricity bill late
2020-08-02,Rent,279.0,Salary via app
06-03-19,Food,109.0,Salary 
12/02/2022,Travel,1028.0,Netflix subscription
2020-12-26,Rent,241.0,Salary
2019-11-27,Travel,887.0,Salary via app
04-08-20,Savings,90.0,Monthly rent
September 13 2021,Utilities,1167.0,Doctor visit
01-12-21,Rent,1947.0,Gift late
10-06-22,Food,401.0,Gift 
2019-01-30,Other Income,52707.0,aDoQuVSp
May 24 2019,Food,153.0,Gift cash
08/08/2021,Other Income,78986.0,Uber to office
24-12-21,Food,9.0,bR9FLxtTPWQK83B
01/21/2022,Rent,242.0,Monthly rent
2019-06-13,Food,361.0,Course fee
27-02-20,Food,1756.0,Monthly rent cash
26-07-22,Utilities,242.0,Course fee
2022-05-30,Entertainment,711.0,Course fee
,Health,1528.0,Salary
08-09-20,Rent,372.0,Course fee via app
04/07/2020,Others,128.0,Monthly rent via app
April 01 2019,Utilities,1730.0,Doctor visit
2020-08-06,Rent,1057.0,Salary
January 03 2022,Rent,806.0,Doctor visit
2020-09-17,Rent,188.0,Uber to office
02/05/2020,Food,127.0,Netflix subscription
2019-06-10,Utilities,369.0,Salary cash
03/03/2019,Bonus,76630.0,0g0X8SPs1tiPe
2021-04-22,Others,4996.0,Paid electricity bill via app
2022-11-23,Rent,726.0,Paid electricity bill
2020-10-12,Foodd,792.0,Netflix subscription
08/07/2022,Travel,660.0,Uber to office
10-05-22,Food,82.0,Doctor visit
05/17/2020,Travel,4927.0,Netflix subscription late
2022-09-20,Utilities,413.0,Uber to office 
24-04-22,Others,118.0,Gift
2020-03-29,Salary,52999.0,Doctor visit late
2021-02-26,Rnet,560.0,Grocery shopping 
05/03/2022,Other Income,46823.0,Uber to office
2021-09-09,Health,76.0,Salary
20-11-22,Travel,389.0,Uber to office
11/16/2020,Food,2332.0,Monthly rent cash
2022-11-30,Food,64.0,Monthly rent 
December 22 2022,Salary,78428.0,Gift
16-12-21,Other Income,70035.0,Netflix subscription
2020-07-12,Food,2949.0,jS8htmE7JCnvpJ
17-09-20,Rent,284.0,Paid electricity bill
2021-06-27,Utilities,461.0,Course fee
21-03-19,Rent,145.0,Netflix subscription late
06/24/2019,Entertainment,27.0,Dinner at resto late
2022-01-02,Savings,548.0,Doctor visit
12/23/2022,Rent,1751.0,Grocery shopping
05-08-21,Othhers,349.0,Gift
17-08-20,Rent,82.0,Course fee
11/15/2019,Rent,1371.0,Doctor visit
09/20/2021,Rent,300.0,Grocery shopping late
23-06-21,Salary,45102.0,Salary
11-02-20,Rent,152.0,Netflix subscription
11-10-20,Savings,138.0,Salary
2021-03-03,Savings,150.0,Salary 
2021-02-18,Travel,861.0,Course fee
15-04-22,Food,184.0,Monthly rent
07/23/2020,Other Income,64748.0,Grocery shopping late
December 12 2022,Salary,99502.0,Grocery shopping
2020-07-14,Other Income,62861.0,Gift
11-10-21,Salary,56808.0,Dinner at resto
July 08 2020,Food,2809.0,Grocery shopping 
21-04-20,Rent,297.0,axZDCzZURsCU80bp5
2022-12-27,Rent,1471.0,Paid electricity bill
05/25/2022,Utilities,423.0,Gift via app
September 11 2020,Food,306.0,Doctor visit
2019-04-23,Rent,42.0,Dinner at resto via app
12/29/2019,Travel,122.0,Gift
2021-01-17,Rent,296.0,Netflix subscription
December 02 2020,Food,492.0,Gift via app
12/22/2020,Other Income,46477.0,Dinner at resto cash
25-10-19,Salary,62307.0,Monthly rent
11/28/2021,Education,868.0,Grocery shopping 
2021-09-07,Utilities,186.0,Monthly rent via app
06/16/2022,Food,185.0,Grocery shopping
09-04-22,Savings,1205.0,Salary
2019-03-31,Food,2182.0,Paid electricity bill
October 04 2021,Bonus,54543.0,Uber to office 
2021-04-03,Rent,224.0,Paid electricity bill
17-08-19,Salary,61763.0,Monthly rent
05-10-22,Rent,723.0,Paid electricity bill
30-03-19,Food,1476.0,qF7QXW7rxgVBISsz
06/16/2021,Others,48.0,Netflix subscription late
January 27 2020,Travel,530.0,Gift
2020-03-06,Entertainment,415.0,Monthly rent late
12/09/2020,Rent,278.0,Netflix subscription
2022-08-23,Bonus,74735.0,Monthly rent
05/20/2021,Food,1766.0,Grocery shopping
11/03/2021,Bonus,51415.0,Course fee
October 18 2019,Salary,63239.0,Course fee late
03/19/2019,Travel,3394.0,Gift
01/07/2019,Utilities,6048.0,Monthly rent
March 19 2022,Food,84.0,Salary
2019-03-15,Entertainment,1981.0,Salary
12/19/2020,Rent,342.0,Paid electricity bill
25-05-21,Entertainment,403.0,Gift
December 28 2021,Food,1335.0,A6t0Vv40n3PqGSu
,Others,1476.0,hZJ7SzMafqEJ2
01/21/2022,Bonus,21295.0,Paid electricity bill via app
2022-01-22,Salary,42539.0,Grocery shopping via app
2019-03-21,Travel,94.0,Doctor visit
19-06-20,Food,247.0,Salary via app
05/09/2020,Food,319.0,Monthly rent
11-08-21,Utilities,181.0,Gift
2022-07-17,Travel,638.0,Netflix subscription
28-08-19,Salary,85415.0,Doctor visit
14-06-20,Bonus,69338.0,Doctor visit
10/23/2021,Food,2655.0,Salary cash
2021-12-19,Savings,97.0,Gift via app
March 02 2020,Others,103.0,Dinner at resto
2022-08-12,Food,1172.0,Monthly rent
06-04-20,Others,73.0,Monthly rent
07/26/2022,Rent,1227.0,Gift
2019-01-19,Bonus,48887.0,Grocery shopping
12/27/2020,Savings,258.0,Paid electricity bill via app
December 30 2019,Other Income,33362.0,Paid electricity bill
02/27/2020,Entertainment,1128.0,Salary
11/21/2022,Food,458.0,Dinner at resto cash
2019-06-22,Travel,1146.0,Salary late
12/30/2019,Salary,46168.0,Course fee
March 06 2019,Entertainment,1005.0,Paid electricity bill
19-09-19,Otthers,137.0,Course fee
06/06/2022,Other Income,49181.0,Course fee
2022-01-11,Bonus,88019.0,Course fee 
02-06-19,Food,832.0,Gift 
02/15/2022,Rent,5740.0,Grocery shopping
2019-01-28,Rent,1872.0,Monthly rent
11-01-22,Rent,214.0,Netflix subscription
2022-04-22,Bonus,45270.0,Paid electricity bill 
09/28/2020,Other Income,94360.0,Paid electricity bill 
12-04-20,Food,5408.0,Course fee cash
2019-05-02,Ret,113.0,49OcmRKruQrYD0WPvmW9
February 14 2019,Bonus,64643.0,Salary
2022-07-07,Travel,103.0,Paid electricity bill
2021-08-09,Health,23.0,Netflix subscription
06/01/2020,Other Income,52952.0,Dinner at resto
09/04/2022,Salary,73750.0,Grocery shopping
08/17/2019,Trvael,162.0,Uber to office
2022-05-16,Education,131.0,Dinner at resto
2021-01-06,Rent,143.0,Dinner at resto late
23-07-21,ent,,Doctor visit cash
12/04/2022,Rent,331.0,Monthly rent
,Rent,368.0,Netflix subscription cash
2020-06-23,Food,211.0,Netflix subscription
2021-01-08,Bonus,75337.0,Course fee late
08/16/2020,Other Inome,55546.0,Monthly rent
01/07/2022,Salary,64391.0,Dinner at resto
2021-01-31,Edcation,1237.0,Grocery shopping 
22-01-19,Rent,732.0,Paid electricity bill
02/09/2022,Bonus,34378.0,Dinner at resto
16-08-19,Food,500.0,Grocery shopping via app
2022-07-09,Utilities,359.0,Uber to office
2022-10-29,Entertainment,498.0,Grocery shopping
28-06-19,Rent,97.0,Dinner at resto
2021-04-04,Utilities,529.0,Netflix subscription
2019-09-05,Entertainment,591.0,Dinner at resto
10-04-20,Education,231.0,Uber to office
01-09-21,Food,156.0,Dinner at resto
,Other Income,45184.0,Doctor visit via app
11/02/2022,Food,209.0,Course fee
2021-05-11,Rent,1101.0,Paid electricity bill
2020-05-21,Savings,954.0,Doctor visit
2019-03-20,Food,94.0,Salary
23-01-21,Travel,6215.0,Paid electricity bill late
December 14 2019,Rent,295.0,Dinner at resto
January 27 2020,Rent,405.0,Course fee 
2019-01-04,Rent,135.0,Doctor visit late
07/31/2021,Food,2452.0,KW791f9r25ptEwEMk5Cr
05-04-20,Rent,4611.0,Uber to office
04/05/2021,Salary,71353.0,Monthly rent late
August 21 2021,Rent,631.0,Paid electricity bill 
06/02/2020,Bonus,61568.0,Monthly rent
03/13/2020,Food,629.0,Netflix subscription
2019-09-18,Rent,125.0,Grocery shopping 
2022-09-12,Food,352.0,Paid electricity bill cash
2019-06-20,Health,257.0,Netflix subscription
2022-11-08,Rent,64.0,Monthly rent
28-01-19,Salary,56845.0,Paid electricity bill cash
November 22 2019,Rent,448.0,Doctor visit via app
07-04-20,Salary,58218.0,Paid electricity bill
12/08/2022,Rent,1800.0,Netflix subscription
2020-01-31,Entertainment,292.0,Uber to office via app
04-04-21,Food,83.0,Course fee
06/30/2021,Utilities,2273.0,Gift late
10/25/2020,Utilities,189.0,Dinner at resto
24-03-22,Bonus,71924.0,Doctor visit
2019-03-07,Health,2536.0,Uber to office cash
08/26/2021,Food,442.0,Dinner at resto 
January 19 2022,Food,105.0,Uber to office late
,Entertainment,168.0,Grocery shopping 
,Bonus,40115.0,Monthly rent
2022-07-20,Food,1293.0,Uber to office
April 12 2019,Travel,460.0,poUSCGO5nkR4XEqn
01/19/2021,Food,1444.0,Paid electricity bill
02/15/2019,Rent,128.0,Netflix subscription
21-08-21,Rent,564.0,xsI7UyWH4L4GwiB
13-10-21,Utilities,415.0,Paid electricity bill via app
10/05/2022,Rent,115.0,Doctor visit 
10/05/2019,Food,191.0,Netflix subscription
2022-07-03,Rent,812.0,Salary
15-10-19,Food,26.0,Dinner at resto late
,Utliities,1475.0,Salary
2019-02-07,Saviings,229.0,Course fee
2021-12-11,Other Income,63662.0,Uber to office
07-04-19,Food,696.0,Course fee 
2021-12-14,Savings,107.0,JdvvLZ1hcyYi0hxxCvT
2019-09-10,Travel,8199.0,Uber to office cash
21-05-19,Entertainment,1139.0,Salary
February 04 2021,Travel,1687.0,Gift
December 04 2020,Salary,49873.0,Doctor visit
26-10-21,Other Income,44271.0,Netflix subscription
12/05/2020,Bonus,50576.0,FThrxaJNe8B5
07/22/2020,Savings,2815.0,Gift cash
10/25/2021,Travel,96.0,Dinner at resto via app
July 04 2019,Salary,59591.0,Uber to office cash
April 03 2021,Education,495.0,Doctor visit
June 06 2020,Others,115.0,Uber to office cash
2022-08-06,Food,2778.0,Course fee
01/31/2020,Rent,8056.0,Gift
09/03/2022,Food,871.0,tev2RVODHforQ49u
August 30 2022,Food,1525.0,Uber to office
2020-05-12,Salary,59703.0,Paid electricity bill
2021-05-27,Savings,2095.0,Grocery shopping
02/08/2020,Food,354.0,Doctor visit via app
01/19/2021,Entertainment,258.0,Gift
2021-06-26,Utilities,1529.0,Netflix subscription via app
23-03-21,Health,100.0,Salary
February 23 2020,Utilities,303.0,Course fee
02/21/2019,Rent,197.0,Doctor visit
2022-08-26,Utilities,82.0,Gift
February 21 2020,Bonus,47376.0,Gift
23-03-20,Travel,24.0,Uber to office 
01-08-21,Salary,70795.0,Dinner at resto
15-05-22,Utilities,42.0,Dinner at resto
10/01/2019,Rent,487.0,Monthly rent
June 12 2021,Food,1134.0,Grocery shopping cash
06/23/2022,Travel,1363.0,Netflix subscription
2022-12-03,Bonsu,64408.0,Gift
04-03-22,Foood,288.0,Salary
10/12/2021,Food,519.0,Paid electricity bill
2020-02-29,Food,169.0,Uber to office
04/15/2021,Food,66.0,Uber to office
December 08 2021,Entertainment,-585.0,Gift
09-12-22,Food,851.0,Monthly rent
2021-01-10,Savings,129.0,Salary
,Food,91.0,Salary
January 27 2021,Food,1490.0,Dinner at resto late
July 28 2022,Fod,1228.0,Course fee
2022-09-15,Food,-670.0,Dinner at resto
22-05-21,Rennt,104.0,Grocery shopping
2021-11-07,Food,1454.0,Gift
December 30 2021,Food,468.0,Grocery shopping 
June 08 2022,Entertainment,1601.0,Paid electricity bill
2021-03-16,Utilities,632.0,Dinner at resto
30-10-20,Food,6136.0,Grocery shopping
,Savings,177.0,Grocery shopping
September 18 2021,Travl,175.0,Doctor visit 
2022-05-19,Food,250.0,Netflix subscription
06/27/2020,Salary,76860.0,Grocery shopping
06/26/2019,Trave,809.0,Grocery shopping
January 11 2021,Rent,331.0,Uber to office cash
27-11-19,Rent,864.0,Doctor visit
05-11-22,oFod,195.0,Doctor visit
27-09-20,Travel,1251.0,Uber to office cash
03/03/2022,Food,144.0,Uber to office cash
2022-08-11,Food,227.0,Course fee
2020-04-17,Educcation,268.0,Salary
17-08-21,Rent,472.0,Course fee
2021-04-19,Foo,392.0,OuxnqZ2WtQlFE2Z
April 13 2022,Ohter Income,59515.0,Netflix subscription
01/11/2021,Other Income,68000.0,Dinner at resto
2020-01-05,Travel,174.0,Netflix subscription
18-09-20,Entertainment,488.0,Dinner at resto
30-09-21,Food,1163.0,Grocery shopping
04/20/2022,Bonus,70265.0,Course fee
15-11-22,Rent,1166.0,Netflix subscription
November 22 2020,Othhers,422.0,Dinner at resto
2019-05-25,ood,80.0,Paid electricity bill
29-03-20,Food,109.0,Netflix subscription
June 30 2022,Travel,373.0,Course fee via app
11/15/2020,Food,41.0,Uber to office via app
2020-09-18,Food,354.0,Gift
2020-06-12,Others,210.0,Salary
2021-06-02,Utilities,1407.0,Grocery shopping
2022-04-27,Other Income,93298.0,Monthly rent 
December 17 2020,Food,357.0,Course fee
2022-10-21,Savings,223.0,Monthly rent
14-09-19,Health,3701.0,Course fee
2021-04-14,Rnt,245.0,yIbUtb7Qk3G2RFY2saY
06/14/2021,Food,193.0,Salary
,Utilities,140.0,Monthly rent
08/23/2021,Entertainment,180.0,Grocery shopping
2021-11-23,Rent,431.0,Gift
22-11-22,Food,2290.0,Monthly rent 
07/07/2019,Ren,2612.0,Course fee
17-07-22,Rent,48.0,Gift
14-12-20,Entertainment,241.0,Paid electricity bill
06/04/2022,Utilities,386.0,Course fee cash
2022-07-06,Food,523.0,Dinner at resto
March 25 2022,Salary,55238.0,Monthly rent 
April 11 2022,Entertainment,1045.0,Dinner at resto cash
07-11-22,Entertainment,234.0,Course fee
01/31/2021,Food,1329.0,Gift
11/06/2020,Utilities,983.0,Paid electricity bill
02-07-21,Others,349.0,Monthly rent
2021-10-15,Others,497.0,Monthly rent
01/03/2020,Rent,160.0,Gift
07/27/2020,Rent,5263.0,Gift
08/04/2019,Rent,32.0,Doctor visit cash
10-05-19,Utilities,451.0,Salary cash
17-09-21,Utilities,1497.0,Monthly rent
03/02/2019,Rent,1359.0,Netflix subscription
2020-07-16,Food,1883.0,Gift
08/28/2020,Utilities,539.0,Salary cash
2020-02-24,Other Income,70566.0,Course fee
,Others,36.0,Course fee 
05-06-19,Savings,311.0,Dinner at resto
11/23/2019,Food,1477.0,Course fee
September 25 2022,Food,45.0,Salary late
09/14/2019,Utilities,306.0,Dinner at resto
01-02-20,Rent,169.0,Uber to office 
10/05/2019,Bonus,44985.0,Doctor visit
12/24/2020,Food,291.0,Doctor visit via app
08/27/2021,Food,330.0,Paid electricity bill 
,Rent,120.0,Course fee cash
2021-03-14,Salary,55346.0,Salary
February 21 2020,Bonus,47376.0,Gift
11/06/2019,Bonus,91769.0,Doctor visit
08/04/2021,Other Income,60498.0,Salary
21-03-22,Rent,21.0,BcHZZBCjS
17-12-19,eRnt,103.0,Paid electricity bill
2020-08-18,Travel,301.0,Salary
06/11/2019,Utilities,395.0,Grocery shopping
2020-08-29,Utilities,2677.0,Salary via app
11/03/2022,Utilities,747.0,Gift
11/13/2022,Rent,113.0,Paid electricity bill
02-02-22,Food,955.0,Dinner at resto late
January 24 2019,Rent,852.0,Course fee
2022-10-27,Health,389.0,Gift via app
04/23/2019,Food,44.0,Grocery shopping
08-03-20,Rent,844.0,Dinner at resto
2020-12-27,Rent,1599.0,Course fee
September 13 2020,Travel,579.0,Grocery shopping cash
,Bonus,90139.0,Uber to office
27-07-19,Salary,88030.0,Uber to office
2020-01-22,Food,142.0,Salary 
22-09-20,Education,65.0,Netflix subscription 
2022-12-31,Rent,2940.0,Grocery shopping
October 03 2022,Food,1093.0,Salary
November 17 2020,Food,220.0,Salary
2020-11-09,Rent,141.0,Doctor visit
,Others,1123.0,Monthly rent
08/23/2020,Others,377.0,3UnMY5Sj58jJe7y
2019-06-23,Utilities,664.0,Paid electricity bill late
2022-06-06,Travel,102.0,Paid electricity bill
2019-12-27,Utiliities,,Salary
03/04/2021,Entertainment,356.0,Doctor visit late
2021-06-29,Others,116.0,AFcCDFLI1UutUG
09-08-21,Food,114.0,Doctor visit late
07/05/2022,Savings,803.0,Gift
04/24/2021,Utilities,137.0,Grocery shopping late
May 05 2020,Bonus,49009.0,Dinner at resto
2020-07-14,Salary,46176.0,Salary
July 30 2021,Food,96.0,Gift
11/26/2019,Bonus,54257.0,Monthly rent
2020-04-23,Salaary,68844.0,NlgXqKsf9R6U8K
10/24/2022,Food,1936.0,Uber to office
2019-06-03,Food,106.0,Course fee
2020-08-30,Utilities,351.0,Course fee
29-05-19,Utilities,3934.0,Course fee
01/26/2021,Rent,153.0,Monthly rent
16-03-21,Travel,1875.0,Dinner at resto
2021-02-18,Salary,54045.0,Dinner at resto
2022-05-15,Others,3304.0,Doctor visit
07/10/2019,Food,505.0,Grocery shopping
January 05 2022,Bonus,48404.0,oC7KA1MfQV
02/01/2022,Utilities,55.0,o0JoSL0wV
2019-06-09,Other Income,67284.0,Monthly rent
28-06-22,Food,449.0,Monthly rent via app
28-07-19,Rent,562.0,Monthly rent
11/03/2022,Food,217.0,Doctor visit
June 14 2019,Retn,1379.0,Paid electricity bill
,Education,1068.0,Uber to office cash
2021-03-18,Food,1735.0,1RnwFeTFnyyU34lyvW4O
01/09/2020,Travel,560.0,Course fee
2019-06-12,Savings,27.0,Paid electricity bill
19-05-21,Savings,42.0,Dinner at resto
December 04 2022,Food,786.0,Uber to office cash
07-06-21,Food,711.0,Doctor visit
15-05-21,Salary,62663.0,Salary
2022-06-27,Utilities,1598.0,8SaSOS2GML8
November 29 2022,Rent,2202.0,dFMdGhOp8HqP6MWlmU6s
09/03/2021,Rent,1195.0,DGUb9YbxTqtGyImMoqO
July 23 2022,Rent,201.0,Paid electricity bill
04/13/2020,Rent,107.0,Paid electricity bill
2020-05-27,Rent,2036.0,Monthly rent
2022-10-05,Entertainment,253.0,Salary
April 03 2019,Rent,713.0,Uber to office
2022-02-24,Food,165.0,qKvDIKBrmof
05/29/2021,Salary,65738.0,Grocery shopping via app
2022-11-09,Other Income,59251.0,Paid electricity bill
03-09-19,Others,270.0,Uber to office
2019-09-29,Entertainment,259.0,Gift
02/09/2022,Utilities,368.0,Netflix subscription
07/18/2019,Savings,196.0,Course fee
2022-01-29,Food,61.0,Salary
2022-08-12,Food,1547.0,Dinner at resto
2019-09-08,Food,1036.0,Uber to office
30-12-22,Rent,1343.0,Monthly rent
2021-06-29,Others,116.0,AFcCDFLI1UutUG
11/22/2020,Rent,666.0,Uber to office
01/28/2020,Rent,200.0,Paid electricity bill
01/28/2019,Rent,107.0,Uber to office
2019-10-05,Entertainment,154.0,Netflix subscription
05/01/2021,Travel,267.0,aThWWtKRP5e
11/05/2021,Food,4161.0,Monthly rent cash
February 05 2021,Utilities,1343.0,Uber to office
08/31/2020,Food,3373.0,Uber to office
2021-08-14,Utilities,218.0,Dinner at resto via app
06/07/2020,Rent,58.0,Course fee
April 18 2021,Salary,47814.0,Uber to office
2020-06-24,Rent,373.0,Salary
11/24/2021,Utilities,,Grocery shopping
2022-10-04,Food,946.0,Course fee 
2020-02-28,Rent,312.0,Doctor visit
March 27 2020,Entertainment,319.0,Netflix subscription
March 16 2019,Rent,353.0,Doctor visit
2019-12-31,Food,7019.0,Paid electricity bill
2019-01-08,Health,118.0,Course fee
07/05/2019,Food,183.0,Doctor visit late
2022-06-30,Utilities,1328.0,Netflix subscription
27-04-22,Rent,754.0,Gift
27-04-22,Rent,81.0,Course fee
March 08 2020,Rent,1354.0,Salary
May 10 2021,Food,14.0,Doctor visit via app
2022-01-22,Food,89.0,Grocery shopping
27-12-19,Rent,925.0,Monthly rent
September 23 2021,Rent,180.0,Gift
2020-11-29,Utilities,37.0,gitKBa73sHCeQgo
2020-09-26,Travel,351.0,Uber to office
2022-12-14,Retn,44.0,Grocery shopping 
December 17 2019,Health,580.0,Uber to office
12/01/2021,Foo,209.0,Salary
10/18/2019,Travel,280.0,Uber to office
08/21/2020,Food,5398.0,Uber to office
2022-07-18,Entertainment,76.0,ujJmhga82Tv2
August 31 2019,Food,35.0,Monthly rent late
10/15/2021,Food,50.0,Salary
09/22/2021,Salary,64488.0,zY783iCpVr4eRWGZfj9
2020-06-02,Entertainment,1428.0,Paid electricity bill
04-08-20,Food,95.0,Course fee
,Rent,32.0,Netflix subscription
March 20 2019,Entertainment,3194.0,Netflix subscription
31-07-21,Travel,1893.0,Netflix subscription late
2019-04-09,Travel,523.0,Uber to office
2020-09-16,Food,484.0,Doctor visit late
22-06-19,Health,322.0,Salary cash
03/11/2021,Travle,1653.0,Salary
2022-07-21,Food,231.0,Gift via app
09/23/2019,Utilities,126.0,Netflix subscription
02/10/2020,Travel,53.0,Dinner at resto
2020-07-02,Travel,129.0,Grocery shopping
05/28/2022,Education,673.0,Grocery shopping 
31-12-20,Utilities,1630.0,Doctor visit via app
11/18/2021,Salary,57373.0,Monthly rent late
29-01-20,Rent,360.0,Uber to office
30-09-21,Travel,97.0,Doctor visit cash
11/16/2021,Rent,63.0,Grocery shopping
26-08-21,Rent,1201.0,Paid electricity bill
29-03-22,Others,114.0,Monthly rent
05-12-19,Other Income,68606.0,Course fee
12/01/2021,Rent,730.0,Course fee
09-08-22,FFood,73.0,Netflix subscription
21-02-22,Salary,67142.0,Dinner at resto
07/24/2021,Food,158.0,Grocery shopping via app
05/29/2020,Utilities,2691.0,Grocery shopping
March 06 2020,Rent,1097.0,Netflix subscription
2020-04-27,Rent,58.0,xj5R8fkvVjA
2022-12-20,Rent,104.0,Uber to office
2021-06-02,Food,412.0,Course fee
20-10-21,Rent,1672.0,Grocery shopping
2019-11-13,Other Income,67703.0,Doctor visit
01/27/2020,Food,81.0,Paid electricity bill cash
2020-05-09,Utilitie,48.0,Salary
March 13 2019,Entertainment,,Course fee
05/15/2020,Rent,211.0,Paid electricity bill
02/26/2021,Fodo,4614.0,Gift via app
18-10-22,Food,299.0,Salary 
25-02-21,Food,202.0,Course fee late
27-06-19,Travel,1295.0,Paid electricity bill
2020-06-19,Bonus,65675.0,Paid electricity bill 
11/19/2020,Travel,238.0,Grocery shopping
2020-11-24,Utilities,102.0,Course fee
05/28/2022,Rent,13.0,Course fee
February 11 2020,Health,,Course fee
01/22/2019,Rent,470.0,Course fee
18-04-20,Salary,63528.0,Dinner at resto 
15-08-20,Food,-521.0,6KPzisvgn9cO
13-02-21,Food,594.0,Netflix subscription cash
August 22 2020,Rent,328.0,Netflix subscription
09/18/2019,Entertainment,4658.0,Course fee
03-08-19,Bonus,17885.0,Uber to office via app
28-03-22,Rent,198.0,Doctor visit
16-01-21,Utilities,93.0,Monthly rent late
January 02 2021,Rent,422.0,Grocery shopping
January 24 2019,Bonus,88213.0,Monthly rent
2020-04-01,Food,1009.0,Uber to office
03/29/2020,Food,517.0,Paid electricity bill
25-07-22,Savings,940.0,Monthly rent
15-06-20,Entertainment,1592.0,Doctor visit
10-04-19,Food,442.0,Monthly rent
01/30/2020,Food,865.0,Netflix subscription
03-03-22,Rent,314.0,Gift
2020-02-09,Other Income,46955.0,Paid electricity bill
2021-04-14,Food,108.0,Netflix subscription
2022-04-29,Food,3947.0,Uber to office
03/19/2022,Health,1040.0,Gift
01-10-22,Rent,309.0,Doctor visit
2019-09-23,Travel,1412.0,Netflix subscription cash
16-03-21,Travel,89.0,Paid electricity bill
2022-09-02,Tarvel,2400.0,Dinner at resto via app
2022-04-12,Rent,668.0,Paid electricity bill
07/15/2022,Food,224.0,Uber to office
August 12 2020,Entertainment,253.0,Gift
January 27 2020,Travel,759.0,Course fee
2021-02-15,Travel,1011.0,Monthly rent
2021-10-12,Salary,57903.0,Monthly rent via app
12/10/2019,Rent,293.0,Doctor visit cash
October 05 2022,Utilities,135.0,Netflix subscription
March 29 2021,Rent,81.0,Course fee
2022-12-27,Savings,1865.0,Dinner at resto cash
March 24 2022,Food,965.0,euEs0MyWuFL
02/11/2019,Travel,270.0,Dinner at resto late
2022-11-17,Utilities,1949.0,Uber to office
2020-04-23,Bonus,64498.0,Grocery shopping
April 19 2021,Bonus,53975.0,Monthly rent
10-05-20,Food,260.0,fKW6J2kwTEsTqzHR1
2019-12-19,Savings,554.0,Course fee
May 25 2022,Food,505.0,Doctor visit
March 16 2021,Food,415.0,Doctor visit
02/04/2022,Rent,246.0,Salary
September 13 2022,Other Income,79351.0,Monthly rent cash
07/16/2021,Food,293.0,Uber to office
2022-11-23,Rent,,Netflix subscription late
11/22/2019,Utilities,888.0,Uber to office late
2019-11-24,Food,42.0,amDm9JLTfeS5wPR
08/15/2022,Food,260.0,Doctor visit
30-06-20,Salary,70885.0,Dinner at resto
2019-02-20,Food,93.0,Grocery shopping
2019-10-24,Food,235.0,Uber to office
10/17/2021,Other Income,74513.0,Course fee 
11-06-21,Education,134.0,Doctor visit
11/06/2020,Rent,391.0,Paid electricity bill
July 07 2021,Food,1137.0,Course fee
2021-11-30,Rent,288.0,Doctor visit
08-12-20,Food,41.0,Paid electricity bill
August 16 2019,Utilities,225.0,Course fee
02/14/2021,Utilities,755.0,Doctor visit
,Bonus,71695.0,Course fee
2020-06-30,Rent,64.0,Monthly rent
2019-02-16,Bonus,38890.0,Salary
18-08-19,tilities,145.0,Uber to office
November 04 2022,Rent,474.0,Uber to office
2020-06-28,Other Income,51482.0,Dinner at resto
2022-03-27,Food,338.0,Netflix subscription
11-06-21,Others,1806.0,Paid electricity bill
December 18 2020,Travvel,677.0,Netflix subscription
December 13 2022,Salary,94390.0,Salary via app
2020-08-24,Salary,57180.0,Gift
08/05/2022,Rent,363.0,Doctor visit
August 10 2021,Rent,331.0,Uber to office
April 13 2020,Food,1144.0,Dinner at resto 
26-07-21,Utilities,74.0,Gift
01-10-20,Savings,51.0,Course fee
2021-03-15,Food,158.0,Grocery shopping
June 12 2021,Rent,744.0,Netflix subscription
December 21 2020,Utilities,448.0,Dinner at resto
04/07/2022,Utiliteis,228.0,Gift
04-03-22,Other Income,61735.0,Doctor visit
2022-11-25,Salary,54629.0,Paid electricity bill
2020-04-07,Others,328.0,Uber to office
27-02-20,Food,1756.0,Monthly rent cash
2019-04-03,Rent,356.0,Grocery shopping
04/10/2020,Salary,54552.0,Monthly rent 
31-03-22,Rent,59.0,Dinner at resto
,Food,1295.0,Paid electricity bill
June 15 2020,Salary,38756.0,Uber to office
07/16/2021,Travel,634.0,Dinner at resto 
05/05/2019,Food,238.0,Course fee via app
31-01-20,Travel,1323.0,Dinner at resto
,Salary,69463.0,Salary
12/29/2022,Rent,198.0,Uber to office via app
07-06-22,Other Income,67248.0,Paid electricity bill
12/23/2020,Food,200.0,Gift
March 17 2020,Utilities,148.0,Doctor visit via app
10/12/2021,Rent,606.0,Monthly rent
2022-10-15,Travel,217.0,Paid electricity bill
15-02-21,Utilities,59.0,Course fee 
2021-10-04,Utilities,89.0,Doctor visit
2020-07-12,Others,718.0,Course fee late
26-04-19,Entertainment,,Dinner at resto
01/05/2019,Food,682.0,UmTAxj6tiRPdeOXwxh
February 01 2021,Food,238.0,Doctor visit
07/19/2022,Rent,178.0,Netflix subscription 
October 24 2021,Bonus,50379.0,Gift
2019-08-09,Entertainment,175.0,Salary
18-04-20,Travel,57.0,Gift
January 09 2019,Education,397.0,Netflix subscription
2021-04-12,Food,114.0,Netflix subscription 
10/27/2022,Food,111.0,d9a3PZYu9Jr
13-10-19,Entertainment,481.0,Netflix subscription 
May 18 2021,Savings,815.0,Uber to office cash
2019-08-22,Food,85.0,Paid electricity bill
15-11-20,Food,919.0,Paid electricity bill
06/29/2022,Health,744.0,Grocery shopping via app
04/01/2020,Entetrainment,1390.0,Paid electricity bill
June 27 2022,Travel,790.0,Doctor visit late
04/14/2022,Food,1902.0,Paid electricity bill late
May 04 2022,Travel,1045.0,h6whw1RlinhnQwTr
2022-11-23,Food,412.0,Uber to office
2021-11-03,Travel,221.0,Course fee
15-09-22,Rent,,Netflix subscription
12/08/2022,Bonus,63349.0,Monthly rent
24-08-19,Bonus,63889.0,Gift
2019-09-04,Tavel,57.0,Paid electricity bill
10-09-19,Food,155.0,Netflix subscription
05/18/2019,Rent,674.0,Uber to office 
07/04/2022,Bonus,55962.0,Netflix subscription 
12/28/2020,Utilities,115.0,Salary
,Rent,156.0,Paid electricity bill
10/19/2019,Utilities,658.0,Netflix subscription
15-08-20,Utilities,102.0,NoxFFZ0HulSK7C
01-02-20,Rent,621.0,Uber to office
12/13/2020,Salry,65891.0,Netflix subscription
07/17/2022,Food,585.0,uvRiayJK
2021-02-21,Others,61.0,Salary
2020-09-02,Food,4277.0,Grocery shopping
22-08-21,Food,3104.0,Grocery shopping cash
03/16/2020,Rent,75.0,Salary
October 25 2020,Food,161.0,Grocery shopping cash
23-04-19,Entertainment,533.0,Paid electricity bill late
2021-11-23,Food,67.0,Gift
June 23 2022,Food,235.0,Grocery shopping
27-02-22,Rent,423.0,Monthly rent
10/31/2019,Salary,42490.0,Grocery shopping
02/16/2019,Utilities,1368.0,Doctor visit
01/19/2020,Other Income,71181.0,Netflix subscription
09-04-20,Rent,549.0,Salary
04/06/2019,Bonus,52514.0,EgvwBDgtG7gNWHlvBmv
December 30 2020,Rent,205.0,Paid electricity bill cash
2020-03-05,Education,1719.0,Grocery shopping
2022-02-10,Rent,7542.0,Monthly rent
September 08 2020,Entertainment,186.0,Gift
January 31 2022,Health,140.0,Dinner at resto
02/17/2022,Food,175.0,Netflix subscription
05/01/2020,Others,,Gift
02-05-21,Savings,2856.0,Salary
2020-12-12,Utilities,468.0,Uber to office
December 09 2021,Other Income,55056.0,Course fee 
08/06/2021,Other Income,62022.0,Paid electricity bill
2020-03-04,Rent,638.0,Monthly rent
06-09-19,Food,802.0,Netflix subscription via app
April 09 2022,Food,484.0,Salary
03/18/2020,Rent,1443.0,Monthly rent cash
February 28 2020,Fodo,1949.0,Doctor visit cash
2022-05-19,Rent,2556.0,Salary
2021-11-25,Food,1408.0,Gift
11/11/2019,Education,91.0,Salary
2019-08-07,Rent,107.0,Grocery shopping
August 05 2022,Others,94.0,Netflix subscription
2022-05-08,Rent,165.0,Gift
February 11 2022,Rent,1460.0,Doctor visit cash
June 21 2022,Food,1583.0,Salary 
2020-09-08,Entertainment,1587.0,Monthly rent
14-01-21,Education,2127.0,Uber to office
2020-08-21,Food,385.0,Grocery shopping 
April 27 2021,Food,7002.0,Uber to office via app
10/08/2020,Rent,152.0,Uber to office late
2022-04-10,Utilities,838.0,Doctor visit
10/19/2022,Rent,8027.0,Grocery shopping
2019-08-13,Bonus,65316.0,Netflix subscription
12-12-21,Other Income,49924.0,Dinner at resto
November 14 2022,Rent,469.0,Netflix subscription
12/01/2021,Utilities,1040.0,Grocery shopping
2022-08-19,Utilities,648.0,Uber to office 
22-01-20,Rent,457.0,Doctor visit
07-03-21,Food,131.0,Gift
May 17 2022,Bonus,58158.0,Monthly rent
2022-01-14,Others,4274.0,Salary cash
2020-04-29,Travel,62.0,Paid electricity bill
2019-09-03,Rent,224.0,LUNgDOq02HUIdHc7BrhO
02/20/2021,Entertainment,153.0,Monthly rent via app
04-11-20,Food,678.0,Gift
2020-08-01,Rent,7584.0,Gift late
05/15/2019,Savings,305.0,Salary
2019-10-14,Food,,Gift
31-03-22,Food,357.0,Dinner at resto 
23-12-19,Entertainment,856.0,Salary cash
05-06-21,Salary,64797.0,Netflix subscription
05/10/2020,Education,490.0,Netflix subscription
2022-01-13,Food,78.0,NKUeRXwEcRm
12/10/2021,Travel,300.0,Grocery shopping
24-12-20,Rent,1378.0,Uber to office
2019-01-08,Rent,1107.0,Netflix subscription 
15-02-22,Food,118.0,Dinner at resto
September 10 2020,Food,1319.0,zhOYOrzyMfFxlJ7RY
,Entertainment,768.0,Uber to office cash
06/11/2022,Utilities,184.0,Paid electricity bill
2020-12-30,Rent,28.0,Course fee cash
10-10-22,Travel,381.0,Salary
16-11-19,Other Income,48845.0,Course fee cash
22-09-22,Travel,284.0,5rMvkadw2HcSk
2020-09-12,Food,967.0,Doctor visit
2022-06-08,Utilities,53.0,Paid electricity bill
02-01-20,Savings,1362.0,Doctor visit
09/17/2022,Travel,312.0,Course fee 
June 16 2020,Education,969.0,Doctor visit
2019-06-19,Travel,464.0,Paid electricity bill
,Education,257.0,Dinner at resto
24-01-20,Utilities,324.0,Uber to office cash
2019-12-16,Food,54.0,Salary
03/28/2019,Travel,163.0,Course fee
01-09-21,Other Income,51448.0,vTzYhELYHUxt4O5
2022-10-04,eRnt,298.0,sUJBOsMDs
November 04 2021,Other Income,33215.0,c1IngZnU934
08-09-22,Food,413.0,Uber to office
25-07-20,Travel,-557.0,Gift cash
06/20/2020,Food,143.0,Doctor visit via app
12-04-19,Utilities,489.0,Uber to office
2019-03-23,Rent,631.0,Dinner at resto
01/03/2019,Food,1404.0,gn8LNPxXOt1F6jgP
06/08/2019,Rent,4866.0,Salary late
04/24/2020,Food,,Doctor visit
13-11-19,Food,194.0,Uber to office late
05/10/2021,Rent,1196.0,AJWY7JHPaE
12-11-22,Food,1425.0,Course fee via app
2022-07-06,Bonus,63838.0,Doctor visit
March 27 2021,Food,197.0,Monthly rent
10/16/2022,Entertainment,374.0,Uber to office
2019-07-23,Entertainment,350.0,Netflix subscription late
01-01-22,Other Income,40883.0,Grocery shopping
2022-07-29,Utilities,330.0,Netflix subscription
2021-04-24,Utilities,2293.0,Course fee
17-06-21,Others,225.0,Course fee
06/17/2021,Travel,2313.0,Doctor visit
06-10-21,Rent,72.0,Salary via app
07-09-20,Utilities,182.0,Gift cash
01/11/2021,Salary,33609.0,Grocery shopping
December 04 2020,Rent,1758.0,Gift
2021-02-08,Rent,231.0,Dinner at resto
11/15/2022,Salary,38342.0,Dinner at resto
30-06-19,Savings,87.0,Paid electricity bill via app
06/22/2019,Entertainment,1166.0,Netflix subscription
2022-05-09,Rent,634.0,Uber to office
February 04 2022,Other Income,79633.0,Doctor visit cash
October 24 2022,Food,,Paid electricity bill 
2022-06-12,Others,2431.0,Doctor visit
2022-08-11,Travel,1856.0,Paid electricity bill
07/17/2022,aSvings,431.0,Dinner at resto
12-12-20,Travel,802.0,Dinner at resto
06-03-19,Entertainment,1966.0,Netflix subscription
31-08-21,Utilities,999999.0,Uber to office late
,Others,728.0,Gift
2020-04-04,Savings,193.0,Netflix subscription via app
05/22/2019,Food,349.0,Gift
02/26/2019,thers,7427.0,Dinner at resto
2019-11-28,Food,162.0,Uber to office
09/10/2021,Food,607.0,Course fee
May 16 2019,Food,146.0,Doctor visit
2022-01-10,Bonus,52221.0,Monthly rent
07/31/2019,Utilities,103.0,Salary
2021-01-30,Food,685.0,Paid electricity bill
20-06-19,Travel,1168.0,Uber to office
2020-10-15,Bonus,43135.0,Monthly rent cash
20-11-20,Entrtainment,1148.0,Grocery shopping
09/12/2019,Rent,47.0,Dinner at resto
31-10-21,Food,606.0,Salary late
2021-12-09,Food,3776.0,Grocery shopping cash
April 05 2020,Entertainment,211.0,Gift late
05/18/2022,Rent,109.0,Grocery shopping
08-10-22,Rent,3444.0,Gift
2020-09-12,Food,135.0,Paid electricity bill
2020-03-19,Utilities,207.0,Grocery shopping
31/08/21,Salary,65664.0,Monthly rent
08/05/2020,Travel,69.0,Gift late
2019-12-18,Rent,619.0,Uber to office cash
06/04/2022,Foood,1112.0,Salary
11/07/2022,Travel,140.0,S9LjHruqMdT3
2020-05-27,Other Income,44412.0,Paid electricity bill cash
05/27/2020,Rent,1358.0,Grocery shopping
08/24/2021,Rent,462.0,Netflix subscription
,Other Income,83802.0,Gift via app
09/14/2022,Utilities,500.0,Nx6k1g4Jl1zIETqBDg
21-02-19,Utilities,377.0,Monthly rent
2022-06-03,Food,899.0,Monthly rent via app
04-03-22,Utilities,913.0,Gift late
2021-11-05,Rent,38.0,Dinner at resto
10/21/2021,Food,,PlssEtPiZ11K9o
10/18/2022,Entertainment,1218.0,Netflix subscription
2022-01-24,Rent,562.0,Grocery shopping
05/28/2022,Rent,762.0,Doctor visit
23-07-20,Educatino,1180.0,Uber to office cash
,Entertainment,370.0,Zzsavp6qQyMkAl9BwPK
10/21/2021,Food,730.0,2k2eXTd0m6xHW
04/23/2020,Food,587.0,Paid electricity bill late
08/15/2020,Travel,67.0,Doctor visit
05-08-21,Rent,41.0,Gift 
2020-04-04,Rent,833.0,Course fee
06-06-20,Food,3053.0,Grocery shopping
28-07-22,Entertainment,1460.0,Monthly rent
23-11-22,Rent,142.0,Uber to office
May 20 2020,Other Income,57479.0,Dinner at resto
03-07-21,Food,85.0,Paid electricity bill late
10/14/2022,Rent,823.0,Dinner at resto
04/27/2020,RRent,38.0,Netflix subscription
2019-12-19,Food,749.0,Salary
16-01-19,Rent,2905.0,Dinner at resto
10/30/2019,Salary,65604.0,Netflix subscription
01/05/2019,Utilities,204.0,Uber to office 
01/07/2021,Food,31.0,Dinner at resto
07/27/2019,Entertainment,1622.0,Uber to office 
11/09/2019,Travel,143.0,Course fee
2020-07-18,Other Income,53291.0,Gift cash
05-08-20,Bonus,31650.0,Doctor visit 
10/14/2019,Travel,621.0,Salary via app
15-03-21,Othres,603.0,Salary
06/27/2019,Rent,3077.0,Doctor visit
August 09 2020,Food,123.0,Salary via app
June 11 2019,Other Income,42767.0,Paid electricity bill
03/01/2022,Food,318.0,Monthly rent
10/02/2021,Food,228.0,Paid electricity bill late
07/14/2019,Bonus,70264.0,Salary
2020-05-01,Food,671.0,Dinner at resto
2019-07-17,Other Income,55376.0,Doctor visit
11/15/2022,Utilities,239.0,Netflix subscription late
August 07 2020,Food,517.0,Doctor visit via app
05/25/2020,Utilities,938.0,Grocery shopping
2019-08-15,Rent,814.0,Monthly rent
03/19/2021,Travel,4929.0,Grocery shopping
2019-06-16,Utilities,165.0,Grocery shopping
11/27/2022,Othesr,70.0,Gift
07/03/2019,Food,538.0,Course fee
16-12-22,Food,198.0,Gift
October 24 2021,Others,494.0,Salary
06/22/2021,Entertainment,1522.0,Uber to office late
25-08-19,Food,679.0,Course fee
October 14 2019,Entertainment,761.0,Grocery shopping cash
08/06/2020,Food,1754.0,Netflix subscription
23-11-19,Travel,290.0,Paid electricity bill
12/06/2020,Utilities,1136.0,Netflix subscription
09/09/2020,Rent,297.0,Course fee late
2019-10-04,Travel,76.0,Doctor visit late
02/01/2020,Rent,243.0,Salary late
2021-04-13,Entertainment,421.0,Gift
December 24 2020,Rent,870.0,Uber to office
12-02-20,Entertainment,147.0,Paid electricity bill
11/15/2019,Other Income,44412.0,Gift
2021-07-24,Entertainment,203.0,Gift 
2022-08-14,Bonus,59293.0,Salary
02/18/2021,Rent,30.0,Paid electricity bill 
08/03/2020,Entertainment,117.0,Uber to office
2022-01-25,Food,229.0,Salary late
March 04 2021,Utilities,704.0,Doctor visit
17-12-19,Other Income,45868.0,Course fee 
2020-05-24,Food,1377.0,Paid electricity bill
2022-07-25,Rent,2423.0,Course fee
06/04/2020,Travel,200.0,Course fee
10/17/2021,Food,124.0,Gift
01/24/2019,Rent,714.0,Grocery shopping
23-09-21,Others,982.0,Doctor visit
2019-07-24,Rent,115.0,Salary
08/13/2020,Health,1977.0,Course fee
23-03-22,Savings,1631.0,Dinner at resto
02/16/2021,Rent,116.0,Dinner at resto late
01-02-19,Food,1867.0,Netflix subscription
2019-01-03,Travel,1562.0,Course fee
03/13/2021,Utilities,299.0,Course fee via app
January 08 2022,Travel,2981.0,Course fee late
12/28/2022,Travel,1896.0,Gift
07/04/2021,Food,4288.0,Grocery shopping
2022-01-13,Utilities,,Uber to office
07/06/2020,Utilities,144.0,Grocery shopping
19-05-19,Food,98.0,Paid electricity bill cash
2019-04-04,Rent,17.0,Course fee via app
09/28/2022,Rentt,425.0,Salary via app
2021-06-23,Rent,2447.0,Grocery shopping
November 16 2020,Education,90.0,Paid electricity bill
10/04/2019,Entertainment,1524.0,Paid electricity bill
2020-03-15,Food,1018.0,03TOq51THkLyP6
2020-05-07,Travel,496.0,Uber to office cash
2020-05-27,Entertainment,1801.0,Doctor visit
05-02-21,Bonus,48831.0,Doctor visit
14-09-20,Rent,585.0,Paid electricity bill
2021-07-31,Food,270.0,Salary 
26-10-21,Rent,289.0,Netflix subscription
12/16/2019,Travel,144.0,Paid electricity bill cash
2021-09-20,Rent,624.0,Uber to office
09/07/2020,Bonus,29124.0,Dinner at resto
2020-08-19,Utilities,139.0,Course fee
,Rent,623.0,Paid electricity bill 
11/01/2021,Other Income,57644.0,Monthly rent cash
19-12-19,Food,962.0,Monthly rent
2020-04-18,Food,467.0,Uber to office
February 02 2022,Rent,363.0,Dinner at resto
November 20 2020,Rent,797.0,Netflix subscription
01/26/2020,Utilities,509.0,Grocery shopping
2019-09-20,Food,468.0,gcyqVaowoCORBF
2021-03-12,Food,200.0,Paid electricity bill
03/13/2021,Food,63.0,Grocery shopping
16-05-22,Salary,67662.0,Netflix subscription
25-10-22,Utilities,654.0,Course fee
03-03-20,Food,523.0,Grocery shopping
2020-05-17,Utilities,1487.0,Paid electricity bill
2022-08-10,Bonus,55893.0,Doctor visit
2022-02-12,Entertainment,106.0,Dinner at resto
22-12-19,Rent,248.0,Salary
2019-02-20,Bonus,46385.0,Monthly rent late
27-11-19,Travel,410.0,liuJAczi9UX7jzr4
February 27 2019,Other Icome,40577.0,NTEFl1WYXxA
06/11/2022,Rent,755.0,Salary
,Rennt,370.0,Paid electricity bill late
September 05 2021,Health,648.0,Doctor visit late
03-01-19,Entertainment,68.0,Gift
26-11-19,Rent,306.0,Gift 
03/25/2022,Food,120.0,Netflix subscription 
12/12/2020,Rent,873.0,Course fee cash
09-04-20,Rent,549.0,Salary
05/27/2019,Rent,110.0,ZFlPJDNow
20-11-22,Rent,223.0,Salary
2021-06-14,Etertainment,235.0,Grocery shopping 
24-06-19,Rent,67.0,Dinner at resto
18-08-21,Food,521.0,Doctor visit
April 09 2022,Food,543.0,Dinner at resto
28-08-21,Travel,68.0,Salary
2020-01-20,Bonus,75734.0,Monthly rent
2019-08-07,Travel,1097.0,Gift 
2022-08-04,Foood,377.0,Monthly rent late
11/17/2021,oFod,2006.0,Netflix subscription
March 17 2019,Utilities,1457.0,Course fee
2022/03/30,Rent,823.0,Grocery shopping
2021-01-30,Utilities,6988.0,Grocery shopping
2021-01-12,Food,611.0,Gift cash
01-12-19,Food,378.0,Monthly rent
2022-12-05,Bonus,41388.0,Monthly rent cash
30-10-22,Rent,196.0,Course fee
23-03-19,Health,73.0,Doctor visit
10-06-22,Rent,619.0,Salary via app
20-07-20,Food,379.0,Grocery shopping
04/16/2019,Rent,165.0,Netflix subscription
25-08-22,Other Income,81285.0,Dinner at resto
06/08/2020,Food,2855.0,Paid electricity bill
07/27/2019,Rent,1086.0,Salary
02/27/2020,Entertainment,1128.0,Salary
09/28/2020,Others,124.0,Course fee
April 10 2020,Travel,155.0,Course fee
06/25/2019,Travel,1318.0,Dinner at resto 
2020-08-13,Food,277.0,Monthly rent
07-07-22,Food,62.0,Monthly rent
2020-04-15,Travel,,Course fee
02-06-20,Rent,1680.0,Paid electricity bill
2022-08-29,Food,425.0,Grocery shopping via app
25-01-21,Rent,6262.0,Course fee cash
2022-09-29,Utilitise,97.0,Grocery shopping late
07/08/2021,Food,152.0,Monthly rent
07/09/2021,Entertainment,86.0,6FpRAkgywbOU1lx
November 04 2020,Rent,473.0,Uber to office
24-08-19,Bonus,63889.0,Gift
29-12-21,Others,360.0,Doctor visit
11/05/2022,Rent,540.0,Monthly rent cash
29-05-21,Travel,4410.0,Netflix subscription
10/26/2020,Rent,578.0,Doctor visit
07-08-19,Food,2517.0,Salary via app
10/11/2020,Salary,46899.0,Gift
08/27/2022,Entertainment,176.0,Paid electricity bill 
01-06-19,Rent,2879.0,Dinner at resto
01/13/2022,Food,738.0,Paid electricity bill
30-01-19,Other Income,80324.0,Grocery shopping
2019-03-24,Others,539.0,Uber to office late
2019-01-26,Entertainment,966.0,Gift
2021-08-05,Food,,Netflix subscription
18-04-20,Rent,484.0,Course fee
04-08-20,Rent,258.0,Dinner at resto 
11-07-19,Savvings,609.0,Dinner at resto late
08-11-22,Bonus,73995.0,Course fee
04/17/2021,Entertainment,1942.0,fttvQQxvFzQ9cMp74
11-07-21,Other Income,76976.0,Uber to office
October 24 2022,Rent,314.0,Netflix subscription
21-10-22,Food,263.0,Gift
February 15 2019,Travel,390.0,Uber to office
2020-05-28,Food,979.0,Uber to office
06/11/2022,Rent,112.0,Doctor visit
November 13 2020,Food,157.0,Grocery shopping
09/24/2022,Food,562.0,Monthly rent late
2021-05-08,Food,649.0,Course fee
08/28/2022,Utilities,90.0,Monthly rent
29-07-22,Food,1002.0,Monthly rent 
02/03/2021,Other Income,53326.0,Doctor visit
19-12-19,Utilities,4269.0,Paid electricity bill
23-07-21,Travel,441.0,Salary
09/24/2021,Food,,Gift
05/09/2022,Food,1326.0,Netflix subscription
11/17/2020,Rent,371.0,Dinner at resto
2022-08-08,Utilities,1841.0,hNzkIjDmWhYF
2019-06-05,Travel,1619.0,Doctor visit
02-01-19,Travel,1120.0,Paid electricity bill
05/18/2022,Rent,148.0,Doctor visit
05/06/2019,Rent,14474.0,Dinner at resto
07/18/2021,Food,722.0,Grocery shopping
12/31/2021,Food,-450.0,Doctor visit
2020-05-29,Food,284.0,Gift
June 06 2020,Rent,84.0,Gift
19-05-22,Utilities,190.0,Paid electricity bill
07/16/2019,Utilities,415.0,Doctor visit
04/01/2021,Rent,208.0,HyxWEF0T0v
05/05/2019,Food,64.0,Grocery shopping
2022-04-06,Entertainment,880.0,GW6fuVpsCxJktxf6G3kV
11/22/2019,Entertainment,95.0,Dinner at resto
03/29/2020,Food,105.0,Uber to office 
2022-10-22,Salary,72905.0,Doctor visit
11/27/2020,Savins,881.0,Paid electricity bill
12-04-21,Food,434.0,Dinner at resto
15-11-19,Rent,298.0,Salary cash
2019-11-27,Savings,1220.0,Course fee via app
2021-12-18,Utilities,176.0,Paid electricity bill
2022-04-30,Savings,511.0,Netflix subscription
2022-01-18,Travel,563.0,Dinner at resto
03-02-21,Utilities,226.0,Salary cash
2020-08-19,Entertainment,353.0,Grocery shopping
2022-03-10,Food,27.0,Paid electricity bill
2019-05-22,Salary,41265.0,Course fee 
,Utilities,1789.0,Monthly rent
2022-12-28,Bonus,55281.0,Gift via app
08/07/2021,Education,537.0,Doctor visit
2019-09-30,Food,2716.0,Course fee via app
09/04/2019,Other Income,76542.0,5Ryigfb484
2022-07-09,Food,248.0,Grocery shopping
11/16/2019,Utilities,77.0,Grocery shopping
02-01-20,Ret,40.0,Salary
2020-01-19,Rent,1475.0,Paid electricity bill
12/20/2022,Rent,599.0,Dinner at resto
April 19 2021,Savings,205.0,Gift
03-05-21,Other Income,60061.0,0hfedIuLFCYUYabh1xT
2022-07-11,Food,521.0,Course fee
07-02-20,Food,1054.0,Doctor visit
03/28/2020,Salary,47390.0,rd1MgNZhD
07/24/2022,Utilities,,Uber to office
2020-09-16,Travel,1090.0,Dinner at resto
2021-04-20,Entertainment,357.0,Gift
2021-05-22,Rent,101.0,Grocery shopping 
01-09-20,Food,76.0,Netflix subscription
March 29 2022,Rent,17.0,Salary late
06/12/2022,Food,317.0,Monthly rent
07/10/2022,Others,1254.0,Doctor visit
08/25/2020,Others,649.0,Netflix subscription
2020-07-10,Food,551.0,Dinner at resto
07/10/2019,Utilities,978.0,BdJegBQ1fIEGpURs
30-10-22,Rent,1462.0,Paid electricity bill
22-08-20,Travel,161.0,Uber to office
2022-06-05,Travel,4344.0,Course fee
2020-03-27,Salary,80182.0,Uber to office
28-03-22,Entertainment,758.0,Uber to office
2021-12-08,Rent,368.0,Monthly rent via app
2020-10-21,Food,280.0,Paid electricity bill
04/30/2022,Food,203.0,Dinner at resto
01-03-19,Rent,1264.0,Salary late
2020-08-26,Food,128.0,Uber to office cash
12-04-21,Rent,112.0,Netflix subscription cash
06/15/2020,Education,358.0,Gift
06/13/2021,Rent,245.0,Course fee
June 23 2020,Food,690.0,Grocery shopping late
12/15/2020,Food,386.0,wOCKhk8zr7j
03-05-20,Food,848.0,Monthly rent
25-12-19,Travel,447.0,Netflix subscription
04/30/2020,Food,701.0,Paid electricity bill late
27-09-20,Food,61.0,Salary cash
04/19/2022,Travel,10.0,Netflix subscription
13-05-21,Food,122.0,96jM7fBhW
09-12-19,Food,891.0,Gift via app
06/09/2022,Salary,48798.0,iMaJf49iOFV19Mo
March 13 2019,Food,1535.0,Netflix subscription
11/24/2019,Utilitiees,192.0,Uber to office
20-04-19,Others,167.0,Uber to office 
2020-10-16,Food,291.0,Course fee
2019-06-25,Food,108.0,Doctor visit
October 18 2022,Utilites,74.0,Salary via app
2019-09-19,Bonus,35188.0,Paid electricity bill
2022-08-17,Bouns,48393.0,Paid electricity bill
2022-10-30,Rent,538.0,Salary
December 04 2022,Bonus,87491.0,Paid electricity bill
25-07-20,Rent,1019.0,Paid electricity bill
07/30/2019,Food,89.0,Doctor visit via app
29-04-19,Food,209.0,Uber to office
2022-01-20,Salary,61286.0,Netflix subscription
13-01-20,Entertainment,1453.0,Uber to office
March 17 2021,Other Income,26927.0,Uber to office
2020-09-29,Utilities,235.0,Salary
October 25 2021,Rent,337.0,k8yG2saP
22-09-21,Rent,573.0,Netflix subscription
2020-07-02,Entertainment,5271.0,Dinner at resto
2020-11-15,Salary,55445.0,Netflix subscription late
03-12-20,Travel,3089.0,Gift
12/01/2019,Food,153.0,Grocery shopping 
27-03-21,Other Income,39551.0,Uber to office
12-08-20,Rent,7661.0,Course fee
02/06/2019,Rent,327.0,Dinner at resto
07-10-19,Travel,164.0,Paid electricity bill cash
08/12/2020,Utilities,162.0,Gift
02/09/2019,Utilities,457.0,sGt0AFwjgnU8Y0r8
16-07-20,Travel,197.0,Grocery shopping
2019-05-08,Rent,142.0,Doctor visit
12-04-22,Education,406.0,Salary
2021-01-14,Other Income,58349.0,Dinner at resto
19-06-22,Travel,1859.0,Doctor visit
08/23/2021,Rent,335.0,Uber to office cash
08/30/2020,Food,722.0,v3iTFpZHIvJMP
01/22/2020,Rent,965.0,Salary
29-04-21,Utilities,1247.0,Uw7yttc5gfzwQMVB
05/19/2021,Travel,903.0,Course fee late
May 10 2019,Utilities,1446.0,Paid electricity bill
09/28/2019,Food,1090.0,Doctor visit
31-08-20,Utilities,65.0,Grocery shopping
2021-10-10,Salary,73216.0,Salary
2021-10-26,Food,,Dinner at resto late
13-06-21,Others,595.0,Uber to office
14-11-22,Rent,538.0,wPC95KBsen
2022-01-16,Salary,53397.0,Dinner at resto
May 29 2019,Rent,628.0,Gift
2022-06-17,Rent,298.0,Dinner at resto
05/07/2022,Utilities,562.0,Monthly rent
05/29/2021,Rent,669.0,Gift
10-06-22,Salary,67595.0,Doctor visit
November 10 2022,Rent,1696.0,Dinner at resto cash
2022-09-11,Bonus,38518.0,Monthly rent
2019-10-05,Others,399.0,Course fee
04-01-19,Food,101.0,Uber to office late
February 22 2022,Salary,64018.0,Paid electricity bill
August 05 2022,Others,101.0,Monthly rent
22-09-21,Rent,106.0,Paid electricity bill
04-01-21,Utilities,20.0,Uber to office
2021-07-02,Rent,,1aDcYS2F8ng
28-04-20,Bonus,80884.0,Paid electricity bill
10-09-22,Salary,75757.0,Dinner at resto
07/15/2021,Savings,325.0,Netflix subscription
May 14 2020,Bonus,84260.0,Salary cash
2021-12-21,Health,322.0,Dinner at resto
04/17/2021,Fodo,700.0,Uber to office late
January 13 2021,Others,340.0,Uber to office
26-01-20,Ohers,169.0,Monthly rent
04/10/2022,Entertainment,65.0,Paid electricity bill
2021-07-14,Food,1837.0,Monthly rent late
August 31 2022,Rent,462.0,Salary
29-05-21,Utilities,736.0,pfzR63bVLHSuPo
2022-10-29,Utilities,361.0,Paid electricity bill
2021-11-29,Entertainment,572.0,Gift
08-04-22,Food,139.0,Course fee late
2019-04-25,Othe Income,95298.0,Netflix subscription
2021-04-01,Entertainment,1241.0,Uber to office 
05/06/2022,Rent,130.0,Gift
09-07-19,Other Income,49051.0,Gift
2021-01-14,Education,,Gift
02/12/2022,Travel,999999.0,Uber to office
2022-03-13,Food,1767.0,Dinner at resto
10-08-21,Rent,311.0,Course fee
11-04-22,Trvel,3043.0,Doctor visit 
August 29 2019,Food,1615.0,Monthly rent
01-02-21,Salary,80279.0,Uber to office
2022-05-20,Food,561.0,Grocery shopping
30-10-21,Food,147.0,Doctor visit
November 21 2021,Food,143.0,Gift
October 20 2019,Rent,121.0,Dinner at resto
04/27/2021,Food,168.0,Gift
2019-07-15,Food,3538.0,Netflix subscription
2021-01-04,Rent,861.0,Grocery shopping
04/14/2020,Food,245.0,Salary
04-02-20,Rent,113.0,6qW8dsIoVpgxk5Q1
01/15/2021,Bonus,38269.0,Uber to office
April 12 2021,Savings,242.0,Netflix subscription
2019-11-21,Utilities,261.0,Grocery shopping
06/11/2021,oFod,44.0,Course fee
19-05-21,Food,597.0,Dinner at resto
2019-07-20,Rent,388.0,Dinner at resto
07/03/2022,Other Income,64618.0,Salary
March 13 2021,Bonus,49797.0,btu7vHomJg
10/29/2022,Rent,170.0,Salary
2022-09-17,Rent,6838.0,Q23qE1r3WawBsLb
10-09-19,Food,,Gift 
01-07-21,Food,1609.0,Grocery shopping
March 11 2019,Travel,482.0,Dinner at resto
09/18/2022,Utilities,41.0,Grocery shopping 
December 19 2020,Health,1364.0,Gift
02/12/2019,Education,413.0,Uber to office
December 29 2022,Food,102.0,Salary
09/08/2021,Food,83.0,Netflix subscription
April 28 2020,Entertainment,1353.0,Netflix subscription via app
October 29 2021,Travel,1879.0,Uber to office
17-11-20,Food,236.0,Doctor visit
September 18 2020,Travel,1691.0,Doctor visit
12/18/2020,Rent,122.0,Netflix subscription cash
June 06 2022,Trvael,512.0,Gift cash
11/15/2020,Health,185.0,Uber to office
10/23/2019,Rent,3909.0,Uber to office
01/31/2022,Tavel,227.0,Doctor visit
March 21 2022,Food,510.0,Dinner at resto 
2020-06-01,Food,263.0,Dinner at resto via app
April 13 2020,Other Income,79740.0,Monthly rent 
May 15 2021,Food,502.0,Doctor visit via app
2022-06-06,Entertainment,70.0,Netflix subscription
2020-10-17,Entertainment,145.0,Netflix subscription
February 02 2020,Rent,818.0,Paid electricity bill
2021-01-15,Other Income,73824.0,Grocery shopping
April 02 2019,Bonus,70811.0,Grocery shopping
24-02-22,Entertainment,1226.0,Dinner at resto
21-07-21,Food,677.0,Course fee
December 20 2021,Food,895.0,Doctor visit cash
09/13/2019,Utilities,15.0,Doctor visit
25-10-22,Others,2301.0,Grocery shopping
2022-07-30,Health,113.0,Netflix subscription
05-10-19,Savings,1236.0,Monthly rent late
,Entertainment,7696.0,Netflix subscription
April 29 2022,Food,138.0,Doctor visit
June 14 2022,Food,303.0,Netflix subscription
2019-06-23,Food,14.0,Gift
2019-05-16,Rent,17.0,Monthly rent
02/06/2020,Food,203.0,Salary
2021-03-19,Others,450.0,Gift
2022-03-19,Rent,147.0,Monthly rent 
December 16 2019,Savings,171.0,Netflix subscription
25-01-20,Travel,777.0,Grocery shopping
10/09/2020,Education,585.0,Dinner at resto 
August 09 2022,Others,1126.0,Gift
2020-07-17,Other Income,54960.0,Course fee
05/24/2020,Rent,37.0,Monthly rent 
11-08-22,Rent,410.0,Salary
2019-09-01,Rent,58.0,Netflix subscription
September 01 2021,Food,45.0,Paid electricity bill late
01/16/2019,Rent,127.0,Paid electricity bill
11-01-21,Rent,1665.0,Doctor visit
01/28/2019,Food,279.0,Course fee
07/09/2019,Rent,582.0,Monthly rent
,Food,421.0,Monthly rent cash
04/08/2020,Utilities,805.0,Gift
01/19/2021,Rent,83.0,Grocery shopping cash
April 11 2019,Rent,226.0,kU45GCiJb
01/12/2019,Food,411.0,Doctor visit
04-02-19,Rent,788.0,Grocery shopping
September 28 2020,Entertainment,116.0,Dinner at resto via app
26-08-21,Entertainment,433.0,Monthly rent
11/07/2022,Other,870.0,Uber to office
01/19/2019,Entertainment,43.0,Doctor visit 
27-05-22,Health,465.0,Salary via app
2021-10-21,Food,261.0,Gift
2022-09-22,Savings,1172.0,Doctor visit via app
09/20/2020,Others,25.0,Monthly rent via app
11/07/2022,Food,121.0,Monthly rent
04/06/2021,Rent,300.0,Salary
07/27/2020,Rent,89.0,Gift
2019-10-04,Entertainment,140.0,Doctor visit
May 11 2020,Food,36.0,Grocery shopping
May 16 2020,Food,399.0,Course fee
2019-12-06,Salary,49728.0,Uber to office late
06-04-22,Bonus,69284.0,Grocery shopping
05/29/2019,Food,223.0,Netflix subscription
May 18 2019,Other Income,54851.0,Monthly rent
,Rent,131.0,Salary
03/30/2020,Rent,137.0,Gift late
,Utilities,652.0,Grocery shopping
2022-11-18,Rent,111.0,Course fee via app
2021-01-27,Entertainment,66.0,Dinner at resto cash
January 27 2021,Entertainment,399.0,Paid electricity bill late
July 14 2019,Rent,66.0,Monthly rent cash
07/30/2022,Bonus,64697.0,Uber to office
05/28/2022,Food,289.0,Netflix subscription
2021-05-27,Rent,433.0,Uber to office
2020-10-24,Rent,50.0,Paid electricity bill via app
2022-10-13,Rent,144.0,Paid electricity bill
03/10/2022,Education,-819.0,Gift 
2020-01-09,Entertainment,94.0,Netflix subscription via app
04/30/2019,Food,423.0,Course fee via app
05/23/2021,Food,1008.0,Gift
29-09-19,Other Income,78958.0,Paid electricity bill cash
June 24 2021,Bonus,67416.0,Netflix subscription 
06/04/2019,Education,97.0,Monthly rent
2022-12-18,Rent,68.0,Netflix subscription
12-07-22,Bonus,64743.0,Grocery shopping
07-01-22,Education,849.0,Gift
04-06-20,Food,119.0,Netflix subscription
13-06-21,Rent,2796.0,Paid electricity bill 
16-11-22,Rent,677.0,Salary
2021-01-30,Food,190.0,Uber to office
2022-07-26,Rent,245.0,Doctor visit via app
02-09-21,Travel,3002.0,Paid electricity bill
2021-04-04,Rent,702.0,Grocery shopping
08/11/2022,Rent,852.0,Grocery shopping
2019-12-01,Rent,611.0,Monthly rent
2019-04-29,Utilities,1943.0,Grocery shopping 
01/05/2019,Rent,451.0,Grocery shopping
2020-06-16,Food,240.0,Grocery shopping via app
18-06-21,Foo,260.0,Course fee
January 22 2020,Otherrs,155.0,Salary
09/04/2020,Salary,55853.0,Course fee
01-07-22,Entertainment,207.0,Grocery shopping
2020-04-07,Salary,58130.0,Netflix subscription cash
01/24/2020,Travel,630.0,Grocery shopping
02/27/2020,Savings,314.0,Grocery shopping cash
11/27/2021,Rent,163.0,Monthly rent
08/31/2021,Food,552.0,Dinner at resto
06-10-22,Salary,69254.0,Uber to office
2020-05-05,Travel,97.0,Go23GYgsAvd
2019-04-06,Health,55.0,Doctor visit cash
11/13/2020,Food,1555.0,Grocery shopping
July 30 2019,Food,827.0,Dinner at resto 
October 23 2020,Fod,414.0,Paid electricity bill
2019-12-21,Salary,61903.0,Doctor visit
15-10-21,Travel,683.0,Dinner at resto
02-11-19,Education,8946.0,Course fee
October 19 2022,Food,93.0,Doctor visit
23-04-19,Food,271.0,Netflix subscription
23-09-19,Entertainment,66.0,Salary
2020-03-21,Travel,557.0,Monthly rent via app
2019-08-25,Others,838.0,Doctor visit
26-04-19,Rent,195.0,Uber to office
09/21/2021,Food,323.0,hVBJki6O3YXL
September 27 2022,Rent,1442.0,Monthly rent
November 14 2022,Rent,200.0,Netflix subscription late
2020-07-24,Entertainment,175.0,Dinner at resto late
03-01-21,Utliities,273.0,Gift late
06/26/2020,Travel,175.0,Dinner at resto
01/18/2021,Food,532.0,Uber to office
06-12-21,Food,100.0,Netflix subscription
11/19/2022,Utilites,705.0,Uber to office
22-04-19,Bonus,80024.0,Netflix subscription via app
04/20/2019,Rent,735.0,Monthly rent 
August 21 2019,Food,636.0,I5WXOIpeusoSNhdQNqv
11/23/2020,Rent,215.0,Dinner at resto
2022-11-06,Utilities,212.0,Dinner at resto late
2020-07-10,Travel,353.0,Gift
08/18/2019,Salary,60927.0,Paid electricity bill cash
12/05/2020,Rent,843.0,Uber to office
2021-12-08,Rent,368.0,Monthly rent via app
2022-11-16,Food,7773.0,Gift 
11/16/2021,Travel,206.0,Netflix subscription
04/26/2021,Other Income,65380.0,Dinner at resto
10/12/2019,Food,563.0,Paid electricity bill via app
2020-09-29,Entertainment,1292.0,Uber to office
06/11/2021,Salary,39048.0,Monthly rent
07/04/2020,Food,254.0,Uber to office late
June 20 2020,Salaary,70377.0,Salary
2020-07-04,Education,56.0,Grocery shopping
2022-11-11,Rent,60.0,Salary
2021-10-24,Utilities,17.0,Netflix subscription
24-08-22,Rent,59.0,Uber to office cash
16-03-21,Travel,819.0,Uber to office
26-02-21,Other Income,63159.0,Netflix subscription via app
2020-02-23,Rent,168.0,Course fee late
03/25/2022,Travel,475.0,qVkYJx2I4PdCc5j
2019-06-17,Utilities,1713.0,Course fee via app
10/04/2022,Others,188.0,Dinner at resto
10/30/2020,Bonus,99388.0,Doctor visit
June 04 2022,Rent,365.0,Course fee 
2021-03-25,Travel,194.0,Course fee
2022-09-25,Food,355.0,Grocery shopping via app
01/29/2019,Bonus,70523.0,Uber to office late
28-08-19,Bonus,56275.0,Course fee 
01-03-21,Other Income,78420.0,vcOvsoJsB
March 28 2019,Rent,341.0,Netflix subscription
04/19/2020,Savings,766.0,Monthly rent via app
27-05-19,Travel,834.0,Gift
12/01/2019,Rent,572.0,Grocery shopping cash
14-09-19,Travel,368.0,Salary
2022-03-07,Rent,639.0,T8JVxJeFbz
February 16 2022,Food,1388.0,Uber to office cash
2021-05-23,Entertainment,945.0,Salary via app
28-08-19,Utilities,444.0,Course fee
2019-11-11,Food,315.0,Doctor visit
06-07-21,Utilities,208.0,Doctor visit
2020-06-05,eRnt,374.0,A0o543qGZULFzc5AvG
05/23/2021,Food,,Doctor visit
October 14 2022,Savings,30.0,Dinner at resto
02/01/2019,Savings,112.0,6lZePSW5T1dPJkyc
February 21 2020,Salary,66805.0,Doctor visit
2022-10-13,Other Income,37222.0,Gift cash
08/03/2020,Others,566.0,Uber to office
27-09-20,Others,1298.0,Doctor visit cash
2020-02-02,Utilities,475.0,Gift
May 11 2022,Rent,143.0,Dinner at resto 
05/03/2021,Travel,144.0,Grocery shopping
2019-11-11,Utilities,695.0,Salary cash
2021-01-18,Rent,259.0,G9O87iX47rcCrR0Zk1v9
03/10/2022,Travel,670.0,Netflix subscription cash
January 21 2022,Saving,191.0,Grocery shopping
03/28/2021,Food,712.0,Uber to office
19-11-21,Rent,1166.0,Uber to office
09-08-22,Food,37.0,Salary
05/08/2019,Utilities,276.0,Uber to office
2020-11-24,Savings,,Monthly rent
2021-08-07,Rent,170.0,Grocery shopping
05/22/2021,Savings,903.0,Gift
July 02 2021,Savings,122.0,Salary
2019-11-25,Food,703.0,Doctor visit
2022-11-21,Other Income,41853.0,Dinner at resto
September 28 2022,Salary,78721.0,uVrWgxokiPd
2022-10-06,Others,251.0,Salary
14-08-20,Utilities,148.0,Gift via app
26-02-22,Travel,180.0,Monthly rent
12/11/2020,Rent,159.0,s94yR0d2
01/16/2022,Health,2685.0,Paid electricity bill
2022-08-17,Bouns,48393.0,Paid electricity bill
02-03-22,Food,324.0,Netflix subscription cash
14-10-20,Food,1350.0,Salary via app
04/05/2022,Food,595.0,Grocery shopping cash
2020-09-12,Rent,1504.0,Netflix subscription
04-10-20,Savinngs,218.0,Salary
03/22/2022,Rent,20.0,Gift
2022-01-29,Travel,65.0,Salary
11/30/2020,Food,64.0,F3uOPCufxgRPZqcYaw
10-11-20,Rent,17.0,Uber to office cash
2021-01-26,Utilities,1373.0,Course fee
March 09 2021,Food,58.0,Gift
11/30/2021,Food,1310.0,Monthly rent
,Entertainmetn,143.0,Doctor visit
06-02-19,Food,1023.0,Grocery shopping via app
July 24 2021,Food,59.0,Doctor visit 
October 10 2019,Entertainment,1040.0,Dinner at resto
11/03/2019,Utilities,184.0,Uber to office
17-01-19,Utilities,115.0,Doctor visit
July 08 2019,Utilities,361.0,Course fee
08/02/2019,Other Income,59223.0,Netflix subscription late
April 04 2019,Education,630.0,Gift
10/07/2019,Food,276.0,Paid electricity bill late
11/08/2021,Food,815.0,Grocery shopping 
31-08-19,Travel,715.0,Paid electricity bill via app
2021-04-06,Food,1843.0,Grocery shopping
May 10 2019,Other Income,32484.0,Doctor visit 
2022-08-01,Utilities,320.0,Paid electricity bill
27-08-19,Rent,59.0,Salary
June 01 2022,Salary,54866.0,Course fee cash
17-07-20,Savings,78.0,Monthly rent
11/14/2022,Utilities,1650.0,Netflix subscription
May 23 2020,Other Income,43561.0,Netflix subscription
2020-08-29,Food,93.0,Salary
07-08-22,Bonus,59843.0,Gift
2019-10-28,Savings,62.0,Monthly rent
08/23/2019,Food,219.0,Uber to office late
May 25 2020,Bonus,49679.0,Paid electricity bill
07/08/2021,Entertainment,,Dinner at resto
2021-04-09,Rent,373.0,Paid electricity bill
25-01-21,Savings,266.0,Grocery shopping
March 06 2022,Rent,97.0,Salary via app
2020-06-03,ent,765.0,Doctor visit
12/22/2021,Rent,82.0,Doctor visit cash
06/11/2022,Food,331.0,Monthly rent
2019-05-20,Food,215.0,Course fee late
2019-03-10,Rent,7512.0,Netflix subscription via app
21-01-22,Food,231.0,Netflix subscription
22-02-19,Rent,215.0,Doctor visit
09/28/2022,Eucation,999999.0,3JhgcAqMdqIrtjjV
10/10/2022,Salary,57283.0,Course fee
04/04/2022,Food,921.0,Netflix subscription late
06/03/2020,Travel,38.0,Doctor visit
July 19 2022,ravel,156.0,Grocery shopping cash
2022-04-15,Bonus,71560.0,Course fee
2022-08-13,Entertainment,600.0,8RbS0jj0lfThE5
17-07-19,Food,415.0,Paid electricity bill
2022-11-27,Bons,55816.0,Dinner at resto late
2022-12-07,Others,188.0,Doctor visit
2022-08-31,RRent,508.0,Course fee late
20-12-22,Food,307.0,Dinner at resto
February 16 2020,Food,2463.0,Salary
2019-10-22,Rent,66.0,Grocery shopping
2019-07-08,Travel,326.0,Course fee 
March 01 2019,Rent,1696.0,Netflix subscription
02/08/2019,Enterttainment,17.0,Netflix subscription
05/15/2021,Others,103.0,u7INEJv2
2019-09-09,Savings,276.0,Gift late
24-10-22,Rent,670.0,Monthly rent
2019-10-11,Rent,622.0,Gift
2022-02-14,Other Income,41365.0,Course fee
January 11 2019,Food,2464.0,Gift
July 13 2022,Utilities,127.0,Uber to office
12/02/2019,Others,,ZqpLnJpy63GPgVQsd
2021-05-03,Bonus,57206.0,Dinner at resto
01/28/2022,Salary,58212.0,zirUwCjj1gYsGEj
15-09-19,Food,2225.0,Salary
2022-03-20,Othesr,4828.0,Monthly rent
01-12-20,Other Income,70684.0,Monthly rent
28-11-20,Entertainment,52.0,Monthly rent
2020-09-22,Food,42.0,Doctor visit
03-03-22,Savings,96.0,Paid electricity bill late
02/10/2022,Others,243.0,Monthly rent cash
12/04/2019,Others,1928.0,Salary
March 18 2022,Rent,977.0,Monthly rent via app
08/05/2022,Savings,1581.0,Paid electricity bill
2020-01-20,Other Income,68103.0,Gift
15-11-21,Rent,18.0,Course fee via app
30-07-20,Food,195.0,Monthly rent 
2020-02-03,Travel,67.0,Gift 
04-08-21,Savings,1711.0,Uber to office via app
10-02-22,Food,595.0,3Bf0LiqgIXS6qJd
09/12/2020,Rentt,286.0,Monthly rent late
05-09-20,Others,477.0,Netflix subscription
04/17/2020,Entertainment,2176.0,Paid electricity bill
2021-10-26,Savings,258.0,Uber to office
22-01-20,Food,239.0,Paid electricity bill cash
2019-03-03,Entertainment,1744.0,Uber to office via app
09-02-19,Rent,5359.0,Grocery shopping
10/17/2021,Education,327.0,Course fee late
17-03-22,Food,6389.0,Grocery shopping 
29-12-19,Bonus,39412.0,Uber to office
01-08-21,Travel,524.0,Gift 
,Food,129.0,Grocery shopping
02-10-22,Rent,1062.0,Uber to office cash
06/06/2020,Food,650.0,Doctor visit
23-11-20,Education,438.0,Course fee
30-07-19,Food,220.0,Paid electricity bill 
11/20/2020,Utilities,1081.0,Gift
05-06-20,Salary,56750.0,Course fee cash
11/14/2021,Food,110.0,Monthly rent
2019-09-06,Salary,36680.0,Monthly rent
03/09/2021,Utilities,637.0,Monthly rent cash
2022-11-14,Health,1405.0,Dinner at resto
May 25 2019,Bonus,27496.0,Monthly rent
02/25/2020,Rent,416.0,MD9wSMiW5v7IYEr0D27I
07/02/2022,Others,2029.0,Grocery shopping
08/22/2020,Education,57.0,Gift
03/05/2021,Other Income,45583.0,Monthly rent
December 31 2020,Food,480.0,LaaI0Oql910jb
2021-08-10,Others,131.0,Paid electricity bill
04/28/2021,Rent,242.0,Monthly rent
2019-09-08,Food,366.0,Gift
October 02 2019,Ren,253.0,Dinner at resto
10/08/2022,Salary,54120.0,Monthly rent
September 06 2020,Rent,-168.0,Monthly rent via app
25-07-22,Utilities,2293.0,Z6oS0eQUK69mmpOpZK
13-07-20,Rent,773.0,Salary
2020-02-29,Education,182.0,Netflix subscription
01-02-21,Bonus,64642.0,Grocery shopping
December 02 2020,Travel,4680.0,Netflix subscription
June 27 2021,Rent,43.0,Uber to office cash
08/03/2019,Utilities,32.0,Grocery shopping
04/22/2019,Rent,681.0,Paid electricity bill
05/10/2019,Rent,237.0,Netflix subscription late
08/27/2019,Food,76.0,Doctor visit
May 18 2022,Food,57.0,QCBI8rEsaTpKgGw
30-03-20,Rent,72.0,Salary
16-06-20,Bonus,69028.0,Course fee
February 27 2019,Rent,1560.0,Salary
10-08-21,Rent,43.0,Uber to office
02/19/2020,Rent,323.0,Dinner at resto
11-08-21,Travel,76.0,Gift cash
January 28 2022,Other Income,48442.0,Grocery shopping
2022-03-19,Salary,55306.0,Course fee
2019-08-22,Edducation,767.0,Monthly rent
July 17 2020,Rent,1580.0,Grocery shopping
2022-04-28,Travel,855.0,Course fee
2019-10-30,Savings,561.0,Salary cash
October 05 2019,Others,359.0,Dinner at resto
January 31 2022,Utilities,774.0,Uber to office cash
2019-11-21,Bonus,51963.0,Salary 
30-06-22,Food,764.0,Dinner at resto
15-05-20,Rent,645.0,Salary cash
2022-10-21,Salary,32304.0,Dinner at resto
08/19/2022,Rent,227.0,Doctor visit
November 30 2022,Travel,999999.0,Course fee
01/22/2022,Food,281.0,Netflix subscription
08/28/2022,Food,35.0,Netflix subscription
04/25/2022,Rent,252.0,Course fee 
,Food,139.0,Gift cash
26-10-19,Others,47.0,Uber to office
2022-12-31,Entertainment,252.0,Salary
2021-03-16,Food,57.0,Grocery shopping
05/24/2021,Bonus,58154.0,Monthly rent
09/09/2019,Rent,949.0,Course fee
October 25 2020,Utilities,2687.0,Dinner at resto
2021-04-01,Bonus,59703.0,Gift
16-06-20,Others,369.0,Uber to office 
01/13/2019,Trael,216.0,Netflix subscription
2021-11-30,Travel,11451.0,Gift 
February 25 2019,Rent,583.0,Salary
2019-07-18,Salary,39797.0,Netflix subscription
11-08-21,Travel,76.0,Gift cash
06-10-22,Salary,66935.0,Salary late
30-03-20,Other Income,61365.0,Dinner at resto via app
02-10-20,eRnt,124.0,t9DwElIYG
06/30/2021,Bonus,27300.0,Uber to office
2020-02-11,Bonus,70434.0,Salary via app
08/20/2019,Salary,68951.0,Doctor visit
12/22/2022,Other Income,84389.0,Gift
February 16 2021,Savings,2579.0,Uber to office late
06/20/2022,Rent,358.0,Dinner at resto
11-09-21,Entertainment,110.0,Course fee late
25-04-22,Food,8077.0,Course fee
15-08-21,Food,2983.0,Gift
09/19/2021,Rent,1116.0,Course fee
April 26 2019,Rent,1159.0,W19psSdSk
07/31/2019,Rent,384.0,Uber to office
2021-12-06,Food,132.0,Doctor visit
01/03/2022,Food,540.0,Gift cash
2020-09-08,Entertainment,74.0,Course fee
2019-06-07,Utilities,948.0,Grocery shopping
02/13/2022,Rent,161.0,Gift
August 02 2020,Food,391.0,Dinner at resto
2021-12-25,Rent,63.0,Course fee
2019-06-03,Utilities,364.0,Monthly rent
2020-12-07,Utilities,80.0,Doctor visit
11/05/2021,Food,1262.0,Dinner at resto 
May 31 2022,Food,7275.0,Gift
February 25 2022,Rent,846.0,Monthly rent
May 12 2020,Rent,726.0,Netflix subscription
2021-11-19,Others,117.0,Gift
September 08 2019,Utilities,121.0,Uber to office 
30-11-19,Utilities,122.0,Grocery shopping late
October 18 2020,Utilities,300.0,Course fee
18-10-22,Bonus,35275.0,Monthly rent
03/10/2022,Rent,1499.0,Grocery shopping late
2022-03-31,Rent,1119.0,Monthly rent
April 21 2021,Others,146.0,Salary
2021-07-22,Education,531.0,Paid electricity bill
September 12 2021,Salary,58305.0,Grocery shopping cash
01/13/2021,Rent,726.0,Paid electricity bill
04/17/2022,Salary,56645.0,Dinner at resto 
03/17/2022,Rent,79.0,Grocery shopping
16-04-20,Savings,296.0,H0iBrvgKYgge
2021-03-03,Fod,423.0,Grocery shopping cash
30-12-22,Utilities,665.0,Netflix subscription
21-03-20,Utilities,2258.0,Gift cash
28-12-20,Utilities,598.0,Grocery shopping
19-08-19,Food,898.0,Salary cash
2022-01-21,Food,205.0,Netflix subscription
2021-06-16,Others,196.0,Course fee
06/01/2019,Rent,175.0,Salary 
09/30/2021,Travel,133.0,yEeMXPjCqte8Mh3zyAms
17-11-21,Food,80.0,Salary late
10/29/2020,Entertainment,851.0,Grocery shopping
2020-02-09,Rent,377.0,Netflix subscription
03/17/2020,Health,252.0,Netflix subscription
12/07/2022,Rent,614.0,Monthly rent 
April 13 2019,Food,156.0,Salary
31-12-21,Others,439.0,Course fee
24-09-20,Health,194.0,Netflix subscription
December 09 2021,Food,130.0,Paid electricity bill
July 30 2019,Savings,178.0,Doctor visit late
10/21/2020,Bonus,88623.0,Paid electricity bill
October 11 2019,Helath,622.0,Dinner at resto
03/02/2021,Entertainment,319.0,Doctor visit
11/12/2020,Savings,194.0,Dinner at resto
25-07-22,Travel,638.0,Paid electricity bill
07-05-22,Food,233.0,YkSVkf2gOTjgmM7
2020-02-09,Bonus,34245.0,Dinner at resto via app
October 16 2020,tUilities,5659.0,Gift
,Food,44.0,Dinner at resto
October 27 2020,Food,227.0,Grocery shopping
2019-12-14,Food,7727.0,Gift
08/24/2019,Bonus,67439.0,Paid electricity bill
22-03-21,Other Income,83177.0,Doctor visit
2021-05-13,Salary,97853.0,Gift
19-07-22,Entertainnment,728.0,Grocery shopping
2021-05-04,Food,144.0,Gift
November 22 2022,Travel,1396.0,Course fee
2020-01-16,Rent,328.0,Netflix subscription
10/24/2021,Rent,1616.0,Doctor visit
March 12 2019,Entertainment,233.0,Grocery shopping via app
29-12-20,Food,30.0,Monthly rent
February 12 2020,Entertainment,627.0,Grocery shopping
03/23/2019,Travel,1975.0,Su98IspPCzJI9c7
March 28 2021,Education,1812.0,Monthly rent late
June 02 2021,Food,307.0,o24GtJ0jH7DHCxvb0p
27-06-20,Bonus,82796.0,Course fee
05-04-21,Education,761.0,Doctor visit
01/29/2021,Rent,681.0,Monthly rent late
December 29 2020,Salary,46569.0,Gift
2020-10-19,Bonus,69036.0,Gift
December 30 2021,Utilities,203.0,Paid electricity bill via app
2019-08-31,Rent,157.0,Paid electricity bill cash
10/28/2019,Bonus,71862.0,YE9NWyQ1jkjGiDOi
December 01 2022,Trvael,146.0,Monthly rent
2021-03-22,Bonus,51836.0,Monthly rent 
2020-02-12,Food,321.0,Monthly rent via app
01/25/2020,Rent,128.0,Gift cash
06/19/2021,Rent,912.0,Grocery shopping 
04/23/2019,Entertainment,42.0,Course fee
03-10-19,nEtertainment,598.0,Salary
July 10 2022,Entertainment,115.0,Monthly rent
03/28/2020,Food,376.0,Salary
2021-01-07,Savings,1017.0,Dinner at resto
November 14 2022,Rent,54.0,Dinner at resto 
21-03-22,Health,133.0,8FXNyFniBykeF
12/04/2020,Saings,69.0,Grocery shopping
24-03-21,Rent,269.0,Paid electricity bill
10/10/2022,Salary,79013.0,Monthly rent
08/13/2022,Rent,1385.0,Uber to office
07/19/2019,Rent,676.0,Paid electricity bill via app
12/10/2021,Travel,1772.0,Course fee
01/04/2020,Savings,181.0,Grocery shopping
11/22/2019,Travel,130.0,Course fee
April 21 2020,Rent,1051.0,Paid electricity bill
2020-06-15,Others,485.0,Grocery shopping
February 06 2021,Bonus,62985.0,Salary
10/25/2021,Food,124.0,Dinner at resto
02/09/2020,Rent,5912.0,Paid electricity bill via app
10/15/2021,Travel,189.0,Monthly rent
03/05/2021,Other Income,45583.0,Monthly rent
September 11 2021,Other Income,67153.0,Grocery shopping late
11/13/2022,Food,1686.0,Gift via app
January 16 2022,Entertainment,1344.0,Paid electricity bill 
,Foood,497.0,Gift via app
May 16 2019,tilities,225.0,Netflix subscription
08/27/2020,Rent,1855.0,Monthly rent
01-04-19,Utilities,442.0,Doctor visit
June 15 2021,Food,829.0,Gift
2020-03-11,Education,1422.0,Course fee
2019-04-23,Rent,42.0,Dinner at resto via app
2019-02-10,Entertainment,1664.0,Monthly rent cash
06/28/2021,Savings,439.0,Dinner at resto
16-11-21,Rent,935.0,Paid electricity bill
19-03-19,Rent,1495.0,Doctor visit
June 07 2020,Rnet,196.0,Salary 
04-06-19,Savings,179.0,Uber to office via app
August 19 2020,Food,5777.0,Gift
07-02-21,Rent,106.0,Netflix subscription
2022-12-30,Salary,56257.0,Uber to office
08-11-21,Rent,96.0,Doctor visit 
10/24/2019,Bonus,49459.0,Netflix subscription cash
January 18 2022,Travel,118.0,Dinner at resto
November 08 2019,Education,406.0,Course fee
2019-07-09,Travel,1088.0,Uber to office late
02/04/2019,Food,402.0,Course fee
03/06/2021,Food,928.0,Monthly rent
2020-05-29,Food,284.0,Gift
02/04/2021,TTravel,196.0,Grocery shopping
2022-12-02,Food,200.0,ztMQDSXnaFyay
2020-12-23,Rent,247.0,Course fee
2020-02-28,Rent,312.0,Doctor visit
25-10-19,Other Income,59241.0,Gift
12/31/2022,Rent,999999.0,Monthly rent
07/26/2019,Rent,351.0,D3YlleuZ
2020-08-05,Food,6419.0,Grocery shopping
2019-08-15,Food,390.0,Uber to office
12-05-22,Rent,173.0,Course fee
01-12-21,Entertainment,362.0,Doctor visit
10-05-21,Savings,238.0,Doctor visit
2020-08-29,Entertainment,120.0,Dinner at resto
29-11-22,Utilities,240.0,Paid electricity bill
24-02-19,Food,4411.0,Doctor visit
2019-03-25,Others,39.0,Uber to office
2019-12-15,Education,2167.0,Gift
01/24/2021,Rent,525.0,Monthly rent late
07/09/2019,Others,1284.0,Netflix subscription cash
2019-06-04,Food,84.0,Uber to office
02-07-19,Travel,54.0,Monthly rent
05/15/2019,Health,198.0,Monthly rent
06/28/2022,Entertainment,631.0,Uber to office
03/14/2021,Rent,2101.0,OyP4beB01vwwljXPN
01-05-22,Rent,1349.0,Dinner at resto
2020-06-25,Rentt,5613.0,Gift via app
April 03 2021,Rent,332.0,Course fee
11/09/2019,Others,370.0,Monthly rent 
January 14 2022,Savings,720.0,Grocery shopping
15-02-22,Utilities,86.0,Netflix subscription
September 28 2020,Food,935.0,Doctor visit
February 07 2022,Bonus,49380.0,Doctor visit
,Food,669.0,Dinner at resto cash
October 01 2020,Entertainment,272.0,Gift
11/26/2021,Rent,938.0,Dinner at resto
2022-07-29,Savings,3197.0,Uber to office
02/13/2021,Health,1809.0,Doctor visit
2020-05-20,Rent,371.0,Doctor visit
2022-04-04,Travel,671.0,Paid electricity bill late
2021-03-30,Travel,988.0,Paid electricity bill
2020-03-09,Rent,320.0,b8CuZqtmHCezTOBIc
2022-03-23,Entertainment,343.0,Grocery shopping
08/10/2019,Food,284.0,Paid electricity bill via app
2021-08-06,Food,923.0,Gift
2022-04-29,ood,1395.0,Course fee
2020-07-19,Savings,470.0,Course fee
2019-05-30,FFood,66.0,Monthly rent
,Entertainment,142.0,Dinner at resto
April 03 2019,Food,65.0,Salary cash
21-08-22,Retn,189.0,OYFk9dpMp4ZzqN
10-08-22,Travel,2099.0,Paid electricity bill
03/22/2022,Uilities,192.0,Grocery shopping
October 23 2020,Food,115.0,Paid electricity bill
03/06/2019,Rennt,1512.0,Dinner at resto
10/29/2022,Other Income,62074.0,Paid electricity bill
30-10-22,Others,112.0,Dinner at resto
02/12/2019,Rent,101.0,Salary
30-09-19,Food,854.0,Course fee
12-12-21,Savings,1480.0,Uber to office
02/16/2022,Others,80.0,Paid electricity bill
2022-08-31,Food,142.0,Monthly rent
13-10-21,Entertainment,1763.0,MCZmJ9LlbA
February 28 2021,Education,273.0,Netflix subscription
17-02-22,Rent,685.0,Salary
08/15/2022,Others,376.0,Course fee cash
19-09-21,Bonus,46342.0,Uber to office 
10-09-21,Entertainment,2676.0,Grocery shopping cash
09/08/2019,Utilities,215.0,Grocery shopping
05-05-20,Rent,248.0,Uber to office
06/12/2020,Travel,156.0,Uber to office
04/15/2020,Bonus,64887.0,Monthly rent
12/10/2019,Utilities,85.0,Doctor visit cash
10/02/2020,Travel,20.0,Doctor visit
22-10-21,Utilities,436.0,Monthly rent
November 30 2022,Rent,25.0,Dinner at resto via app
2019-08-22,Rentt,68.0,Grocery shopping
19-07-20,Savings,45.0,Uber to office
2020-07-29,Rent,49.0,Netflix subscription
11/15/2021,Food,171.0,Grocery shopping
22-05-21,Food,97.0,Doctor visit
August 25 2020,Rent,609.0,Doctor visit
10/15/2020,Food,1227.0,Paid electricity bill
03/16/2019,Food,207.0,Dinner at resto
24-04-21,Savings,1050.0,Grocery shopping
11/11/2021,Food,604.0,Doctor visit
2020-09-18,Food,188.0,Grocery shopping cash
06-09-19,Travel,1343.0,Course fee cash
27-03-22,Travel,3731.0,Salary 
February 06 2022,Food,837.0,Netflix subscription
11/28/2022,Traveel,1668.0,Grocery shopping
05/26/2022,Utilities,4499.0,Dinner at resto
June 13 2020,Entertainment,188.0,Gift
04/22/2019,Salary,53069.0,Salary cash
02/13/2021,Utilities,1313.0,Doctor visit
08/22/2021,Utilities,50.0,Salary
2022-08-02,Other Income,68243.0,Netflix subscription
2022-05-08,Utilities,411.0,Course fee
2022-06-08,Rent,207.0,Salary cash
2022-08-26,Food,595.0,Salary
2019-08-10,Utilities,1377.0,Doctor visit cash
2019-08-08,Food,156.0,Course fee
02/22/2022,Food,38.0,Monthly rent
12-11-19,Fod,458.0,Uber to office
09-12-22,Rent,283.0,dq6bFix6JsB6ErycK4X
09/08/2022,Utilities,283.0,Monthly rent
07/30/2019,Rent,11932.0,pABOitCWwuCpbhBV
04-10-19,Food,2932.0,Uber to office late
2020-09-27,Other Income,72616.0,Salary via app
2020-07-09,Food,214.0,Dinner at resto cash
2019-10-02,Other Income,70476.0,OYnFLeVkh
2020/03/19,Tarvel,133.0,Salary
08-04-19,Others,455.0,Uber to office
October 20 2022,Rent,374.0,Course fee
07-01-22,Rent,65.0,2K1Auihk
2020-04-06,Food,1330.0,Gift
,Rent,258.0,Gift via app
06/07/2022,Food,215.0,Monthly rent 
2020-02-16,Utilities,88.0,Monthly rent late
03/05/2020,Food,2273.0,Uber to office
2022-08-30,Savings,164.0,Gift
09/06/2022,Utilities,920.0,Gift
February 04 2022,Entertainment,1680.0,Monthly rent via app
2019-10-08,Food,754.0,Course fee
2020-11-17,Rent,415.0,Netflix subscription
December 04 2021,Food,1779.0,Paid electricity bill cash
08-08-21,Food,,Grocery shopping
01-05-21,Food,217.0,Uber to office
2022-03-27,Food,2924.0,Dinner at resto
15-07-21,Food,181.0,Paid electricity bill
2019-01-17,Utilitise,2273.0,Dinner at resto
16-01-19,Rent,91.0,Doctor visit late
May 27 2020,Salary,58238.0,Dinner at resto 
01-03-20,Food,162.0,Netflix subscription
2020-03-06,Entertainment,415.0,Monthly rent late
18-03-19,Travel,967.0,Monthly rent 
06-11-20,Entertainment,1199.0,Gift late
2022-10-06,Others,251.0,Salary
03/05/2020,Food,72.0,BvrMmG5fwGua1
05/06/2022,Rennt,101.0,Grocery shopping 
09/29/2022,Rent,332.0,Paid electricity bill
07/08/2022,Food,146.0,Gift via app
09/10/2022,Salary,55491.0,DZmP7ufqfP
2019-08-06,Other Income,44533.0,Netflix subscription
22-07-22,Others,1675.0,Netflix subscription
01/26/2021,Food,589.0,Grocery shopping
,ent,205.0,Gift
2021-11-08,Salary,41615.0,Grocery shopping via app
2019-12-24,Bonus,68970.0,Uber to office
15-11-21,Food,176.0,Grocery shopping
03/22/2019,Other Income,46909.0,Dinner at resto
06/01/2020,Travel,138.0,Doctor visit cash
2020-05-17,Rent,133.0,Doctor visit via app
06-05-22,Utilities,1240.0,Paid electricity bill
2019-07-11,Education,84.0,Doctor visit late
2020-10-23,Food,591.0,Grocery shopping late
October 12 2019,Utilities,119.0,Doctor visit
2019-07-23,Food,184.0,Dinner at resto
December 18 2019,Others,267.0,Salary
26-11-22,Food,605.0,Salary
24-05-20,Food,572.0,Course fee late
2021-06-06,Rent,114.0,Netflix subscription
16-07-21,Entertainnment,798.0,Uber to office
07/04/2021,Utilities,692.0,Uber to office
2020-06-09,Entertainment,288.0,MYGY2VnO
10/02/2020,Food,884.0,Uber to office
,Entertainment,705.0,Doctor visit
2019-01-20,Utilities,3708.0,NH7J3pgU3VTsrWSnG
2022-03-11,Health,503.0,Course fee
26-02-22,Food,705.0,Monthly rent
2021-06-27,Utilities,461.0,Course fee
2021-12-09,Rent,1013.0,Salary
02/14/2020,ravel,449.0,Course fee 
01/12/2022,Entertainment,342.0,Doctor visit
08/18/2019,Food,349.0,Paid electricity bill
2021-05-16,Entertainment,77.0,Salary
2021-05-27,Other Income,90429.0,Grocery shopping 
05/11/2020,Food,470.0,Monthly rent
2020-07-04,Food,873.0,JHNaUslaKn
2021-03-10,Others,168.0,DlLpTvKyyS
02-09-20,Food,133.0,Paid electricity bill
31-12-20,Savings,373.0,Netflix subscription
08/21/2019,Utilities,,Uber to office
December 31 2019,Savings,97.0,Monthly rent
07-06-21,Food,146.0,Course fee
April 28 2019,Others,1828.0,Course fee
September 26 2019,Others,316.0,Monthly rent
07/20/2020,Others,39.0,Monthly rent 
09-01-21,Utilities,787.0,Gift late
11/08/2022,Salary,69692.0,Uber to office
05/21/2021,Food,226.0,Monthly rent
October 02 2019,Utilities,154.0,Course fee
May 11 2021,Utilities,3285.0,Salary
09/14/2021,Entertainment,700.0,Dinner at resto
November 25 2019,Rent,264.0,Doctor visit 
November 25 2022,Food,1474.0,Grocery shopping
2020-03-10,Utilities,116.0,Salary
05-08-21,Travel,148.0,Doctor visit
04/12/2021,Entertainment,233.0,Gift late
2022-05-22,TTravel,1286.0,Grocery shopping
2022-01-15,Utilities,78.0,Salary
August 27 2021,Education,77.0,Dinner at resto
22-11-20,Rent,48.0,Doctor visit
01/25/2019,Utilities,3843.0,Doctor visit
05/09/2021,Rent,145.0,Salary 
04-06-21,Rent,41.0,Uber to office
2020-12-16,Other Income,57953.0,Monthly rent late
05/19/2021,Rnt,32.0,Paid electricity bill
March 24 2022,Others,908.0,Monthly rent
September 25 2019,Other Income,52236.0,Gift
09/28/2022,Travel,797.0,Dinner at resto late
2019-02-06,Savings,1583.0,Course fee 
12-06-22,Travel,160.0,Monthly rent
2022-11-14,Rent,360.0,Monthly rent cash
2019-05-11,Entertainment,781.0,Dinner at resto
2020-10-21,Food,4185.0,Gift
2022-09-15,Health,654.0,Netflix subscription
12/10/2019,Travel,25.0,Uber to office late
2022-04-20,Rent,891.0,Salary
April 15 2019,Entertainment,1076.0,Grocery shopping
06/30/2020,Bonus,33424.0,Grocery shopping late
December 23 2022,Other Income,40706.0,Uber to office cash
04-11-20,Health,12.0,Netflix subscription
01-10-22,Food,702.0,KV6TvCcOK
02/27/2019,Tavel,35.0,Doctor visit
2021-04-06,Rent,1680.0,Gift
2020-10-16,Utilities,341.0,Salary
December 30 2020,Other Income,42452.0,Grocery shopping
2020-05-31,Rent,658.0,Grocery shopping 
2022-10-21,Food,2592.0,Salary 
21-05-19,Rent,45.0,Gift via app
29-04-20,Utiltiies,851.0,Paid electricity bill
23-05-21,Health,309.0,Paid electricity bill
2022-05-18,Other Income,61265.0,Netflix subscription
2022-03-23,Entertainment,343.0,Grocery shopping
10/17/2019,Food,519.0,Course fee
08/12/2020,Traveel,639.0,Uber to office
06/04/2019,Bonus,70798.0,Grocery shopping
04/27/2020,Rent,86.0,Uber to office
05/20/2019,Rent,128.0,Uber to office
07/22/2021,Entertainment,3659.0,lMJWnYcLYvKMg
07/02/2019,Other Income,65065.0,Grocery shopping
05/12/2020,Bonus,67687.0,Dinner at resto
10-09-19,Salary,87821.0,Course fee
2019-08-18,Food,174.0,Uber to office
28-11-19,Bonus,64050.0,Doctor visit
April 22 2022,Rent,1294.0,Grocery shopping
11/27/2021,Rent,53.0,Doctor visit cash
2019-06-11,Others,121.0,Monthly rent cash
15-01-19,Rent,290.0,Doctor visit
11/28/2021,Utilities,2910.0,Gift 
October 25 2022,Rnt,1350.0,Doctor visit
04/12/2019,Travel,9470.0,uZlBQiajiESm
May 21 2021,Food,,Grocery shopping
17-12-20,Food,95.0,Course fee 
01/22/2022,Travel,80.0,Course fee
2021-01-14,Utiilities,184.0,Doctor visit
2022-07-29,Rent,68.0,Monthly rent
2022-09-05,Other Income,53528.0,Monthly rent
2022-03-03,Bonus,46631.0,Netflix subscription via app
23-03-22,Education,335.0,Doctor visit
10/02/2022,Rent,258.0,Paid electricity bill
11/21/2021,Utilities,243.0,Paid electricity bill
22-04-19,Food,792.0,Course fee 
2020-11-05,Entertainment,325.0,Gift
31-05-22,Rent,548.0,Monthly rent
04/03/2020,Food,459.0,Uber to office
01/17/2022,Entertainment,638.0,Uber to office cash
2022-01-22,Food,305.0,Salary 
2021-04-27,Bonus,47862.0,Uber to office
02-02-22,Reent,114.0,Monthly rent
March 29 2019,Savings,272.0,Uber to office
March 16 2021,Fod,1112.0,Salary
2020-06-10,Food,738.0,Course fee
03/18/2020,Travel,2502.0,Paid electricity bill cash
03/10/2021,Other Income,55422.0,uIX8yjVQlUI6lMiu
10/09/2022,Entertainment,915.0,Grocery shopping
20-11-22,Food,176.0,Netflix subscription late
January 04 2020,Food,437.0,Netflix subscription
2019-07-21,Food,1132.0,Course fee
09/15/2019,Food,893.0,Course fee
02/03/2019,Entertainment,908.0,Monthly rent
11-02-19,Rent,1565.0,Netflix subscription cash
January 25 2022,Other Income,45077.0,iTiJ2bHuJOi7ftK474Oi
2020-07-06,Entertainment,557.0,Monthly rent
09/10/2021,Other Income,52321.0,Doctor visit via app
27-05-20,Tavel,12.0,Monthly rent
2019-12-06,Utilities,371.0,Monthly rent
2020-10-27,Travel,85.0,Monthly rent 
09/14/2022,Food,1031.0,Paid electricity bill
,Sallary,47225.0,Uber to office
06-09-22,Salary,66060.0,Salary
12/28/2019,Other Income,79432.0,39bGca1bvh
06-10-19,Food,757.0,Netflix subscription via app
August 25 2022,Salary,53777.0,Gift late
11-04-22,Rent,253.0,Paid electricity bill
December 19 2020,Travel,649.0,Paid electricity bill via app
23-07-20,Fod,181.0,Paid electricity bill cash
06-10-21,Utilities,554.0,Netflix subscription
August 09 2021,Bonus,66776.0,Monthly rent
05-07-22,Travel,,Netflix subscription cash
27-12-19,Rent,1006.0,Paid electricity bill
June 30 2022,Entertainment,142.0,Uber to office
June 20 2021,Rent,140.0,Dinner at resto
2019-06-04,Food,465.0,Grocery shopping
2019-04-27,Other Income,52825.0,Uber to office via app
09/21/2019,Savings,266.0,Gift
2019-11-01,Savings,275.0,Netflix subscription
2020-10-14,Rent,349.0,Gift
01-06-21,Entertainment,457.0,Gift
2020-04-24,Rent,829.0,Netflix subscription
2022-06-18,Education,,Course fee via app
09/18/2021,Savings,298.0,Salary
October 16 2021,Rent,830.0,Grocery shopping 
10/19/2020,Food,1504.0,Monthly rent
January 10 2020,Utilities,401.0,Course fee
01-04-20,Food,522.0,Uber to office
08/09/2020,Other Income,53246.0,Salary
June 29 2021,Food,597.0,Doctor visit
02-05-19,Travel,415.0,Salary late
February 25 2019,Food,40.0,Doctor visit via app
16-08-21,Food,315.0,Paid electricity bill via app
01/21/2022,eRnt,348.0,Monthly rent late
08/30/2020,Salary,48860.0,Monthly rent
01-02-20,Savings,76.0,Uber to office via app
2019-05-23,Other Income,49784.0,Course fee late
2022-06-29,Other Income,66214.0,Netflix subscription
21-02-19,Fod,1812.0,Gift via app
,Travel,259.0,Monthly rent
2021-01-28,Rent,106.0,Uber to office 
02/12/2020,Food,362.0,Uber to office
November 17 2021,Utilities,-749.0,Uber to office
04/26/2022,Utilities,375.0,Uber to office
03/01/2021,Travel,884.0,Grocery shopping
12/01/2020,Food,49.0,Uber to office late
21-01-21,Travel,961.0,Netflix subscription
12/27/2021,Food,3859.0,Salary cash
2020-07-30,Utilities,999999.0,Netflix subscription 
2020-04-27,Entertainment,40.0,Uber to office
27-01-20,Rent,808.0,Salary cash
2020-03-09,Entertainment,86.0,Uber to office late
02/17/2021,Travel,1274.0,Dinner at resto
17-01-21,Rent,408.0,Gift
2021-02-11,Salary,42931.0,Gift 
12/22/2021,Food,228.0,Doctor visit via app
2020-01-18,Food,213.0,Dinner at resto
08/10/2022,Education,2428.0,Netflix subscription
2019-06-08,Salary,71727.0,Doctor visit
April 13 2022,Otthers,271.0,Course fee
01-04-20,Food,1383.0,Grocery shopping
,Bonus,40115.0,Monthly rent
05-08-22,Food,575.0,Course fee
19-02-22,Foo,193.0,Uber to office
July 30 2020,Other Income,46761.0,Netflix subscription
06/09/2022,Other Income,46048.0,Gift
22-01-20,Entertanment,2678.0,Lh8dmC5fgiE9VDN
March 10 2021,Food,999999.0,Salary
,Utilities,297.0,Paid electricity bill cash
February 23 2019,Bonus,52860.0,Course fee
17-12-20,Entertainment,801.0,Paid electricity bill
April 01 2019,Bonus,62292.0,Course fee
2020-12-08,Food,1675.0,Doctor visit
2020-03-14,Food,212.0,Gift
07/12/2019,Utilities,,Salary
04/13/2022,Food,369.0,Salary via app
06/16/2019,BBonus,77524.0,Paid electricity bill
03-03-20,Food,1003.0,Paid electricity bill cash
April 01 2019,Bonus,62292.0,Course fee
2020-03-20,Health,619.0,Paid electricity bill late
13-10-19,Bonus,64912.0,Course fee cash
10-12-19,Entertainment,382.0,Uber to office
January 03 2021,Other Income,61463.0,Monthly rent
05-09-19,Bonus,55417.0,Gift
28-03-19,Entertainment,738.0,Uber to office
12/24/2022,Food,3482.0,Paid electricity bill
,Otheer Income,80390.0,Course fee
21-07-22,Food,593.0,Paid electricity bill
2019-07-25,Bonus,71814.0,Grocery shopping
10/23/2020,Utilitis,4838.0,Course fee
February 09 2019,Utilities,999999.0,Grocery shopping
01/30/2021,Other Income,47566.0,Doctor visit
05-10-21,Rent,527.0,Paid electricity bill
2022-02-18,Food,1127.0,Grocery shopping
August 30 2019,Food,220.0,Uber to office
09/29/2022,Others,327.0,Dinner at resto via app
04/08/2021,Rent,495.0,Doctor visit late
2019-01-14,Food,191.0,Monthly rent
2021-02-12,Others,500.0,Netflix subscription 
2021-03-02,Rent,763.0,Grocery shopping
September 21 2022,Food,64.0,Salary
07/10/2019,Rent,1011.0,Gift
06-10-19,Bonus,60266.0,Gift via app
2019-03-30,Rent,1220.0,sRhVDyrPKLp692hx
2019-09-23,Bonus,47875.0,Uber to office via app
2022-07-11,Utilities,355.0,Netflix subscription
11-09-21,Utilities,1525.0,Dinner at resto via app
12/08/2022,Rent,263.0,Netflix subscription
16-02-19,Travel,1047.0,XDOG5Wce
01-04-20,Rent,119.0,Paid electricity bill late
2022-07-02,Rent,304.0,Doctor visit
02/09/2020,Rent,50.0,Dinner at resto
2021-03-14,Rent,1399.0,Monthly rent
22/04/21,Food,140.0,Paid electricity bill
2022-09-01,Rent,40.0,Paid electricity bill 
02/24/2020,Entertaniment,1495.0,Uber to office cash
March 30 2020,Salary,72563.0,Paid electricity bill
2022-06-04,Bonus,55451.0,Gift
2020-01-31,Utilities,263.0,Dinner at resto
November 22 2020,Utilities,15976.0,Xa1jKzVSBWb9j
04/25/2019,Ret,332.0,Salary late
26-09-20,Rent,201.0,Paid electricity bill
10/10/2019,FFood,466.0,Monthly rent
2019-02-26,Food,999999.0,Netflix subscription 
28-03-19,Entertainment,370.0,Monthly rent via app
2020-02-09,Travel,101.0,72iztujdpgK
2019-07-09,Food,143.0,Netflix subscription 
08/30/2019,Travel,59.0,Monthly rent
2022-03-23,Rent,164.0,Doctor visit
03/31/2020,Other Income,69772.0,Course fee late
2021-04-27,Food,162.0,Paid electricity bill
08/23/2021,Food,27.0,Monthly rent
24-04-19,Savings,1115.0,Gift
October 27 2021,Travel,1438.0,Grocery shopping
August 26 2019,Salary,64241.0,Salary
09/07/2019,Food,122.0,Paid electricity bill via app
March 27 2020,Entertainment,319.0,Netflix subscription
29-09-20,Utilities,222.0,Course fee
2022-04-30,Bonus,85720.0,Paid electricity bill
29-08-22,Travel,447.0,Doctor visit
2022-05-30,Travel,774.0,Salary cash
2020-09-17,Rent,89.0,dCVvjmrgT4zp1zaFj
January 11 2022,Food,712.0,Dinner at resto
2020-04-27,Travel,406.0,2EfXQpeTH1KFAIBNO
15-08-19,Rent,362.0,Netflix subscription
16-07-19,Rent,195.0,Course fee
2019-06-06,Food,26.0,Doctor visit
2020-12-04,Food,6602.0,Netflix subscription
12/08/2020,Bonus,54860.0,Salary
June 05 2022,Food,1105.0,Doctor visit
,Savings,261.0,Netflix subscription
2020-04-12,Bonus,69822.0,Course fee via app
02-03-20,Rent,739.0,Salary late
06-04-20,Travel,195.0,Uber to office
15-09-19,Utilities,3731.0,Netflix subscription via app
04-03-19,Bonus,64761.0,Doctor visit
May 17 2019,Utilities,647.0,Salary
2020-11-10,Bonus,53841.0,Uber to office
11/16/2022,Other Income,8712.0,Paid electricity bill late
14-01-21,Entertainment,3352.0,Grocery shopping
July 18 2019,Rent,455.0,Grocery shopping late
2019-12-02,Rent,354.0,QTNPrDaWWPbZMi
November 04 2021,Others,144.0,Course fee
February 28 2022,Entertainment,160.0,Grocery shopping
March 27 2021,Rent,1056.0,Doctor visit
2021-06-19,Others,161.0,Gift cash
01/26/2019,Rent,174.0,Doctor visit
2020-02-10,Food,140.0,Grocery shopping 
2019-11-21,Other Income,84355.0,Dinner at resto late
16-09-19,Rent,1116.0,Salary
04/04/2019,Entertainment,207.0,EwzLtnmO8nt9E7w3j4xc
2022-06-26,Entertainment,208.0,Netflix subscription late
10/06/2021,Other Income,55814.0,Netflix subscription
2022-05-08,Food,118.0,Netflix subscription cash
September 12 2019,Rent,1618.0,Course fee cash
08/30/2019,Salary,55184.0,Grocery shopping
05/09/2022,Food,2718.0,Paid electricity bill
01/16/2020,Rent,124.0,Uber to office late
2020-09-07,Other Income,13898.0,Uber to office
08/21/2019,Others,181.0,Grocery shopping
06/16/2019,ealth,1278.0,Dinner at resto
2022-07-29,Rent,1440.0,Monthly rent
04/12/2021,Utilities,1908.0,Doctor visit
01/29/2021,Other Income,43156.0,Grocery shopping
2019-09-29,Food,479.0,Uber to office
June 03 2021,Food,30.0,Uber to office
10-04-22,Food,2396.0,Paid electricity bill via app
03-06-19,Rent,122.0,Uber to office
October 22 2022,Food,247.0,Grocery shopping via app
29-11-20,Rent,910.0,Salary
06-01-20,Food,231.0,Salary
,Food,65.0,Salary
02/03/2022,Retn,2214.0,Doctor visit
05/08/2022,Food,575.0,Monthly rent cash
2022-03-28,Savings,1559.0,Grocery shopping
21-12-19,Fodo,431.0,Salary
2022-03-25,Travel,447.0,vlQGWa4zQICxpEDPv
16-09-22,Rent,285.0,Netflix subscription
2020-03-26,Education,224.0,Dinner at resto
09/04/2020,Travel,1531.0,Uber to office late
16-05-20,Travel,129.0,Uber to office
23-11-22,Education,149.0,Paid electricity bill
11/15/2019,Reent,802.0,Course fee
01/05/2019,Salary,54975.0,Grocery shopping late
05/05/2022,Travel,896.0,Uber to office
2019-03-14,Food,183.0,Grocery shopping via app
2020-04-29,TTravel,122.0,Uber to office via app
07/02/2020,Rent,171.0,Uber to office
2021-07-04,Other Income,88529.0,Grocery shopping
February 19 2021,Utilities,272.0,Gift
07/01/2021,Utilities,826.0,Dinner at resto
16-05-19,Salary,70743.0,Dinner at resto 
October 01 2021,Travel,1889.0,Uber to office
March 24 2021,Food,152.0,Dinner at resto
October 19 2019,Salary,71939.0,Uber to office
,Utilities,,Dinner at resto
2019-03-24,Rent,129.0,Dinner at resto
12/26/2021,Bonus,63912.0,Netflix subscription
March 30 2019,Rent,29.0,Netflix subscription
30-04-19,Food,5028.0,Paid electricity bill late
2021-03-14,Utilities,1028.0,Uber to office
2022-09-26,Utilities,4491.0,Grocery shopping late
2019-05-11,Bonus,82076.0,Course fee late
June 09 2020,Others,283.0,Course fee
26-10-21,Rent,569.0,Course fee
2019-01-29,Travel,181.0,Monthly rent
04/24/2020,Food,,Doctor visit
2019-05-04,Entertainment,78.0,Gift
04/01/2020,Travel,233.0,Gift
21-01-20,Food,199.0,Paid electricity bill
12/18/2022,Rent,508.0,Paid electricity bill
01-08-21,Food,930.0,Gift
2019-02-05,Utilities,557.0,Monthly rent
03/30/2021,Utilities,1765.0,Grocery shopping
15-07-22,Food,190.0,Netflix subscription
05/05/2021,Utilities,1015.0,Paid electricity bill
2020-04-02,Utilities,195.0,Grocery shopping
14-08-20,Food,102.0,Uber to office
08/11/2019,Rent,212.0,Monthly rent cash
09/13/2022,Health,307.0,SqOoPGCv
03/11/2020,Others,2609.0,Salary
08/18/2022,Food,657.0,Dinner at resto
29-04-22,Travel,754.0,Paid electricity bill via app
09/16/2020,Rent,130.0,ag2jOH8ISXXhACjlyv
2022-03-24,Bonus,50327.0,Doctor visit cash
December 27 2020,Others,872.0,Paid electricity bill
2022-04-16,Other Income,28942.0,Gift
03/07/2021,Health,448.0,Course fee
28-09-22,Salary,81906.0,Monthly rent
16-11-21,Fod,43.0,Grocery shopping
06/01/2019,Utilities,211.0,Uber to office
12/26/2019,Rent,749.0,Uber to office via app
2020-01-05,Rent,555.0,Monthly rent
08/16/2021,Rent,330.0,Salary
06/02/2020,Food,315.0,TzxsvkgS
05-06-19,Others,961.0,Paid electricity bill
26-06-20,Rent,256.0,Grocery shopping via app
10/13/2020,Rent,397.0,fhv7klYI
01-08-20,Food,367.0,Gift cash
18-09-22,Others,184.0,Salary
05/27/2022,Food,144.0,Netflix subscription
28-06-19,Food,645.0,Ehj6cdKmX6Qg9zFK6PR
17-06-21,Rent,3407.0,Monthly rent
March 17 2021,Rent,221.0,Monthly rent 
06/19/2020,Food,3040.0,Doctor visit via app
09/07/2020,Food,143.0,Dinner at resto
13-09-22,Food,522.0,Paid electricity bill via app
01/23/2021,Food,330.0,Course fee
12-07-20,Savings,706.0,Grocery shopping
March 18 2022,Rent,362.0,Monthly rent via app
24-10-21,Rent,547.0,Monthly rent
July 13 2022,Other Income,65337.0,Salary
2019-08-29,Bonnus,64601.0,Course fee
2019-06-14,Savings,129.0,BU1Hq2C5
25-03-21,Rent,36.0,Netflix subscription
07/12/2020,Entertainment,999999.0,Dinner at resto
02/10/2021,Other Income,67156.0,Grocery shopping
07/01/2022,Education,990.0,mUw4MHfhxdI35erdw
2019-03-13,Entertainment,556.0,Paid electricity bill late
August 01 2019,Utilities,54.0,Paid electricity bill 
12/02/2021,Rent,3100.0,Dinner at resto
2021-02-23,Fodo,881.0,Netflix subscription via app
06/26/2019,Food,999.0,Uber to office
2019-01-26,Food,166.0,Uber to office
December 15 2022,Utilities,555.0,Salary
04/21/2019,Food,69.0,Doctor visit cash
10/09/2019,Education,416.0,Course fee 
09/15/2022,Travel,1342.0,Grocery shopping
26-10-20,Savings,562.0,Gift
12/23/2022,Food,1823.0,Uber to office
2020-03-16,Rent,159.0,Grocery shopping
October 12 2021,Entertanment,333.0,Doctor visit late
21-03-20,Utilities,2258.0,Gift cash
2019-05-05,Fod,203.0,Uber to office
December 20 2022,Entertainment,171.0,Uber to office
01-06-21,Other Income,73689.0,Netflix subscription
July 17 2019,Utilities,87.0,Monthly rent cash
12/01/2022,Bonus,59435.0,Uber to office cash
07-10-20,Rent,231.0,Doctor visit
11/08/2020,Others,364.0,Netflix subscription cash
2021-04-24,Rent,448.0,gZoEmZo5a4RaWcK
03/25/2021,Rent,548.0,Doctor visit 
2020-07-21,Rent,1205.0,Salary 
October 11 2019,Food,39.0,Dinner at resto
08-02-22,Food,775.0,Paid electricity bill
07-09-20,Entertainment,976.0,Uber to office via app
2022-03-06,Bonus,54354.0,Course fee
July 23 2019,Food,863.0,Netflix subscription
01-08-20,Other Income,58835.0,Netflix subscription
07/23/2022,Rent,23.0,2HqnxBcgcS1F6lyuFNp
08/08/2021,Other Income,78986.0,Uber to office
June 19 2020,Savings,281.0,Dinner at resto
January 24 2020,Rent,71.0,Uber to office late
2020-11-11,Rent,929.0,Course fee via app
18-06-19,Foood,574.0,Gift
2020-04-03,Food,170.0,Uber to office
2021-06-20,Foood,283.0,Dinner at resto
04/26/2019,Food,353.0,Course fee
2019-10-21,Food,568.0,Monthly rent
02/12/2020,Travel,,Dinner at resto
08/17/2021,Food,171.0,Netflix subscription
16-09-21,Others,1216.0,Doctor visit
02-10-19,Rent,373.0,Uber to office
10/13/2022,Travel,,Grocery shopping
11/10/2021,Entertainment,1274.0,Grocery shopping
04-01-19,Utilities,1130.0,Gift late
09/06/2021,Rent,841.0,Uber to office 
11-12-20,Travel,98.0,Paid electricity bill cash
03/09/2022,Entertainment,141.0,V9ZHdBwllDJj86Fx
2020-01-21,Ret,203.0,Salary
2021-12-20,Salary,78637.0,Monthly rent
2022-04-14,Rent,649.0,Dinner at resto
01/06/2019,Rent,556.0,Salary via app
18-01-21,Utilities,55.0,Uber to office cash
2021-11-16,Travel,319.0,Monthly rent cash
15-08-19,Bonuus,62519.0,Netflix subscription 
September 18 2020,Utilities,2398.0,Uber to office 
02-09-20,Rent,807.0,Doctor visit cash
09/20/2019,Rent,193.0,Grocery shopping via app
05/27/2022,Food,1542.0,Doctor visit
07/11/2022,Utilities,215.0,Doctor visit via app
January 06 2021,Other Income,48651.0,Course fee
10-01-19,Rent,554.0,Grocery shopping late
June 06 2022,Utilities,94.0,Monthly rent
2020-10-24,Travel,728.0,Dinner at resto
September 14 2020,Travel,278.0,G27R5ywI9Fa
April 19 2022,Food,1147.0,Dinner at resto
,Entertainment,900.0,Course fee
12-04-19,Food,61.0,Uber to office
26-04-20,Salary,57860.0,Paid electricity bill
2022-04-19,Rent,2940.0,Monthly rent cash
04/03/2019,Salray,62538.0,Salary
2022-10-23,Rent,917.0,Netflix subscription cash
10/19/2022,Utilities,756.0,OVOVI6GuyGDA3IQf3Uy
11-03-20,Rent,667.0,Uber to office
2022-01-30,Rent,124.0,Course fee
15-10-20,Food,270.0,Grocery shopping
February 29 2020,Entertainment,290.0,Dinner at resto
2019-05-16,Food,65.0,Monthly rent
August 11 2022,Food,393.0,Netflix subscription
January 13 2020,Travel,1749.0,Paid electricity bill cash
05/28/2021,Food,762.0,Dinner at resto
29-07-21,Travel,52.0,Doctor visit late
2022-07-09,Travel,261.0,Doctor visit
09/15/2021,Food,1780.0,Paid electricity bill
26-01-19,Bonus,53800.0,Netflix subscription cash
2019-08-09,Rent,394.0,Uber to office cash
2022-09-10,Salary,65041.0,Monthly rent
04/25/2020,Travel,234.0,Paid electricity bill
15-08-21,Food,2983.0,Gift
February 17 2021,Entertainment,286.0,Uber to office late
,Food,1902.0,Uber to office cash
2021-01-06,Others,153.0,Monthly rent
2022-02-06,Reent,826.0,Netflix subscription
20-08-22,Salary,39266.0,Gift cash
2022-08-26,Savings,242.0,Doctor visit via app
02/15/2022,Rent,458.0,Monthly rent
09/09/2019,Food,265.0,Gift
2020-02-17,Salary,81669.0,Uber to office
2021-12-01,Others,565.0,Paid electricity bill 
October 16 2021,Education,755.0,Grocery shopping via app
January 21 2020,Savings,320.0,Gift
October 15 2019,Entertainment,8.0,Course fee
24-10-21,Food,296.0,Gift late
05/11/2019,Rent,176.0,Course fee late
April 05 2022,Food,2658.0,Monthly rent
09/30/2020,Food,122.0,Salary
28-07-19,Other Income,71263.0,Doctor visit
2020-12-17,Food,1864.0,Uber to office
11/23/2019,Rent,94.0,Uber to office via app
15-06-22,Travel,117.0,Gift 
08/21/2020,Food,157.0,Doctor visit
2019-11-17,Education,140.0,Dinner at resto
2022-11-10,Rent,436.0,Netflix subscription
January 04 2021,Travel,230.0,Doctor visit
02/11/2019,Rent,1076.0,Monthly rent 
October 30 2020,Rent,726.0,Salary
2021-04-11,Utilities,284.0,Salary
2021-04-16,Food,2228.0,Paid electricity bill
2021-07-31,Rent,180.0,Salary
08/18/2019,Travel,1145.0,Dinner at resto
06/19/2019,Entertainment,1427.0,Netflix subscription
07/08/2021,Rentt,222.0,Uber to office 
May 11 2022,Food,327.0,Paid electricity bill
06/12/2020,Food,148.0,Dinner at resto
July 07 2020,Travel,3613.0,Salary
September 06 2022,Bonus,79680.0,W1gAh5FqNSNSgPyGL
06/16/2020,Other Incmoe,65467.0,Course fee
2022-08-08,Bonus,63276.0,Grocery shopping
2019-08-26,Rent,243.0,Dinner at resto 
November 29 2020,Food,280.0,Netflix subscription cash
16-09-22,Food,209.0,Doctor visit
2022-10-26,Tavel,1254.0,Salary
14-12-21,Food,136.0,Uber to office late
27-03-21,Rent,102.0,Gift
05/31/2022,Utilities,184.0,Course fee
01-03-21,Rent,1915.0,Paid electricity bill
08-04-22,Savings,257.0,Uber to office
2019/12/03,Food,1454.0,Course fee via app
03/04/2021,Other Income,73837.0,Gift
February 11 2019,Education,177.0,Netflix subscription
31-07-20,Food,56.0,Course fee
2020-07-21,Bonus,54146.0,Monthly rent late
2021-02-03,Rent,612.0,Grocery shopping 
2019-08-21,Food,,Grocery shopping
09/01/2020,Rent,116.0,Uber to office
,Food,117.0,Netflix subscription via app
2020-04-22,Food,5387.0,Course fee 
2021-02-11,Rent,66.0,Dinner at resto
December 19 2020,Salary,41272.0,Paid electricity bill
04/06/2021,Rent,104.0,Uber to office
2022-12-19,Salary,36058.0,Netflix subscription
2019-02-11,Others,277.0,SMQMhyDF5
08/08/2021,Savings,610.0,Course fee late
May 04 2021,Food,461.0,Gift via app
2019-07-05,Food,117.0,Grocery shopping
2022-09-21,Others,504.0,Gift cash
2021-09-29,Utilities,1353.0,Salary
08/18/2021,Utilities,184.0,Grocery shopping
21-04-22,Savings,178.0,Dinner at resto
03/10/2021,Other Income,54093.0,Grocery shopping cash
23-05-19,Bonus,63566.0,ulfib7ZhqSikT
12-04-21,Entertainment,308.0,Uber to office
February 16 2021,Entertainment,83.0,Salary
07/03/2019,Savings,4618.0,Course fee
2019-07-02,Food,339.0,Uber to office
2021-12-19,Foood,147.0,Doctor visit
08/11/2020,Food,1646.0,Monthly rent via app
04-12-22,Others,481.0,Course fee
March 10 2021,Education,1718.0,Paid electricity bill
17-10-21,Utilities,1676.0,Dinner at resto
2020-07-29,Others,443.0,Salary via app
2022-03-04,Entertainment,2227.0,Dinner at resto
October 03 2021,Foood,111.0,Paid electricity bill
08/25/2022,Fod,1221.0,j96r2k5BCO4iPx
13-12-20,Rent,216.0,Dinner at resto 
,Savings,547.0,Salary
07/05/2020,Rent,270.0,03w3sXgg3S0v0V8W
20-07-19,Salary,68897.0,BfKFIWACWS4yXDW
07/27/2019,Entertainment,592.0,Dinner at resto 
25-02-22,Rent,568.0,Uber to office
October 03 2020,Food,207.0,Uber to office via app
2021-08-28,Education,637.0,Netflix subscription via app
2022-06-15,Other Income,59598.0,Dinner at resto
04/20/2020,Rent,1064.0,Doctor visit via app
January 08 2019,Entertainment,98.0,Grocery shopping
07/11/2022,Utilities,215.0,Doctor visit via app
01/04/2021,Food,103.0,Monthly rent via app
03/05/2020,Food,2041.0,Salary
November 10 2020,Rent,1171.0,Gift cash
10/07/2019,Salary,75317.0,Grocery shopping
14-12-19,Others,396.0,Grocery shopping
02/22/2021,Food,743.0,Paid electricity bill
2020-09-14,ent,1253.0,Uber to office
03/02/2020,Food,68.0,Monthly rent
December 16 2019,Travel,265.0,Dinner at resto cash
07-10-19,Entertainment,88.0,Dinner at resto
2022-07-06,Food,523.0,Dinner at resto
04-08-21,Salary,71322.0,Grocery shopping
April 19 2022,Food,1147.0,Dinner at resto
16-03-20,Salary,52258.0,Paid electricity bill late
2020-12-12,Rent,1129.0,Monthly rent
December 19 2022,Travel,123.0,Doctor visit
2019-10-12,Others,216.0,Monthly rent
2019-10-27,Rent,169.0,Doctor visit
August 03 2022,Travel,197.0,Netflix subscription via app
24-05-19,Bonus,44925.0,Salary late
04/25/2019,Rent,499.0,Gift
2021-09-09,Rent,479.0,Grocery shopping cash
08/03/2019,Food,1598.0,Course fee
02/28/2021,Travel,2883.0,Netflix subscription 
2019-12-13,Entertainment,186.0,Paid electricity bill
17-08-19,Bonus,67954.0,Course fee
03/08/2020,Food,259.0,Salary
13-04-20,Rent,42.0,Paid electricity bill
11/05/2019,Health,71.0,Grocery shopping
2022-07-03,Salary,54481.0,Course fee via app
13-06-21,Education,134.0,Monthly rent
2021-07-04,Salary,69206.0,Grocery shopping late
2019-10-15,Salary,55607.0,Doctor visit
10/13/2020,Entertainment,505.0,Doctor visit
2022-05-19,Other Income,62551.0,Paid electricity bill
2022-01-24,Food,6665.0,Paid electricity bill
24-01-21,Savings,318.0,wxZ0EPtHn
07-04-20,Etertainment,-312.0,Course fee
09/10/2019,Food,28.0,QEpxxdElAM01oc0l9fQj
13-08-20,Education,531.0,Dinner at resto
11/07/2019,Others,296.0,Dinner at resto
02/01/2021,Utilities,598.0,Dinner at resto
08/16/2021,Salary,70800.0,Dinner at resto
08-08-19,Rent,403.0,Grocery shopping
10-11-22,Bonus,41594.0,Dinner at resto
,Travel,414.0,Dinner at resto
2020-02-14,Rent,61.0,Salary
25-08-19,Rent,742.0,Grocery shopping 
2021-08-02,Salary,73151.0,Course fee
2021-10-27,Entertainment,977.0,Course fee
24-02-21,Education,268.0,Salary
11/28/2022,Other Income,76898.0,Grocery shopping
2020-11-06,Utilities,577.0,Paid electricity bill
,Rent,26.0,Course fee via app
18-12-21,Food,1551.0,Doctor visit via app
April 22 2020,Entertainment,596.0,Grocery shopping
25-02-20,Entertainment,1394.0,Grocery shopping 
July 06 2021,Rent,,Doctor visit late
2021-03-22,Rent,1463.0,Doctor visit
13-03-19,Food,386.0,Doctor visit
2019-04-11,Food,3281.0,Paid electricity bill 
08-04-20,Food,412.0,Grocery shopping via app
12-09-20,Utilities,51.0,Uaqao8ReAaRY
12/18/2019,Food,175.0,Doctor visit
21-03-20,Bonus,79410.0,Paid electricity bill
11/09/2022,Health,983.0,Course fee
05/02/2020,Food,748.0,Uber to office
2019-02-24,Rent,87.0,Course fee
07/14/2020,ood,5437.0,Monthly rent cash
03/14/2020,Oher Income,75387.0,Salary
2022-06-23,Travell,805.0,Grocery shopping
09/12/2021,Others,131.0,Netflix subscription
23-07-22,Rent,66.0,Gift
2021-03-30,Food,842.0,Doctor visit
2021-10-23,Food,101.0,Paid electricity bill
2019-04-29,Utilities,1943.0,Grocery shopping 
01/25/2019,Food,165.0,Uber to office via app
09-08-21,Entertainment,124.0,Doctor visit
06-07-20,Food,72.0,Grocery shopping
29-03-22,Travel,535.0,Paid electricity bill
12/26/2020,Utilities,723.0,Monthly rent
2019-01-03,Bonus,48256.0,Gift 
22-08-20,Travel,140.0,Uber to office cash
2022-12-27,Bnous,69399.0,Monthly rent
06/12/2021,Rent,507.0,Uber to office cash
03-07-20,FFood,256.0,Doctor visit via app
September 16 2019,Rent,491.0,Dinner at resto
18-08-19,Rent,39.0,Paid electricity bill
22-08-20,Entertainment,484.0,Gift
October 16 2021,Entertainment,171.0,Paid electricity bill
03/12/2021,Entertainmet,987.0,Dinner at resto
2022-04-19,Other Income,44842.0,Monthly rent
2022-11-21,Rent,391.0,Gift
28-05-20,Utilities,1170.0,Doctor visit via app
28-08-19,Salary,85415.0,Doctor visit
2019-07-23,Savings,95.0,Course fee late
23-11-19,Travel,373.0,Grocery shopping
02/08/2021,Health,1720.0,KadEx9ARS3
01/28/2021,Entertainment,4258.0,Uber to office via app
2019-04-28,Rent,1077.0,Salary
11-05-19,Rent,54.0,Gift
2019-06-13,Food,747.0,Course fee
April 04 2020,Utiilties,642.0,Uber to office
2019-07-25,Other Income,24884.0,Monthly rent
2019-06-08,Food,303.0,Course fee
10/04/2020,Health,334.0,Monthly rent
2021-01-26,Rent,715.0,Netflix subscription
23-01-21,Travel,6215.0,Paid electricity bill late
,Travel,812.0,Paid electricity bill late
01/22/2022,Food,6621.0,Paid electricity bill
06/23/2022,Rent,44.0,Paid electricity bill
29-08-20,Food,904.0,Course fee
17-07-19,Rent,369.0,Monthly rent
12/29/2022,Travel,492.0,0i31VKe6LoA
2022-06-11,Salary,65037.0,Grocery shopping late
28-03-20,Rent,1933.0,Netflix subscription
,Food,5115.0,Salary
April 21 2022,Foood,113.0,Doctor visit
2022-06-25,Rent,299.0,Grocery shopping
2022-06-28,Others,86.0,Netflix subscription
06-11-21,Food,709.0,Uber to office
May 28 2020,Rent,493.0,Monthly rent
01/14/2021,Savings,145.0,Uber to office
23-11-21,Rent,711.0,Grocery shopping via app
2020-02-03,Travel,67.0,Gift 
01/06/2020,Entertainent,124.0,Doctor visit
2020-10-14,Utilities,1857.0,Salary
,Food,1339.0,Netflix subscription late
08/09/2022,Food,1569.0,Course fee
05-07-19,Others,226.0,Grocery shopping late
2022-05-26,Entertainment,1520.0,Salary late
February 05 2021,Savings,587.0,Paid electricity bill late
30-08-20,Entertainment,247.0,Course fee
07-11-20,Others,128.0,Dinner at resto
2022-10-15,Savings,110.0,Monthly rent
06-04-21,Utilities,3573.0,Grocery shopping
2019-02-28,Travel,612.0,Monthly rent
February 28 2021,Food,874.0,Salary
27-06-20,Bonus,51030.0,Grocery shopping
05/16/2020,Rent,197.0,Course fee via app
04/15/2020,Food,129.0,XqK0sc9XQkspxSF35o74
08/24/2022,Rent,26.0,Course fee
06-11-20,Rent,1113.0,Salary
10-11-20,Rent,400.0,Doctor visit
May 28 2021,Other Income,61219.0,Grocery shopping
2020-07-31,Rent,1766.0,Paid electricity bill
05/22/2020,Entertainment,1369.0,Course fee
26-09-22,FFood,535.0,Netflix subscription
04/15/2019,Utilities,863.0,Salary
11-01-20,Rennt,460.0,Salary cash
November 07 2020,Rent,1141.0,Doctor visit
2022-12-17,Rent,86.0,Course fee cash
2020-04-06,Food,147.0,Course fee 
11/11/2021,Other Income,46953.0,Grocery shopping late
February 12 2021,Rent,68.0,Gift late
October 15 2022,Utilities,3417.0,Doctor visit
March 23 2019,Travel,606.0,Course fee late
09/27/2021,tOher Income,52161.0,Uber to office cash
2021-02-24,Rent,523.0,Monthly rent 
11/18/2019,Travel,41.0,Dinner at resto
06/19/2022,Travel,612.0,Dinner at resto
June 23 2021,Rent,608.0,Course fee late
03/18/2020,Food,1381.0,Grocery shopping
30-12-21,Salary,58813.0,Dinner at resto
October 01 2021,Food,344.0,Gift
05-06-22,Rent,68.0,Dinner at resto
06/04/2022,Food,256.0,Grocery shopping cash
09/15/2022,Bonus,62326.0,Course fee
,Rent,185.0,Salary
19-11-21,Bonus,83491.0,Gift
14-11-19,Bonus,83877.0,Salary
02/18/2022,Other Income,66009.0,Uber to office cash
02/13/2021,Salary,51343.0,Course fee late
10/03/2019,Bonus,64189.0,Uber to office
12/12/2020,Food,4293.0,Course fee
04/05/2020,Rent,178.0,Dinner at resto cash
2022-08-08,Travel,3430.0,Salary
23-12-20,Entertainment,156.0,Dinner at resto via app
,Utilities,313.0,Monthly rent 
11/30/2019,Rent,5056.0,Monthly rent
2020-08-17,Salary,64350.0,Monthly rent
2021-11-08,Rent,472.0,Dinner at resto
11/24/2019,Food,796.0,Monthly rent 
09/04/2020,Food,1159.0,Dinner at resto late
09/17/2019,Utilities,196.0,Gift late
October 11 2022,Utilities,1304.0,2S1WavXivKZ31ka
01-11-19,Rent,275.0,Netflix subscription via app
17-08-20,Savings,428.0,Course fee cash
10-09-22,Others,4373.0,Gift
2020-06-02,Education,,Netflix subscription
2021-02-24,Entertainment,1185.0,Paid electricity bill
16-02-22,Savings,2194.0,Gift late
2022-12-18,Food,148.0,75J3aC6oz5bpvq3
11/16/2020,Other Income,,Gift
06/20/2021,Food,386.0,Uber to office
2021-07-23,Others,1838.0,Salary
01-10-22,Rent,185.0,Course fee
06-06-21,Food,4776.0,Dinner at resto
2021-09-19,Entertainment,86.0,Course fee late
12-03-22,Others,91.0,Course fee via app
04/04/2019,Travel,148.0,Paid electricity bill
July 04 2020,Utilities,648.0,Salary
03/06/2021,Food,882.0,Dinner at resto
17-07-21,Uttilities,89.0,Salary
2020-06-04,Entertainment,656.0,Salary via app
15-12-20,Travel,653.0,Netflix subscription
11-01-21,Utilities,1284.0,xBiYq1g3
2022-10-09,Others,1148.0,Gift
11-06-21,Salary,63019.0,Dinner at resto
February 07 2021,Food,85.0,Gift
2022-04-27,Utilities,1983.0,Netflix subscription
05/30/2020,Travel,200.0,u3xau7CS6Sqbg8lUWYT2
18-01-20,Food,117.0,Gift 
02-04-20,Health,1035.0,Paid electricity bill
05-02-20,Rent,56.0,Salary via app
14-11-20,Food,303.0,Course fee
04/18/2022,Utilities,1868.0,Course fee
12-06-20,Utilities,526.0,Salary 
06/09/2019,Travel,183.0,Grocery shopping
2022-01-02,Education,1016.0,Gift
August 04 2019,Rent,100.0,Dinner at resto
10/08/2022,Entertainment,461.0,Gift cash
02/15/2019,Rent,1996.0,3mcV4nXUP6YIJ
2019-11-30,Bonus,,Course fee
02/14/2019,Food,80.0,Dinner at resto
04/23/2021,Rent,151.0,Netflix subscription
04/23/2020,Rent,2093.0,Gift
2022-09-13,Salary,67810.0,Paid electricity bill
12/30/2022,Others,571.0,Paid electricity bill
03-12-20,Utilities,437.0,Course fee
09/16/2020,Utilities,422.0,Netflix subscription
17-10-22,Travel,95.0,Grocery shopping late
15-02-20,Food,84.0,Gift
2022-04-06,Salary,48139.0,Salary late
2021-06-12,Rent,22.0,Doctor visit
01-04-21,Other Income,87425.0,Uber to office 
08/08/2021,Savings,610.0,Course fee late
22-08-21,Savings,448.0,Course fee
11/09/2019,Travel,143.0,Course fee
09/15/2022,Other Income,38463.0,Paid electricity bill 
2019-11-22,Rent,490.0,Course fee late
2019-10-02,Rent,641.0,Gift via app
2020-12-19,Food,2550.0,Dinner at resto
January 01 2020,Entertainment,495.0,Monthly rent 
February 01 2019,Food,1011.0,Dinner at resto
10/04/2020,Food,1512.0,Doctor visit 
March 26 2021,Food,152.0,Dinner at resto
17-05-22,Savings,305.0,Course fee
27-05-22,Tarvel,498.0,Netflix subscription
2019-03-08,Travel,309.0,Course fee
01/14/2020,Rent,223.0,Paid electricity bill via app
07-12-22,Utilities,56.0,obPsUQCdFvYGRiqWeV
29-10-22,Entertainment,164.0,Dinner at resto
2020-05-21,Rent,3251.0,Paid electricity bill late
07/07/2022,Food,312.0,Doctor visit
May 31 2021,Food,344.0,Paid electricity bill cash
29-03-22,Rent,1513.0,Netflix subscription
2019-06-29,Other Income,82318.0,Gift 
03/06/2020,Entertainment,1639.0,vjOrmtydwe2JwS3F9Pl
12/08/2019,Rent,56.0,Doctor visit
30-06-22,Rent,197.0,q43apn63sYYs
2022-06-04,Bonus,85084.0,Salary
2022-12-06,Rent,1080.0,Netflix subscription late
March 01 2021,Rent,289.0,Monthly rent
2019-04-09,Other Income,78506.0,Doctor visit
2019-01-21,Food,996.0,Gift
January 07 2022,Bonus,42045.0,Netflix subscription
19-10-22,Entertainment,1206.0,Uber to office
December 17 2020,Education,327.0,Gift via app
2022-10-15,Education,89.0,Paid electricity bill
November 21 2021,Food,143.0,Gift
2020-03-17,Food,206.0,Netflix subscription
,Other Income,52235.0,Doctor visit
22-04-19,Rent,167.0,Gift
05-07-22,Food,568.0,Monthly rent 
10/03/2020,Food,315.0,Monthly rent late
18-05-22,Food,538.0,Dinner at resto
31-10-21,Other Income,66993.0,Course fee 
04/14/2020,Rent,75.0,Monthly rent cash
13-09-19,Food,822.0,Grocery shopping
19-03-19,Rent,1495.0,Doctor visit
2022-04-28,Education,3750.0,fTyHgPn8EZWY
January 19 2019,Utilities,267.0,Grocery shopping cash
2022-05-09,Bonus,69175.0,Monthly rent
2020-12-30,Savings,330.0,Netflix subscription
31-01-19,Food,9012.0,4ZMzEIsxsyu99
10/19/2021,Bonus,42311.0,JgAmtrwK68v
01-08-19,Food,984.0,Doctor visit
02/21/2019,Utilities,64.0,Dinner at resto
October 19 2019,Food,871.0,Doctor visit
02/16/2022,Food,166.0,Salary cash
04-09-19,Rent,22.0,Monthly rent
2019-07-10,Food,287.0,Grocery shopping
September 04 2020,Food,593.0,Doctor visit 
April 17 2022,Entertainment,493.0,Dinner at resto
2021-11-13,Utilities,167.0,Salary
2019-10-28,Food,405.0,Gift late
06/18/2021,Rent,964.0,Grocery shopping
30-12-21,Savings,706.0,Uber to office
06/22/2020,Salry,43774.0,Monthly rent
02/08/2019,Health,1110.0,Netflix subscription 
07/01/2022,Education,990.0,mUw4MHfhxdI35erdw
December 27 2020,Others,176.0,Paid electricity bill
May 15 2019,Rent,493.0,Netflix subscription
03-06-19,Rent,85.0,Monthly rent
09-12-22,Rent,283.0,dq6bFix6JsB6ErycK4X
October 11 2019,Utilities,167.0,Paid electricity bill 
08/09/2019,Rent,1022.0,Course fee
December 16 2020,Foo,189.0,Course fee
10/24/2022,Utilities,228.0,Grocery shopping late
18-12-22,Rent,71.0,Netflix subscription
February 08 2019,Others,972.0,Course fee
2019-08-05,Travel,1116.0,Gift
January 23 2019,Rent,383.0,Doctor visit
2021-10-09,Food,405.0,Paid electricity bill late
22-12-20,Food,710.0,Gift 
10/10/2021,Food,480.0,Salary
May 24 2022,Food,366.0,Uber to office
2020-04-24,Utilities,42.0,Salary 
11/24/2020,Food,564.0,Monthly rent
05/22/2019,Rent,95.0,Grocery shopping cash
2020-09-21,Rent,713.0,kSHk3almnSMauB
2021-09-04,Rent,349.0,Doctor visit cash
2020-10-15,Travel,2561.0,rMvMMwpDDZAyD
10/06/2021,Food,719.0,Salary
09-06-19,Utilities,1158.0,Netflix subscription
23-04-20,Savings,9966.0,Dinner at resto
2022-01-10,Rent,1295.0,Salary
11/01/2020,Food,205.0,Netflix subscription
07/30/2021,Food,116.0,KqExzELLki2Wd
12-05-21,Rent,118.0,Dinner at resto
2021-04-10,Utilities,742.0,Salary
2020-02-24,Food,1277.0,Netflix subscription
06/25/2019,Entertainment,305.0,Course fee cash
2022-08-03,Food,982.0,Uber to office
06/14/2021,Rent,158.0,Dinner at resto via app
2020-07-17,Other Income,54960.0,Course fee
2020-02-24,Utilities,664.0,Dinner at resto
2022-04-04,Travel,132.0,Monthly rent
September 17 2019,Rent,84.0,Doctor visit via app
08/25/2021,Others,1049.0,Monthly rent
2022-06-16,Others,5357.0,Doctor visit
04-11-19,Entertainment,860.0,Course fee
27-07-20,Food,1116.0,Grocery shopping via app
08/23/2021,Rent,17.0,Paid electricity bill
27-09-22,Salary,61797.0,Netflix subscription
01/14/2020,Savinngs,847.0,Paid electricity bill
25-08-21,Food,394.0,Course fee
March 19 2021,Food,503.0,Course fee
22-11-22,Rent,2422.0,Uber to office
14-03-19,Others,217.0,Paid electricity bill
16-03-20,Salary,52258.0,Paid electricity bill late
June 22 2019,Food,1560.0,Netflix subscription
01/14/2022,Salary,56010.0,Gift
2022-01-16,Entertainment,4131.0,Doctor visit
20-08-20,Rent,115.0,Uber to office
May 27 2021,Entertainment,105.0,Gift
25-08-22,Rent,2508.0,Uber to office
2022-10-29,Entertainment,498.0,Grocery shopping
02/13/2019,Rent,282.0,Dinner at resto 
09/14/2021,Entertainment,151.0,Dinner at resto
02-04-20,Food,373.0,Monthly rent
2020-07-30,Rent,,Doctor visit
22-09-20,Bonu,45369.0,Dinner at resto late
June 15 2020,Bonus,54751.0,Uber to office 
08/31/2022,Other Income,38386.0,Salary
06-11-22,Entertainment,308.0,Grocery shopping
06/25/2022,Rent,26.0,Monthly rent
24-06-20,Travel,394.0,Monthly rent via app
31-01-22,Rent,34.0,fTP5I6h7YtHoFHtBeTb5
2022-02-06,Food,194.0,Paid electricity bill
2020-08-17,Salary,72169.0,Salary
07/15/2019,Health,1720.0,Dinner at resto
07/29/2020,Utilities,1455.0,Doctor visit
2019-11-25,Entertainment,999999.0,Course fee late
22-11-21,Other Income,78826.0,Course fee late
06/25/2019,aSvings,105.0,Doctor visit cash
10-10-21,oFod,822.0,Course fee
06/03/2021,Entertainment,185.0,Netflix subscription
09-07-22,Entertainment,709.0,n5ZmBgd12U5
11/12/2019,Others,46.0,Gift
22-03-21,Food,181.0,Netflix subscription
2021-06-27,Travel,1480.0,Doctor visit
03/06/2021,Health,229.0,Monthly rent
September 04 2019,Health,940.0,Monthly rent
10/23/2019,Entertainment,102.0,Netflix subscription
11/13/2019,Entertainment,303.0,Dinner at resto
April 30 2022,Travel,322.0,Monthly rent cash
08/24/2020,Entertainment,930.0,Doctor visit 
10/11/2020,Rent,413.0,Paid electricity bill
26-01-22,Travel,97.0,Salary
January 12 2020,Food,653.0,Paid electricity bill
25-11-22,Food,85.0,Gift
2020-09-16,Rent,274.0,Uber to office
2020-05-04,Food,165.0,Grocery shopping
02-02-21,Others,299.0,Uber to office
July 21 2020,Food,2383.0,Doctor visit
2022-11-03,Food,1090.0,Uber to office
11/08/2020,Food,731.0,Paid electricity bill
01/29/2020,Salary,90759.0,Gift late
07-09-21,Food,482.0,Netflix subscription
12/16/2019,Rent,59.0,Monthly rent 
04-07-19,Food,898.0,Dinner at resto
2021-01-31,Entertainment,,Uber to office late
,Entertainment,56.0,Gift
09/08/2019,Utilities,215.0,Grocery shopping
08/02/2022,Travel,120.0,Paid electricity bill
2019-02-03,Other Income,58374.0,Uber to office
2019-10-23,Entertainment,287.0,Dinner at resto
02/19/2019,Rent,4267.0,Course fee 
24-02-19,Food,4411.0,Doctor visit
06/30/2021,Utilities,351.0,Uber to office
2019-08-29,Rent,130.0,Gift
08-04-22,Food,139.0,Course fee late
2022-06-01,Healh,301.0,Salary cash
21-01-20,Food,328.0,Grocery shopping 
11-01-22,Entertainment,1363.0,Paid electricity bill
06/25/2019,Entertainment,305.0,Course fee cash
11-08-21,Rent,680.0,Paid electricity bill
January 19 2021,Savings,226.0,Netflix subscription via app
,Utilities,351.0,Netflix subscription
12/23/2022,Food,95.0,cd4nJK6hP
2019-10-22,Food,57.0,Grocery shopping
27-10-19,Rent,101.0,Monthly rent
30-06-21,Entertainment,177.0,Gift cash
2019-05-29,eRnt,77.0,Monthly rent
19-09-20,Food,257.0,Doctor visit
02/14/2022,Food,1566.0,Doctor visit late
04-08-21,Bonus,,Doctor visit
2020-10-19,Bonus,70441.0,Dinner at resto
2019-12-29,Travel,197.0,Dinner at resto
28-01-20,Salary,61594.0,Paid electricity bill
11-06-21,Savings,1205.0,Salary
05/16/2022,Others,1724.0,Paid electricity bill
11/05/2022,Rent,,Uber to office
2022-06-28,Rent,1298.0,Monthly rent
2021-06-11,Rent,64.0,Salary
23-09-20,Salary,63550.0,Salary
06/17/2021,Rent,427.0,Netflix subscription 
02/15/2021,Utilities,-1313.0,Grocery shopping
05/14/2019,Travel,2574.0,Doctor visit
12/22/2021,Food,12691.0,Doctor visit
21-02-22,Bonus,52067.0,Netflix subscription 
2022-08-28,Food,241.0,Grocery shopping cash
14-07-19,Food,567.0,Netflix subscription 
,Salary,26017.0,Paid electricity bill 
30-01-20,Food,616.0,Doctor visit
2020-02-13,Salary,38314.0,Monthly rent via app
08/02/2019,ood,326.0,Grocery shopping
2020-06-14,Rent,3143.0,Paid electricity bill
,Savings,177.0,Grocery shopping
04/30/2020,Food,173.0,Paid electricity bill
2022-10-30,Rent,2905.0,Doctor visit via app
April 28 2021,Rent,665.0,Course fee
October 14 2019,Salary,81837.0,Doctor visit via app
2022-01-13,Savings,719.0,Gift
06-12-22,Food,218.0,Dinner at resto late
,Food,445.0,Uber to office
11/22/2022,Utilities,2828.0,Doctor visit
07/29/2022,Food,62.0,Uber to office
05/27/2020,Entertainment,567.0,Doctor visit
2020-04-17,Salayr,51559.0,Course fee
2019-10-07,Utilities,34.0,Paid electricity bill
July 11 2020,Food,821.0,Gift via app
2020-01-11,Utiliies,197.0,Doctor visit
04-07-20,Food,791.0,Monthly rent 
31-10-20,Rent,159.0,Dinner at resto 
,Utilities,535.0,Dinner at resto
03/26/2020,Savings,1187.0,Course fee
27-10-19,Entertainment,439.0,Dinner at resto
31-12-21,Rent,784.0,Monthly rent
11/30/2019,Food,,Uber to office
04/21/2019,Entertainment,338.0,Dinner at resto
22-03-22,Other Income,70880.0,Uber to office via app
03/12/2021,Food,551.0,Doctor visit
October 31 2022,Rent,364.0,Gift
January 11 2020,Utilities,301.0,Grocery shopping late
2021-01-09,Education,358.0,Monthly rent
07/20/2020,Savinsg,2281.0,Monthly rent
01/02/2019,Food,186.0,Uber to office
April 24 2020,Food,2051.0,Grocery shopping via app
2020-11-24,Travel,544.0,Netflix subscription
07-03-19,Food,65.0,ordVJNPBPJ
2020-12-14,Fod,293.0,Dinner at resto
,Other Income,57774.0,Gift
05/20/2021,Bonu,43961.0,Netflix subscription
2020-02-26,Rent,888.0,Doctor visit
2019-02-03,Others,214.0,Course fee
2021-11-25,Bonus,64056.0,Dinner at resto
20-05-20,Rent,582.0,Netflix subscription
2019-01-15,Salary,55604.0,Grocery shopping
11/28/2020,Rent,4128.0,Uber to office via app
11/11/2021,Salary,66621.0,Course fee
18-02-19,Entertainment,265.0,Course fee
23-07-22,Entertainment,654.0,Grocery shopping
03/20/2019,Other Income,47094.0,Monthly rent
03/26/2019,Rent,8424.0,Dinner at resto
26-06-19,Travel,621.0,Gift
04-08-21,Bonus,35796.0,Doctor visit
07-05-19,Entertainment,353.0,Doctor visit
2020-06-22,Food,826.0,Salary
10/09/2019,Others,383.0,Doctor visit
07/18/2019,Rent,200.0,Uber to office
10-02-19,Rent,580.0,Doctor visit
07/15/2022,Savings,1987.0,Dinner at resto via app
April 20 2019,Utilities,823.0,Netflix subscription
06/23/2021,Food,101.0,Dinner at resto
2021-07-14,Food,1837.0,Monthly rent late
2020-12-29,Entertainment,446.0,Course fee
10/30/2019,Travel,408.0,Grocery shopping
25-06-19,Entertainment,803.0,Salary via app
08-05-19,Education,1506.0,Doctor visit
2020-11-23,Others,684.0,Netflix subscription cash
12/31/2021,Other Income,33029.0,Monthly rent
2022-07-17,Food,693.0,Gift
06/19/2021,Food,1100.0,JZ3giYWCzd83
07-09-22,Rent,751.0,Grocery shopping cash
2021-09-24,Rent,718.0,Dinner at resto via app
2021-09-18,Travel,172.0,Course fee
2019-10-13,Other Income,35413.0,Gift
07/25/2019,Rent,833.0,Netflix subscription
02/10/2019,Utilities,208.0,Doctor visit
,Savings,155.0,Monthly rent 
2019-10-01,Food,346.0,Course fee
01/23/2020,Rent,349.0,Paid electricity bill late
July 09 2022,Utilities,382.0,Dinner at resto via app
08/06/2022,Food,1072.0,Paid electricity bill 
January 19 2022,Utilities,352.0,Netflix subscription
22-06-21,Salary,61207.0,Lm5RAkoTGYe8ER27XI5
2021-12-21,Travel,959.0,Monthly rent 
February 16 2019,Utilities,385.0,Paid electricity bill
11/02/2022,Utilities,1676.0,Course fee
09/17/2021,Travel,865.0,Gift late
08/13/2021,Rent,162.0,Dinner at resto
02-11-19,Food,256.0,Uber to office
2021-05-05,Utilities,816.0,Monthly rent
2020-07-15,Salary,56998.0,Dinner at resto 
24-06-19,Foood,35.0,Netflix subscription
2020-10-09,Salary,49341.0,Salary
2021-01-27,Food,211.0,Doctor visit
06-05-21,Bonus,53785.0,Uber to office
2019-12-23,Food,1548.0,Doctor visit 
03/02/2022,Rent,2211.0,Doctor visit
11-10-19,Savings,1310.0,Paid electricity bill
2019-12-14,Rent,712.0,Uber to office
2019-06-16,Food,94.0,2BpDivn9D6l5t
09-01-22,Salary,82834.0,Netflix subscription via app
January 17 2022,Rent,,Salary
December 27 2022,Rent,731.0,sRWMM1cbDjiysXuqTo
09/21/2022,Rent,893.0,Paid electricity bill
2020-10-10,Enteertainment,1213.0,Doctor visit
25-03-22,Salary,47055.0,hFy0TDcg
2020-07-15,Food,129.0,Doctor visit
October 10 2021,Travel,628.0,Paid electricity bill
18-10-20,Rent,97.0,Salary
17-01-22,Travel,365.0,Monthly rent
11/29/2021,BBonus,60724.0,Doctor visit 
06/13/2021,Rent,478.0,Course fee 
2021-05-11,Rent,1101.0,Paid electricity bill
05/09/2021,Rent,145.0,Salary 
December 10 2022,Entertainment,356.0,Doctor visit late
August 30 2019,Food,335.0,Dinner at resto
08/17/2020,Rent,1002.0,Salary
2021-05-05,Salary,76335.0,Netflix subscription
22-06-22,Food,676.0,Course fee cash
2022-02-12,Rent,244.0,Gift
27/09/22,Salary,54015.0,Netflix subscription
2022-02-05,Others,283.0,Uber to office cash
27-09-21,Rent,804.0,cXWlABnnPDdVbRd38yv
2020-05-05,Bonus,53508.0,Grocery shopping
May 01 2021,Rent,827.0,Dinner at resto 
2019-12-19,Rent,1310.0,Gift
2019-06-23,Travel,741.0,Gift
09-11-20,Food,138.0,Grocery shopping
05/12/2022,Rent,662.0,Gift
25-12-20,Travel,486.0,Netflix subscription
24-09-21,Bonus,69546.0,Course fee
2020-06-03,Salary,83720.0,Course fee via app
01-07-20,Travel,781.0,Uber to office
2019-05-05,Food,34.0,Grocery shopping cash
26-12-22,Utilities,1079.0,Netflix subscription
30-09-21,Travel,97.0,Doctor visit cash
16-03-21,Bonus,48669.0,Grocery shopping
March 01 2019,Food,692.0,Paid electricity bill
25-06-20,Entertainment,943.0,Paid electricity bill
2021-06-25,Bonus,47282.0,Netflix subscription via app
22-01-22,Rent,1410.0,Dinner at resto
2021-09-18,Food,158.0,Gift
02/26/2021,Rent,755.0,Course fee
04/25/2022,Food,300.0,Paid electricity bill cash
2021-02-26,Savings,415.0,Uber to office late
August 20 2021,TTravel,446.0,Doctor visit 
2021-11-30,Entertainment,194.0,Netflix subscription
2019-09-10,Food,1466.0,Salary via app
01/06/2020,Food,656.0,Gift
January 30 2020,Rent,468.0,Paid electricity bill cash
2021-02-04,Utilities,110.0,Gift
10/24/2022,Food,584.0,Dinner at resto
07/04/2019,Food,109.0,Course fee 
05/27/2022,Rent,470.0,Doctor visit via app
10/04/2022,Rent,1887.0,Netflix subscription
2019-06-26,Rent,595.0,Gift cash
2022-11-27,Utilities,746.0,Dinner at resto
08-12-21,Other Income,55040.0,Netflix subscription 
2021-01-03,Education,386.0,Doctor visit
05-07-21,Utilities,281.0,Salary
2019-08-10,Food,1590.0,r5Ij8FmNpcxD4rXQw
12/27/2020,Other Income,37154.0,Paid electricity bill cash
2022-09-26,Travel,476.0,Grocery shopping
2021-05-22,Entertainment,1394.0,Course fee
November 29 2019,Others,274.0,Paid electricity bill
2020-11-28,Food,4010.0,Uber to office
10/15/2022,Entertainment,4186.0,0s3gfoQ13Dj
October 02 2022,Rent,664.0,Monthly rent
2021-07-11,Food,579.0,Netflix subscription
2021-12-25,Education,97.0,Uber to office 
26-07-20,Salary,65781.0,Gift
09/04/2022,Savings,59.0,Doctor visit late
2020-01-07,Food,617.0,Grocery shopping
02/26/2020,Others,582.0,Salary via app
2019-01-22,Food,2531.0,Salary 
2022-01-20,Education,1143.0,Gift
21-08-19,Bonus,57816.0,Dinner at resto
09/25/2019,Rent,488.0,Grocery shopping
March 16 2021,Rent,151.0,Dinner at resto
11-12-20,Bonus,59906.0,Dinner at resto
05/10/2021,Food,1117.0,Dinner at resto cash
October 17 2021,Rent,1597.0,Grocery shopping
2020-12-15,Bonus,87083.0,Uber to office
2020-12-03,Food,649.0,Zqtf9C3VMKP86tqYl3
02-04-19,Food,438.0,Uber to office
2019-09-24,Food,1061.0,Doctor visit
09/30/2022,Food,735.0,Netflix subscription
05/13/2020,Utilities,203.0,Salary
February 18 2022,Utilities,2523.0,Dinner at resto
October 04 2020,Rent,259.0,Dinner at resto cash
2020-03-01,Food,3277.0,Course fee
2022-11-19,Food,224.0,Dinner at resto via app
November 23 2021,Health,1800.0,Uber to office
2020-04-06,Entertainment,3506.0,Doctor visit
05/05/2019,Food,152.0,bufqwRcci
11/08/2020,Food,554.0,Netflix subscription
11/09/2021,Food,262.0,Doctor visit
,Utilities,1644.0,Dinner at resto cash
21-04-20,Rent,-358.0,Netflix subscription
02/17/2022,Entertainment,683.0,Netflix subscription
20-12-21,Entertainment,55.0,Netflix subscription cash
17-05-20,Travel,6822.0,Course fee
19-08-19,Health,202.0,Netflix subscription
06/25/2021,Saivngs,93.0,Grocery shopping
March 21 2022,Other Income,65568.0,Salary
December 11 2022,Bonus,25419.0,Doctor visit
December 05 2019,Utilities,348.0,Uber to office
August 13 2022,Food,474.0,Course fee 
24-06-22,Salary,59489.0,Paid electricity bill
06-03-19,Etertainment,2860.0,Salary
2022-09-16,Savings,479.0,Monthly rent
02/22/2021,Utilities,659.0,Netflix subscription late
2022-10-21,Rent,223.0,5deENmQT
08-03-21,Food,752.0,Doctor visit via app
June 18 2021,Entertainment,2153.0,Netflix subscription late
12/03/2022,ood,257.0,Doctor visit
04-08-22,Utilities,219.0,Monthly rent
2019-12-16,Rent,87.0,Grocery shopping
2021-10-09,Travel,185.0,YmbcTXTr2OvpwcLa
06-12-21,Rent,78.0,Grocery shopping
17-04-21,Utilities,322.0,Uber to office via app
,Others,19.0,51W9CDi59qrieb
13-04-22,Utilties,290.0,Course fee
08/20/2019,Bonus,79210.0,Monthly rent
03-04-20,Rent,786.0,Netflix subscription
February 26 2021,Education,2487.0,Grocery shopping
2019-03-10,Rent,340.0,Uber to office
2019-03-28,Rent,3242.0,Gift cash
11/10/2022,Rent,35.0,Course fee via app
07/08/2022,Rent,42.0,Paid electricity bill
11/12/2019,Entertainment,782.0,Uber to office
08-10-21,Others,324.0,Paid electricity bill via app
2019-09-16,Food,118.0,Dinner at resto 
01/24/2022,Other Income,50067.0,Course fee
04/23/2020,Travel,167.0,Gift
04/03/2021,Utilities,1101.0,uCxkwxVF3Sf
01-07-20,Utilities,212.0,Doctor visit
2019-09-26,Travel,417.0,Uber to office via app
27-07-19,Rent,214.0,Dinner at resto
November 18 2022,Health,90.0,Uber to office
2021-11-27,Health,66.0,Uber to office cash
01/12/2021,Rent,370.0,Salary
10/12/2021,Food,3620.0,Uber to office via app
23-11-20,Utilities,270.0,Doctor visit
2020-08-03,Food,486.0,Salary
August 19 2022,Utilities,162.0,Paid electricity bill cash
19-04-22,Travel,344.0,Paid electricity bill 
,Rent,6739.0,Netflix subscription
08-06-19,Food,475.0,Paid electricity bill
May 23 2022,RRent,439.0,Dinner at resto
02/16/2020,Food,306.0,Course fee
08/13/2022,Food,270.0,Course fee
2019-02-02,Utilities,1562.0,HnlBnYN8
2019-02-27,Food,6424.0,Dinner at resto via app
05/23/2021,Utilities,13.0,Monthly rent
2021-08-11,Food,195.0,Gift
2020-04-13,Entertainment,498.0,Salary
2022-01-11,Food,4199.0,Grocery shopping
,Rent,1253.0,Paid electricity bill
07/31/2020,Travel,510.0,Monthly rent cash
30-04-20,Oter Income,60434.0,Dinner at resto
28-11-22,RRent,54.0,Gift
31-12-22,Travel,60.0,Uber to office
January 10 2022,Savings,224.0,Salary
01/29/2022,Food,271.0,Uber to office
August 27 2021,Food,380.0,Gift cash
06/01/2019,Food,547.0,Doctor visit via app
02/14/2021,Rent,3216.0,Grocery shopping
25-11-22,Travel,51.0,Doctor visit
2020-01-30,Food,1318.0,Paid electricity bill
January 11 2021,Education,796.0,Dinner at resto cash
March 20 2020,Other Income,42309.0,Uber to office
08-07-21,Rent,910.0,Monthly rent
12/01/2019,Rent,387.0,3U48WCgWvpVi
16-03-20,Other Income,56961.0,Grocery shopping
10/31/2022,Entertainment,205.0,Grocery shopping late
12/21/2022,Food,1094.0,Paid electricity bill
2019-10-11,Bonus,61712.0,Paid electricity bill cash
December 12 2021,Rent,638.0,Grocery shopping via app
2021-03-27,Food,,Paid electricity bill
11/25/2019,Food,152.0,Gift
09-04-19,Foood,2129.0,Course fee
01/08/2021,Rent,918.0,Monthly rent
08/21/2020,Food,1622.0,Gift
07/25/2020,Rent,433.0,Paid electricity bill
September 02 2019,Food,360.0,Course fee late
2019-12-10,Food,1029.0,Grocery shopping
2020-02-29,Food,134.0,Course fee
2019-03-07,Food,118.0,Course fee
01/30/2020,Rent,2622.0,Netflix subscription
2021-03-02,Food,884.0,Salary
05/29/2019,Utilities,223.0,Doctor visit
03/06/2021,Othre Income,42658.0,Course fee
March 10 2021,Food,120.0,Monthly rent cash
09/20/2021,Food,658.0,Course fee
2022-03-08,Entertainment,4811.0,Gift via app
10/24/2020,Food,1742.0,Dinner at resto 
20-06-22,Entertainment,1601.0,Gift via app
11/17/2019,Bonus,42619.0,Doctor visit
03-09-22,Salary,64261.0,Doctor visit cash
18-09-22,Savings,211.0,Dinner at resto
05/18/2022,Travle,96.0,Course fee
02/17/2020,Food,904.0,Netflix subscription
2019-04-06,Others,668.0,Uber to office
03/30/2021,Rent,135.0,Gift
2021-03-29,Food,532.0,Paid electricity bill late
2021-08-13,Utilities,107.0,Gift
February 19 2019,Entertainment,242.0,Paid electricity bill
January 09 2019,Food,450.0,Gift
07-12-19,Bonus,34067.0,Dinner at resto
2021-04-17,Rent,113.0,Grocery shopping
November 08 2021,Other Income,51991.0,Doctor visit
,Travel,529.0,Salary
October 14 2021,Education,246.0,Salary
December 24 2019,Food,766.0,ujSgBw0L0eydUCC
31-12-19,Food,189.0,Salary cash
09-05-19,Salary,35553.0,Course fee
2022-01-12,Savings,500.0,Salary
01/19/2019,Salary,17976.0,Doctor visit
January 12 2020,Rent,197.0,Gift
07/08/2022,Food,146.0,Gift via app
11/04/2022,Rent,690.0,Netflix subscription cash
14-06-22,Health,1452.0,Netflix subscription
23-08-20,Entertainment,141.0,Doctor visit
March 13 2020,Others,21.0,Doctor visit
2020-11-30,Rent,89.0,Monthly rent 
10/25/2019,Travel,382.0,Salary late
2021-10-28,Food,44.0,Dinner at resto
01-06-19,Food,841.0,Grocery shopping
2019-11-17,Utilities,1755.0,Netflix subscription
04/29/2019,Travel,99.0,Uber to office 
,Entertainment,125.0,AmmNOvDGf
06/24/2022,Rent,276.0,Paid electricity bill 
24-12-19,Rent,65.0,Dinner at resto
2022-08-22,Food,89.0,Salary cash
June 28 2019,Entertainment,2870.0,Doctor visit via app
13-07-20,Travel,114.0,Uber to office
2021-05-31,Salary,70303.0,Dinner at resto
13-11-19,Savings,63.0,Netflix subscription late
25-06-20,Savings,641.0,Paid electricity bill cash
2019-01-16,Salary,37473.0,Uber to office
12/31/2020,Rent,556.0,Salary via app
09/19/2020,Other Income,70219.0,Uber to office
11-06-20,Utilities,345.0,Dinner at resto
04-03-20,Others,102.0,Uber to office
01/04/2022,Salary,39236.0,Salary late
2020-05-08,Bonus,65918.0,Paid electricity bill
08/28/2021,Rent,89.0,Gift late
September 30 2019,Food,1723.0,Salary
12/28/2021,Utilities,1118.0,Paid electricity bill
August 13 2022,Entertainment,645.0,Salary
2021-07-09,Food,92.0,Dinner at resto
07/08/2019,Bonus,79924.0,Gift
2022-06-13,Rent,104.0,Grocery shopping
06-04-22,Bonus,102187.0,Grocery shopping late
November 21 2022,Travel,95.0,Gift via app
September 28 2020,Food,19.0,Grocery shopping late
August 23 2019,Others,85.0,Uber to office
08/01/2019,Food,145.0,Doctor visit
May 02 2022,Utlities,678.0,Grocery shopping late
25-04-22,Food,330.0,CrKsOUjxnwPwS
05/03/2021,Entertainment,996.0,Course fee
01/08/2020,Utilities,867.0,Uber to office
24-10-21,Food,296.0,Gift late
20-01-21,Rnet,,Gift
2022-05-11,Rent,1772.0,Netflix subscription
2020-04-27,Food,572.0,Gift
2021-09-28,Savings,1372.0,Doctor visit
30-04-20,Other Income,50533.0,Paid electricity bill
13-06-21,Rent,16.0,Salary late
27-09-19,Salary,55185.0,Gift
July 30 2022,Health,374.0,Dinner at resto
2022-09-05,Other Income,53528.0,Monthly rent
31-01-20,Rent,292.0,Course fee
06/07/2020,Other Income,51948.0,Monthly rent
01-12-21,Entertainment,362.0,Doctor visit
2021-05-08,Savings,563.0,Dinner at resto
03/05/2022,Rent,1551.0,Monthly rent
2019-12-21,Others,164.0,Salary 
04/25/2019,Salary,83599.0,D9cMowZZJSgboilH
March 17 2019,Salary,68355.0,Monthly rent 
2022-09-12,Utilities,,Doctor visit
23-02-20,Food,1907.0,Netflix subscription
2021-11-17,Rent,243.0,Course fee
2019-07-16,Food,910.0,Grocery shopping
10/08/2022,Entertainment,461.0,Gift cash
September 21 2021,Entertainment,410.0,Dinner at resto
05/19/2019,Travel,486.0,Dinner at resto
February 24 2019,Food,,Grocery shopping
20-05-21,Food,273.0,Dinner at resto via app
July 30 2019,Rent,436.0,U8Bx6ukO
10/16/2022,Rent,68.0,Course fee
2021-02-22,Food,379.0,Monthly rent
December 19 2020,Utilities,4251.0,Doctor visit cash
08/13/2022,Food,718.0,Course fee
March 06 2019,Rent,226.0,Doctor visit
September 06 2020,Food,625.0,yq9HqfcXg
,Travel,277.0,Grocery shopping late
07/10/2020,Food,,Gift
2020-05-25,Food,1075.0,Monthly rent
30-06-19,Food,277.0,Grocery shopping
2019-03-07,Rent,220.0,QS93cuZn
07/20/2021,Rent,954.0,Monthly rent
24-03-19,Food,415.0,mYt7bhkYRo
08/16/2021,Food,50.0,Grocery shopping
08/13/2019,Salary,45508.0,Dinner at resto
09/29/2022,Food,347.0,Paid electricity bill
07/15/2020,Rent,258.0,Course fee
2020-07-22,Others,8372.0,Netflix subscription
06/23/2021,Entertainment,104.0,Paid electricity bill
April 04 2019,Food,116.0,Monthly rent via app
30-10-22,Rent,261.0,Netflix subscription
March 11 2021,Utilities,907.0,Dinner at resto cash
,Health,313.0,Salary
04/20/2019,Rent,401.0,Dinner at resto
10/15/2021,Otherss,748.0,Netflix subscription
21-11-22,Travel,812.0,Doctor visit
24-02-20,Bonus,74166.0,Netflix subscription
10/27/2019,Travel,171.0,Gift
01/02/2022,Food,144.0,Paid electricity bill
02/25/2020,Others,1808.0,Salary cash
March 10 2020,Rent,60.0,Uber to office late
2020-11-28,Food,289.0,Course fee via app
2021-11-19,Food,33.0,Grocery shopping late
April 18 2022,Rent,969.0,JBPK5ZF9
February 04 2020,Travel,965.0,Doctor visit
August 31 2022,Education,833.0,Dinner at resto
2020-06-17,Entertainment,1046.0,Doctor visit
2022-02-18,Trvael,629.0,Doctor visit
08/26/2021,Savings,102.0,Monthly rent
02/13/2019,Rent,282.0,Dinner at resto 
May 29 2022,Food,98.0,Dinner at resto late
2020-08-29,Food,1111.0,Doctor visit
2019-09-07,Rent,569.0,Paid electricity bill 
05/03/2022,Others,327.0,Salary 
05/27/2022,Bonus,61278.0,Gift
03-07-22,Utilities,784.0,Monthly rent
2021-06-21,Travel,89.0,Grocery shopping
22-01-20,Food,834.0,EsNVxYGSk3aiOgsMNNZh
2022-03-15,Salary,64437.0,Gift
2020-04-19,Salary,61736.0,Salary late
02-09-21,Travel,221.0,Doctor visit
2019-11-09,Rent,231.0,Uber to office
2021-03-19,Travel,1164.0,Grocery shopping
2021-02-07,Food,374.0,Netflix subscription
27-04-22,Food,340.0,Gift
March 16 2021,Food,1609.0,Netflix subscription via app
02/19/2022,Utilities,285.0,h4CPasRTa1CzQdPKRQe
2019-05-22,Entertainment,840.0,Grocery shopping
11/03/2021,Rent,999.0,Gift 
May 10 2021,Travel,611.0,Dinner at resto
01-09-21,Ohters,291.0,Monthly rent late
September 10 2022,Education,28.0,Grocery shopping late
10/09/2020,Rent,115.0,Gift via app
24-12-22,Others,123.0,Dinner at resto
14-09-21,Salary,50306.0,Doctor visit
,Travel,823.0,Monthly rent
25-05-22,Entertainment,74.0,Gift
01/27/2019,Utilities,171.0,Paid electricity bill
21-07-20,Rent,350.0,Dinner at resto
14-03-19,Food,134.0,Netflix subscription
10/04/2021,Food,234.0,Uber to office 
04/24/2021,Bonus,65086.0,Netflix subscription
04-04-20,Food,1580.0,Netflix subscription
2020-11-25,Utilities,235.0,tJZjxeZfMxNcGO
2019-02-05,Rent,1149.0,Course fee
07-05-21,Bonus,75882.0,Doctor visit
January 10 2020,Food,73.0,Netflix subscription
12/12/2019,Rent,1531.0,Dinner at resto
08/22/2022,Utilities,1491.0,Salary
17-07-21,Entertainment,474.0,Grocery shopping
04/17/2021,Entertainment,1942.0,fttvQQxvFzQ9cMp74
04-05-19,Entertainment,801.0,Salary 
August 03 2022,Travel,343.0,Uber to office
14-07-22,Travel,1317.0,Gift
04/18/2020,Rent,133.0,Uber to office
2019-04-01,Rent,1299.0,Dinner at resto
23-06-20,Travel,38.0,k4YHvl2cicLG
04/04/2022,Rent,1540.0,Grocery shopping
2021-07-05,Food,1706.0,iVGBmTI2MiU1KpK
,eRnt,51.0,Course fee
November 17 2022,Rent,912.0,Netflix subscription 
12/14/2022,Education,134.0,Paid electricity bill via app
2020-05-08,Food,-818.0,Doctor visit
08/31/2020,OOthers,199.0,Salary
2020-09-28,Other Income,25832.0,Doctor visit
2020-06-12,Rent,2265.0,Paid electricity bill 
07/29/2022,Utilities,969.0,xRpxGLQGDJpYMJQC
2022-07-20,Rent,158.0,Monthly rent
09/09/2021,Rent,433.0,Monthly rent 
2020-04-27,Entertainment,40.0,Uber to office
11/27/2019,Food,780.0,Monthly rent
26-08-19,Entertainment,174.0,Monthly rent
2019-05-24,Food,179.0,Grocery shopping
August 18 2022,Food,52.0,Dinner at resto
2020-12-03,Food,785.0,Doctor visit
2021-05-29,Food,903.0,Uber to office via app
2020-07-31,Travel,1065.0,Gift
18-09-22,Food,37.0,Uber to office
2019-04-15,Food,5797.0,Dinner at resto
01/11/2021,Food,254.0,Doctor visit
September 23 2019,Rent,359.0,Gift
May 06 2020,Entertainment,851.0,Dinner at resto
April 20 2020,Entertainment,877.0,Uber to office
05/30/2022,Entertainment,10196.0,Netflix subscription
06/08/2020,Salary,42212.0,Paid electricity bill
10-08-21,Othre Income,73884.0,Salary
05/30/2021,Rent,197.0,Doctor visit
29-11-21,Savings,197.0,Course fee
05/13/2020,Salary,37788.0,Grocery shopping
May 31 2021,Utilities,72.0,Gift via app
2020-02-03,Rent,923.0,Grocery shopping
October 31 2020,Education,32.0,Uber to office
2022-08-02,Entertainment,223.0,Paid electricity bill late
2021-05-15,Salary,63755.0,Course fee
12/05/2022,Rent,578.0,Uber to office late
January 11 2022,Rent,505.0,Monthly rent
April 13 2020,Food,244.0,Monthly rent
October 05 2022,Rent,770.0,Dinner at resto via app
February 03 2021,Food,272.0,Gift 
February 12 2021,Salary,64546.0,Uber to office
2020-10-07,Food,219.0,Monthly rent
28-10-20,Rent,228.0,Monthly rent
2020-02-10,Food,412.0,Gift
04/10/2022,Travel,411.0,Uber to office
29-10-21,Salary,64204.0,Course fee
07-12-19,Bonus,34067.0,Dinner at resto
2022-08-26,Salary,40042.0,Dinner at resto
2022-02-12,Food,2074.0,Gift
2021-06-30,Other Income,55797.0,Monthly rent
17-09-20,Salary,43405.0,Monthly rent
01/14/2022,Travel,621.0,Monthly rent
24-07-22,Bonus,62028.0,Grocery shopping
2022-07-20,Salary,63835.0,Doctor visit 
12/19/2019,Travel,474.0,hP7lZSougAqlHRG
11-10-21,Rent,7197.0,Netflix subscription
2019-02-16,Utiilties,128.0,Monthly rent
15-04-20,Food,241.0,Doctor visit
May 21 2022,Utilities,114.0,Monthly rent 
March 27 2020,Travel,456.0,Netflix subscription via app
September 26 2021,Rent,251.0,Netflix subscription
07/03/2022,Other Income,64618.0,Salary
,Entertainment,120.0,Doctor visit via app
10-01-19,Savings,163.0,Gift
,Others,656.0,Netflix subscription
2020-03-05,Bonus,46849.0,Gift
September 20 2020,Food,438.0,Doctor visit
2021-11-19,Food,152.0,Doctor visit 
11/29/2022,Food,456.0,Uber to office
05/28/2020,Travel,237.0,Doctor visit via app
June 18 2021,Utilities,202.0,Uber to office
August 11 2020,Slaary,38406.0,Uber to office
04/18/2020,Food,2995.0,Salary late
January 29 2022,Salary,68790.0,Doctor visit
2021-04-03,Food,864.0,Uber to office via app
02/14/2019,Rent,1140.0,Dinner at resto
23-12-21,Food,1099.0,Netflix subscription
12/20/2020,Travel,161.0,Gift
25-09-22,Utiliteis,133.0,Monthly rent
2019-10-13,Bonus,68555.0,Uber to office cash
09-03-19,Rent,416.0,Netflix subscription
February 12 2020,Entertainment,627.0,Grocery shopping
25-03-19,Savings,375.0,Course fee via app
03-05-20,Rent,283.0,Course fee
21-04-19,Food,111.0,Doctor visit
07/04/2022,Rent,350.0,Salary
07/18/2019,Food,260.0,Netflix subscription
07/19/2020,Entertainment,1153.0,Gift
2020-04-05,Food,371.0,Salary
,Utilities,969.0,WCB3sGGhgCh
01/09/2019,Others,2112.0,Dinner at resto late
July 08 2020,Food,2809.0,Grocery shopping 
,Other Income,47041.0,Course fee
May 18 2020,Rent,155.0,Grocery shopping late
27-03-19,Food,163.0,Doctor visit
2020-02-10,Entertainment,154.0,B6YsY1d27U86s4H
14-12-21,Entertianment,826.0,Grocery shopping
December 16 2022,Food,606.0,Paid electricity bill cash
August 01 2022,Travel,559.0,Doctor visit via app
December 05 2019,Rent,258.0,Paid electricity bill
10-01-19,Bonus,84929.0,Uber to office
2022-02-11,Education,10499.0,Grocery shopping
November 10 2022,Salary,65639.0,Doctor visit
2021-12-06,Rent,350.0,Uber to office
August 02 2020,Rent,48.0,Netflix subscription
2022-07-26,Rent,245.0,Doctor visit via app
25-02-19,Savings,1121.0,Doctor visit late
09/30/2021,Rent,1487.0,Monthly rent
04/24/2022,Rent,156.0,Netflix subscription late
May 28 2019,Entertainment,590.0,Grocery shopping
07/08/2022,Rent,31.0,Course fee 
2019-07-14,Travel,462.0,Doctor visit via app
October 09 2021,Rent,215.0,Salary
2021-08-04,Rent,1827.0,Uber to office
12-05-22,Rent,232.0,Paid electricity bill
06/17/2022,Rent,774.0,Grocery shopping
2022-03-28,Entertainment,200.0,Netflix subscription 
February 20 2019,Entertainment,584.0,Monthly rent
2021-04-11,Rent,697.0,Uber to office late
08/30/2020,Utilities,165.0,Gift
01-07-20,Bonus,41848.0,Paid electricity bill
11/11/2022,Entertainment,222.0,Dinner at resto
21-10-19,Rent,222.0,Salary
09-08-20,Rent,163.0,Monthly rent late
08/20/2021,Travel,1353.0,nnip0z1Fr1N2
2019-01-24,Rent,150.0,Netflix subscription
10/01/2021,Food,455.0,UYhXjUb9QBoWlWeOgC
09/08/2021,Rent,1087.0,Paid electricity bill late
2021-06-10,Rent,211.0,Netflix subscription
11/12/2020,Food,384.0,Netflix subscription
September 17 2020,Rent,23.0,Netflix subscription 
2020-09-18,Food,2363.0,Course fee
01-07-20,Food,768.0,Gift
01/01/2021,Food,147.0,Uber to office
01/28/2022,Rent,259.0,Grocery shopping 
08/15/2022,Other Income,44585.0,Dinner at resto
January 11 2019,Bonus,54080.0,Dinner at resto
02-06-22,Food,72.0,Dinner at resto
2020-12-04,Food,6602.0,Netflix subscription
,Food,3002.0,Course fee
28-12-22,Food,247.0,Monthly rent
09/24/2019,Food,878.0,Paid electricity bill
2021-09-08,Rent,114.0,Paid electricity bill
03/25/2020,Entertainment,11.0,Uber to office
02/22/2022,Food,264.0,Doctor visit via app
2020-12-25,Food,705.0,Monthly rent cash
2019-08-19,Rent,967.0,Netflix subscription via app
March 01 2022,Food,134.0,Paid electricity bill 
06/01/2021,Food,212.0,Salary
05-07-19,Other Income,56821.0,Netflix subscription
03-10-19,Food,499.0,Dinner at resto
November 20 2019,Rent,2104.0,Paid electricity bill late
03/21/2022,Travel,1051.0,Salary late
10/24/2020,Food,41.0,Monthly rent
2019-08-28,Food,332.0,Doctor visit
2019-06-10,Education,107.0,Salary cash
03/25/2019,Rent,1521.0,Netflix subscription
06/08/2020,Entertainment,242.0,Monthly rent late
09/14/2022,Rent,6107.0,Gift via app
04-08-21,Food,610.0,Salary late
2021-09-04,Bonus,50214.0,Monthly rent
05/06/2022,Food,712.0,Grocery shopping 
11/14/2021,Travel,102.0,Gift via app
2019-01-03,Food,109.0,Grocery shopping 
2019-07-09,Education,,Doctor visit
2022-08-06,Food,660.0,Doctor visit
12/25/2022,Rent,365.0,Gift
26-08-22,Food,486.0,Grocery shopping
2020-11-22,Other Income,87935.0,2WiyvVlqRSa
08/29/2019,Entertainment,189.0,Dinner at resto
05/20/2019,Savings,561.0,Netflix subscription
04/21/2022,Education,1634.0,vLRs1x51T
July 12 2022,Fodo,1325.0,0QM1FKSv5
2022-07-15,Savigs,538.0,Course fee
02-02-21,Utilities,305.0,Gift
03/23/2022,Food,281.0,Uber to office
,Rent,101.0,Course fee
2020-10-12,Rent,921.0,Grocery shopping
10-07-21,Bonus,47862.0,Monthly rent
06/18/2021,Rent,1076.0,Monthly rent
21-02-19,Rent,1258.0,Gift
2020-05-25,Other Income,60185.0,Monthly rent
27-06-21,Travel,111.0,Monthly rent
August 02 2022,Health,173.0,Doctor visit late
12/22/2019,Travel,309.0,Dinner at resto late
03-02-21,Utilities,151.0,Salary
12-07-21,Others,68.0,Gift 
2020-10-16,Rent,36.0,Doctor visit late
02/01/2021,Salary,28272.0,Course fee
March 09 2021,Utilities,5818.0,Uber to office
2021-06-07,Entertainment,2114.0,Monthly rent
September 02 2019,Enteratinment,289.0,Monthly rent
,Foood,181.0,Monthly rent
20-08-20,Utilities,122.0,b4VamyGx
02/12/2020,Rent,,Netflix subscription
2019-10-05,Savings,121.0,Salary
03/03/2021,Rent,428.0,Paid electricity bill
09/08/2022,Traveel,629.0,Dinner at resto
23-06-22,Rent,593.0,Monthly rent
05/01/2021,Food,367.0,Gift late
10/23/2022,Food,1438.0,qox6Eae4dXYr7
2022-11-03,Food,249.0,Paid electricity bill
18-12-19,Salary,35479.0,Salary 
04/01/2022,Food,1779.0,Grocery shopping
2021-10-27,Rent,1956.0,Gift
2021-01-27,Food,1984.0,Salary via app
08/13/2019,Savings,719.0,Netflix subscription
September 29 2019,Bnous,46068.0,Monthly rent
2019-11-14,Travel,456.0,Doctor visit 
02/05/2020,Food,5867.0,Gift 
2021-03-27,Education,87.0,Doctor visit
08/17/2019,Food,1025.0,Uber to office
December 24 2019,Utilities,494.0,Monthly rent
10/24/2020,Food,1690.0,Gift
November 11 2019,Food,524.0,Dinner at resto late
02/22/2022,Food,264.0,Doctor visit via app
30-07-20,ood,129.0,Netflix subscription
10/04/2019,Savings,82.0,Doctor visit
2020-10-03,Utilties,47.0,Course fee 
December 13 2019,Rent,1707.0,Dinner at resto
27-04-19,Entertainment,2352.0,Dinner at resto late
11/29/2022,Travel,191.0,Course fee
02/27/2020,Travel,102.0,Course fee
23-04-19,Rent,615.0,Grocery shopping via app
29-07-21,Others,1338.0,lb5YKYVgSCslha
,Utilities,1178.0,Netflix subscription
July 05 2021,Food,2192.0,Paid electricity bill
November 05 2021,Food,1000.0,Uber to office
2020-06-07,Health,65.0,Doctor visit via app
12/23/2022,Food,1823.0,Uber to office
06/19/2021,Food,3537.0,Gift via app
2019-04-02,Bonus,45883.0,Course fee cash
2019-06-14,Other Income,92015.0,Netflix subscription
2021-05-10,Food,30.0,Dinner at resto 
07/16/2021,Utilities,203.0,Paid electricity bill
2020-08-06,Food,902.0,Gift via app
01/22/2019,Other Income,35763.0,Dinner at resto
11/06/2021,Rent,219.0,Gift
06/18/2020,Other Income,73484.0,Netflix subscription
2021-12-12,Rent,153.0,Monthly rent
2020-11-18,Rent,2068.0,Dinner at resto
November 21 2020,Food,406.0,Dinner at resto
February 19 2019,Educatioon,797.0,Dinner at resto
17-11-21,Food,57.0,Salary
April 14 2022,Utilities,236.0,Monthly rent
2022-08-30,Bonus,36666.0,Dinner at resto late
13-09-22,Rent,363.0,Uber to office via app
2022-09-08,Rent,204.0,Course fee via app
2020-02-06,Others,225.0,Grocery shopping 
10/05/2022,Salary,60559.0,Grocery shopping late
2021-12-13,Rent,418.0,Course fee
08/11/2020,Salary,48703.0,Netflix subscription
06/29/2021,Travel,337.0,Paid electricity bill
30-10-22,Rent,125.0,Gift cash
30-09-20,Food,351.0,Paid electricity bill
February 09 2021,Entertainment,1009.0,Paid electricity bill late
09/07/2022,Food,289.0,Course fee
25-11-19,Health,243.0,Paid electricity bill
2019-09-07,Utilities,1042.0,Netflix subscription
2019-05-20,Bonus,63824.0,Salary
06-03-19,Food,109.0,Salary 
January 26 2021,Food,67.0,Netflix subscription
January 17 2020,Food,2025.0,Netflix subscription
June 21 2020,Food,442.0,Doctor visit cash
08-02-19,Food,1808.0,Gift
April 20 2022,Rent,2196.0,Doctor visit
05/24/2019,Rent,104.0,Paid electricity bill via app
14-11-19,Rent,176.0,Paid electricity bill
16-02-19,Rent,1287.0,Gift
04/12/2020,Travel,92.0,Grocery shopping
07/17/2020,Fod,101.0,Dinner at resto
04-11-21,Rent,1014.0,Grocery shopping
15-06-20,Entertainment,246.0,Monthly rent
,Rent,2018.0,Uber to office
May 29 2020,Bonus,58237.0,MC4aK1kor4QMfJj
December 11 2019,Other Income,55619.0,Netflix subscription
10/17/2020,Food,449.0,Course fee
12/13/2020,Utilities,1905.0,Paid electricity bill cash
28-07-19,Bonus,69159.0,Doctor visit late
07/11/2020,Bonus,55666.0,Gift
2022-11-18,Food,1415.0,Uber to office
2021-09-21,Travel,174.0,Course fee
12/10/2020,Others,484.0,Netflix subscription cash
06-04-20,Others,73.0,Monthly rent
March 27 2019,Rent,867.0,Monthly rent late
August 20 2019,Bonus,64905.0,Paid electricity bill
08/13/2019,Savings,719.0,Netflix subscription
2020-11-13,Rent,1304.0,Monthly rent late
15-01-19,Others,2514.0,Salary
2022-06-12,Rent,268.0,Paid electricity bill
01/24/2020,Bonus,63574.0,Gift
2019-08-14,Food,270.0,Grocery shopping
December 21 2022,Rent,970.0,Uber to office
02/10/2022,Food,968.0,1IOylMr7TFqPaKp3
August 20 2019,Rent,665.0,Monthly rent
08-08-20,Others,297.0,Dinner at resto cash
2020-03-03,Rent,423.0,Salary via app
2022-07-26,Bonus,59694.0,Salary via app
07/25/2019,Food,911.0,Uber to office
2021-08-28,Rent,6374.0,Grocery shopping
08/24/2020,Utilities,568.0,Salary
16-12-22,Utilities,1185.0,Salary
20-07-21,Entertainment,275.0,Course fee
04/27/2019,Health,242.0,Uber to office
03/10/2020,Rent,754.0,Uber to office
13-09-19,Other Income,69296.0,Monthly rent
16-09-20,Travel,503.0,Salary 
22-09-22,Utilities,174.0,Paid electricity bill
08/06/2021,Health,512.0,Grocery shopping
2022-10-06,Rent,2599.0,Grocery shopping via app
06/13/2022,Rent,764.0,Dinner at resto late
2020-06-14,Food,537.0,Monthly rent
11/18/2022,Food,66.0,Course fee
2019-06-12,Savings,478.0,Uber to office
29-08-19,Travel,857.0,Grocery shopping
14-12-22,Savings,612.0,Dinner at resto
10/30/2020,Food,336.0,Gift
03/31/2021,Bonus,67088.0,Uber to office
March 28 2021,Food,603.0,Dinner at resto late
February 07 2019,Travel,248.0,Course fee late
05/23/2022,Utilities,208.0,9wtF81FbW
April 08 2020,Entertainment,78.0,Paid electricity bill
10-07-20,Food,620.0,Uber to office
July 20 2019,Rent,167.0,Uber to office
2020-07-06,Bonus,55498.0,bxlzNOGooZzJ
2021-07-09,Food,4532.0,Doctor visit
February 11 2022,Travel,551.0,Gift cash
21-07-22,Rent,235.0,Paid electricity bill 
28-01-20,Travel,159.0,Dinner at resto
04/27/2022,Rent,523.0,Doctor visit
19-08-21,Other Income,52753.0,Grocery shopping
2022-12-17,Bonus,57505.0,Paid electricity bill
2020-06-22,Other Income,51741.0,Uber to office
01/19/2020,Food,361.0,Paid electricity bill cash
29-12-19,Travel,92.0,Gift cash
11-01-20,Other Income,40188.0,Paid electricity bill 
2019-11-19,Utilities,693.0,Netflix subscription
May 13 2022,Utilities,243.0,Dinner at resto cash
21-07-21,Food,144.0,eAXTlq81D6C2k2CpyjP
2021-09-07,Bonus,30462.0,Salary
12/13/2019,Food,305.0,Paid electricity bill
19-04-22,Food,337.0,Salary
2020-08-02,Rent,1558.0,Paid electricity bill
05/28/2021,Rent,627.0,Monthly rent cash
01-12-19,Food,378.0,Monthly rent
30-12-22,Food,738.0,gNL9JvBHC8L
July 25 2020,Rent,222.0,Salary
July 09 2019,Other Income,65632.0,Monthly rent 
November 20 2020,Utilities,549.0,Netflix subscription
11/07/2022,Bonus,83428.0,Netflix subscription late
2021-10-30,Food,456.0,Uber to office cash
08-02-19,Utilities,741.0,Gift
,Rent,353.0,Netflix subscription
2021-01-13,Utilities,503.0,3QtnR21b5TN1kmAJ1i
24-01-21,Rent,353.0,Netflix subscription
14-12-22,Food,505.0,Netflix subscription 
2022-08-06,Utilities,629.0,Salary
01/20/2020,Other Income,58150.0,Gift
December 13 2021,Travel,1684.0,Course fee
April 03 2021,Salary,59544.0,Dinner at resto
06/24/2021,Utilities,512.0,Netflix subscription
09/15/2021,Other Income,41545.0,Gift
01-04-22,Entertainment,611.0,Gift
2020-07-01,Savings,1106.0,Gift
01/23/2020,Rent,141.0,Dinner at resto
2020-11-04,Other  Income,68008.0,Netflix subscription
02/23/2019,Rent,225.0,Doctor visit
17-05-19,Food,352.0,Monthly rent
December 18 2021,Utilities,299.0,GIb01vW1sjplv
07/09/2019,Bonus,39093.0,Gift
2021-12-03,Others,1088.0,Netflix subscription
11/19/2020,Savings,624.0,Dinner at resto
February 24 2021,Other Income,55548.0,Netflix subscription
06/05/2022,Travel,1470.0,Paid electricity bill 
2022-08-11,Food,227.0,Course fee
2019-05-03,Food,68.0,Monthly rent
2021-06-26,Bonus,47496.0,Grocery shopping cash
08-06-19,Bonus,84395.0,Gift
03-01-22,Entertainment,1445.0,Netflix subscription
03/25/2020,Rent,1513.0,Salary 
19-11-21,Bonus,60821.0,Gift
05/02/2022,Food,1640.0,Course fee
06/05/2019,Rent,96.0,Salary
November 29 2020,Entertainment,755.0,Salary
2022-11-05,Travel,548.0,Netflix subscription
11-08-21,Bonus,80553.0,xCNm34O22X
22-06-22,Utilities,293.0,Netflix subscription via app
June 09 2020,Utilities,898.0,Monthly rent
2019-12-03,Rent,97.0,Dinner at resto via app
2020-10-16,Food,1751.0,Grocery shopping
14-01-20,Travel,3116.0,Monthly rent cash
22-07-19,Food,1332.0,Dinner at resto
20-04-22,Other Income,65276.0,Grocery shopping
06/23/2020,Travel,997.0,Grocery shopping
September 02 2019,Travel,653.0,Gift
,Utilities,2754.0,Doctor visit
2021-04-23,Utilities,538.0,Doctor visit
2020-10-26,Entertainment,2334.0,Course fee
08-02-20,Salary,85388.0,Course fee
2021-03-27,Utilities,88.0,Paid electricity bill
10/29/2020,Utilities,465.0,Gift
17-05-21,Savings,1146.0,Paid electricity bill via app
25-09-20,Utilities,691.0,Salary
March 20 2019,Food,-477.0,Netflix subscription
2022-06-07,Entertainment,-231.0,Netflix subscription
22-03-21,Food,502.0,Doctor visit
2019-07-26,Education,35.0,Grocery shopping via app
09/14/2020,Rent,168.0,Dinner at resto cash
2020-05-12,Travel,112.0,Grocery shopping
2019-11-20,Utilities,1924.0,Paid electricity bill
02/01/2020,Travel,401.0,Netflix subscription
2022-08-22,Rent,667.0,qwSnTKDLGCofHf
2021-12-09,Utilities,42.0,Gift
02-10-22,Entertaimnent,389.0,Uber to office
06/11/2019,Food,312.0,Gift
March 24 2022,ravel,153.0,Paid electricity bill
09/25/2022,Savings,412.0,hb5dKJpX0
2022-02-14,Others,201.0,Dinner at resto
July 04 2020,Food,248.0,Dinner at resto
28-10-20,Rent,,Uber to office
01/01/2019,Rent,91.0,whnSeeESjiynE
May 26 2021,Food,349.0,Doctor visit
10-07-20,Utilities,203.0,Uber to office
,Travel,10905.0,Paid electricity bill late
2019-03-11,Food,81.0,Doctor visit 
23-04-21,Other Income,75233.0,Dinner at resto cash
11-08-19,Entertainment,69.0,Monthly rent cash
2019-06-24,Utilities,187.0,Netflix subscription
2021-01-19,Rent,359.0,Dinner at resto
12/29/2020,Other Income,66348.0,Dinner at resto
01/25/2022,Travel,246.0,Gift via app
12/25/2020,Rent,320.0,w1PNrLiEy7BM
10/03/2021,Food,110.0,aLZgEAJ5cUbI
14-06-19,Salary,42402.0,NCfoTrLKgl0
07/29/2020,Rent,638.0,Grocery shopping
27-10-20,Bonus,56787.0,Gift 
2020-01-24,Health,841.0,Course fee cash
10/16/2019,Utilities,475.0,hz8t3ESzXfNkIBq6sUW
November 05 2019,Food,272.0,Monthly rent
2022-12-30,Others,971.0,Doctor visit
24-12-22,Rent,653.0,Course fee
01-02-22,Other Incoome,57199.0,Iql4I75MrwwNIKK2Y
08/17/2021,Travel,2139.0,Grocery shopping cash
15-01-20,Travel,191.0,Dinner at resto late
2022-11-29,Health,155.0,Salary
10/01/2020,Travel,164.0,Dinner at resto
May 07 2021,Food,525.0,Grocery shopping
15-09-22,Rent,425.0,Gift cash
23-11-20,Education,455.0,Paid electricity bill
2020-11-19,Entertainment,308.0,Grocery shopping
2021-01-18,Rent,81.0,Paid electricity bill
07/14/2021,Education,111.0,Grocery shopping via app
2021-09-13,Rent,154.0,Netflix subscription
02/15/2022,Rent,71.0,Grocery shopping
August 01 2020,Food,392.0,Uber to office
17-05-19,Other Income,62284.0,Dinner at resto 
28-05-19,Food,38.0,Course fee 
13-11-22,Savings,75.0,Dinner at resto
2021-03-19,Rent,67.0,Monthly rent cash
03/31/2022,Utilities,485.0,Salary
10-08-21,Utilities,2545.0,Dinner at resto
,Rent,214.0,Uber to office
04/03/2022,Salary,49273.0,Salary
20-06-19,Others,58.0,Salary
2021-06-23,Utilities,503.0,Doctor visit via app
06/16/2019,Utiliities,85.0,Grocery shopping cash
06/08/2019,Food,3802.0,Course fee via app
2020-02-22,Bonus,69871.0,Dinner at resto 
2019-05-18,Bonus,65602.0,Netflix subscription
2022-11-21,Travel,1668.0,Monthly rent 
November 28 2019,Travel,359.0,Bi9l5qrH8iR
20-06-22,Rent,186.0,Doctor visit
2020-02-06,Travel,119.0,Paid electricity bill 
August 16 2019,Other Income,69765.0,Dinner at resto
2022-06-29,Entertainment,75.0,Grocery shopping 
04-04-19,Food,310.0,Paid electricity bill
July 13 2020,Food,547.0,Grocery shopping
2021-04-17,Utilitiees,203.0,Dinner at resto cash
26-11-19,Bonus,68987.0,Paid electricity bill
2020-07-20,oFod,74.0,Monthly rent
07/23/2020,Bonus,65734.0,Netflix subscription
09/21/2019,Rent,640.0,VrVGixBF8MNYH
05/06/2021,Food,636.0,Dinner at resto
2019-07-23,Travel,251.0,Grocery shopping 
09/26/2022,Others,106.0,Paid electricity bill
04/30/2022,Food,195.0,Netflix subscription
,Entertainment,86.0,Salary
11/30/2022,Rent,359.0,Doctor visit
,Food,102.0,Doctor visit
07/07/2021,Others,103.0,Salary via app
2019-01-09,Rent,97.0,Gift
02/24/2021,Travel,152.0,Monthly rent 
02/23/2019,Food,220.0,Grocery shopping cash
21-05-19,Utilities,204.0,Doctor visit
10/23/2021,Food,,Course fee
2022-01-14,Food,287.0,Course fee
02/19/2021,Entertainment,563.0,Dinner at resto
03/17/2021,Travel,684.0,Paid electricity bill
08/26/2022,Entertainment,344.0,Gift
2019-03-06,Entertainment,514.0,Doctor visit cash
May 09 2022,Entertainment,304.0,Grocery shopping
03/07/2020,Food,105.0,Netflix subscription
24-08-20,Utilities,1460.0,Monthly rent via app
23-07-22,Entertainment,102.0,Doctor visit
28-10-22,Other Income,32204.0,Gift cash
07/02/2022,Rent,512.0,Course fee late
2021-06-29,Travle,292.0,Salary
2022-11-05,Savings,1225.0,Netflix subscription
07/18/2022,Utilities,327.0,Gift
07/22/2019,Others,5364.0,Uber to office via app
August 06 2020,Savings,554.0,Grocery shopping
2022-10-16,Other Income,52433.0,Gift
2021-08-04,Travel,224.0,Salary
20-07-22,Rent,127.0,Doctor visit
2021-10-13,Bonus,76938.0,Dinner at resto
12-04-22,Travel,392.0,Gift
05/01/2022,Food,250.0,Uber to office
17-11-21,Salary,92234.0,Uber to office
2020-02-12,eRnt,54.0,Grocery shopping
02-07-22,Utilities,694.0,Gift
2019-08-17,Entertainment,197.0,q8NvVCoSc
2021-06-26,Salary,33534.0,Monthly rent late
17-07-19,Food,609.0,Paid electricity bill
2021-01-18,Rent,480.0,Doctor visit
04-04-19,Bonus,71203.0,5NRpYHjRSKL
12/14/2021,Food,1731.0,Paid electricity bill
July 04 2021,Entertainment,643.0,Monthly rent 
2022-03-12,Food,1544.0,Dinner at resto 
November 09 2021,Rent,1015.0,Uber to office late
2020-08-14,Travel,392.0,Uber to office cash
03/26/2019,Rent,8424.0,Dinner at resto
10/12/2020,Food,1548.0,Salary
2020-01-11,Education,1931.0,Course fee
07-10-22,Rent,3267.0,Salary
02/28/2022,Rent,180.0,Paid electricity bill
2022-06-12,Utilities,24.0,9dPkbgHPBoEUv2
2020-04-01,Food,281.0,Monthly rent
11/28/2022,Salary,46797.0,Monthly rent
January 22 2021,Utilities,385.0,Salary
11/28/2019,Rent,1115.0,Paid electricity bill
07/21/2020,Food,152.0,7RAEXjV6Yt
2022-09-23,Rent,330.0,Gift
11/16/2022,Food,2832.0,Grocery shopping cash
02-04-20,Rent,666.0,Doctor visit 
2021-11-27,Other Income,67795.0,Dinner at resto
2022-12-01,Bonus,80996.0,nfwL2UuZTSSkbS
02/22/2019,Rent,-1007.0,Paid electricity bill 
September 15 2020,Food,152.0,Uber to office
03-12-19,Savings,54.0,Uber to office
27-08-22,Bonus,83511.0,Salary
01-06-19,Food,841.0,Grocery shopping
01/28/2020,Food,3820.0,Uber to office
02-09-21,Salary,37396.0,Doctor visit cash
07/25/2019,Fod,1166.0,Netflix subscription
2022-12-17,Food,503.0,Paid electricity bill
06/14/2020,Travel,75.0,Netflix subscription
10-10-22,Entertainment,297.0,Gift cash
01-09-21,Bonus,63527.0,Netflix subscription 
04-11-21,Education,329.0,Paid electricity bill
08/04/2019,Entertainment,331.0,qBgte4PaOo8IOcUxnXf1
2019-07-25,Rent,662.0,Monthly rent
2022-07-17,Travel,638.0,Netflix subscription
05/19/2022,Education,160.0,Course fee
07/03/2021,Bonus,47889.0,Grocery shopping
November 15 2020,Other Income,43722.0,Uber to office
2020-09-20,Entertainment,1396.0,Salary
20-10-21,Bonus,57175.0,Dinner at resto
October 10 2019,Savinngs,189.0,Course fee
2020-11-28,Rnt,146.0,Netflix subscription
2021-02-02,Utilities,725.0,Uber to office
15-02-22,Utilities,63.0,Gift
2019-02-18,Savings,1886.0,Paid electricity bill late
02/01/2019,Rent,70.0,Grocery shopping
20-12-22,Entertainment,246.0,Monthly rent
2021-12-05,Utilities,106.0,Doctor visit
28-01-21,Travel,328.0,3lyCsvYY9bVofbF
21-06-19,Travel,186.0,Dinner at resto
2019-02-04,Salary,52811.0,Doctor visit
,Utilities,190.0,Monthly rent
05/07/2019,Education,673.0,Uber to office late
2022-07-13,Rent,251.0,Dinner at resto via app
01/31/2019,Food,293.0,Uber to office cash
2020-01-05,Utilities,841.0,Grocery shopping
11-10-19,Education,2975.0,Monthly rent
19-03-20,Food,448.0,Netflix subscription
12/27/2021,Utilities,999999.0,Monthly rent cash
10/28/2019,Food,493.0,Salary via app
25-08-20,Food,1704.0,Grocery shopping 
02/17/2021,Food,,Monthly rent
10-12-21,Utilities,207.0,Course fee
April 04 2021,Food,410.0,Uber to office
09/06/2019,Food,849.0,JmBzI9RuSGfFJaiRnSr
12/02/2021,Travel,1646.0,Uber to office
10/30/2019,Education,303.0,Dinner at resto
December 12 2022,Health,1066.0,Gift
12/07/2021,Saalry,64778.0,Gift cash
06-12-21,Others,,Grocery shopping
11-05-22,Travel,160.0,Grocery shopping
08/08/2020,Bonus,69188.0,Course fee
02-11-22,Salary,67228.0,Gift
February 09 2021,Reent,508.0,Doctor visit via app
01/20/2022,Utilities,320.0,Dinner at resto
16-04-21,Rent,101.0,Doctor visit
August 14 2019,Rent,200.0,Netflix subscription
05-06-19,Food,4609.0,Course fee
02/01/2020,Utilities,4143.0,Course fee
09/13/2020,Entertainment,1315.0,Grocery shopping cash
07/21/2021,Rent,1180.0,66FhDmCbTd7UOv
05-08-19,Utilities,821.0,Salary
12/04/2019,Rent,169.0,Dinner at resto
02-02-19,Food,194.0,Course fee
2022-06-11,Others,793.0,Paid electricity bill
05/15/2021,Travel,,Grocery shopping
2021-11-14,Bonus,61119.0,Netflix subscription late
2019-06-25,Food,839.0,Uber to office cash
2021-08-22,Travel,56.0,Paid electricity bill
14-06-21,Food,1278.0,Doctor visit 
02/03/2020,Food,300.0,Course fee
11/01/2019,Bonus,78061.0,zoIgVG3BPkVVydW14NQ
2022-07-13,Salary,51736.0,Doctor visit 
2022-04-06,Food,1256.0,Gift late
2019-11-30,Entertainment,50.0,Gift 
September 20 2019,Food,77.0,Doctor visit
09-07-22,Food,767.0,Salary
06/27/2021,Rent,3471.0,Salary
2021-06-15,Rent,819.0,Course fee via app
03/19/2021,Food,171.0,Gift
March 04 2021,Salary,53293.0,Grocery shopping
2021-08-25,Other Income,68686.0,Paid electricity bill
04-07-20,Travel,504.0,Grocery shopping
26-11-19,Food,1151.0,Grocery shopping
04/20/2019,Others,678.0,Uber to office
13-01-20,Entertainment,1453.0,Uber to office
02/20/2021,Utilities,540.0,Netflix subscription
22-12-20,Rent,315.0,Doctor visit late
2019-02-08,Rent,67.0,Grocery shopping
2022-05-04,Salary,63727.0,Course fee
2020-01-10,Rent,1453.0,Uber to office via app
04/09/2021,Utilities,364.0,Netflix subscription 
2020-02-16,Others,597.0,Paid electricity bill
January 25 2020,Salary,60702.0,Dinner at resto
2020-11-20,Food,6041.0,Dinner at resto late
2022-10-14,Food,240.0,Dinner at resto
11-02-21,Salary,24261.0,Doctor visit
August 17 2020,Rent,834.0,Netflix subscription cash
July 13 2020,Food,2137.0,Netflix subscription
2021-11-02,Utilities,922.0,Course fee late
05/15/2021,Rent,650.0,Netflix subscription via app
June 14 2021,Entertainment,122.0,Netflix subscription late
August 10 2021,Rent,400.0,Dinner at resto
02-11-20,Utilitiees,206.0,Gift
14-08-20,Food,47.0,Dinner at resto
02/11/2020,Others,1249.0,Gift
05/23/2022,Food,271.0,Gift
25-02-19,Food,5812.0,Grocery shopping
2020-07-12,Rent,153.0,Paid electricity bill
13-01-22,Food,1079.0,Uber to office 
2020-11-07,Bonus,56807.0,Grocery shopping
01/17/2019,Utilities,557.0,Doctor visit
01/07/2021,Food,741.0,Course fee via app
05/01/2020,Food,116.0,Uber to office
2020-01-23,Food,2080.0,NbNChZTW
10/01/2022,Bonus,79896.0,Paid electricity bill late
04/29/2022,Entertainment,205.0,Grocery shopping
2021-09-20,Utilities,186.0,uk4BoG0Y
2020-09-20,Rent,179.0,Gift
03/26/2020,Utilities,2054.0,Monthly rent
04/17/2020,Others,50.0,Dinner at resto
02/22/2022,Food,38.0,Monthly rent
07/01/2020,Utilities,674.0,Monthly rent
2021-12-31,Travel,166.0,dws03plBmsTUmzWQ4
29-04-21,Bonus,48831.0,Course fee
04/08/2022,Travel,431.0,Netflix subscription
08-01-21,Food,471.0,Netflix subscription
15-06-19,Utilities,1334.0,Course fee
26-05-21,Rent,596.0,Monthly rent via app
03/28/2021,Utilities,309.0,Monthly rent
28-03-22,Utilities,308.0,Monthly rent
October 18 2020,Rent,3004.0,Monthly rent
05-01-21,nEtertainment,135.0,Paid electricity bill
2019-12-16,Utilities,4925.0,Salary late
19-01-19,Education,609.0,Uber to office
February 20 2021,Others,443.0,Course fee
12/24/2021,Rent,913.0,Monthly rent 
08/15/2019,Salary,69839.0,Grocery shopping
2021-07-02,Food,12114.0,Salary via app
13-01-22,Others,895.0,Grocery shopping
September 22 2021,Rent,269.0,uc9tyPnPEKEl
June 04 2021,Utilities,141.0,Course fee via app
October 07 2020,Retn,810.0,xgzANZGXGWv3diPav
2020-11-03,oBnus,62310.0,Paid electricity bill 
08/11/2019,Rent,472.0,Course fee 
04/01/2019,Rent,598.0,l6DnnHuhZZdz4tDsYAC
03/22/2022,Food,355.0,Gift
02-02-20,Rent,1151.0,Monthly rent
March 20 2020,Rent,1102.0,Course fee
01/28/2022,Other Income,,IfopdvYk7iv9qEhyg
05/12/2021,Food,1025.0,Dinner at resto
2022-07-01,Travel,1027.0,y3JU3FKyHuHR5qUX3MXi
01/17/2022,Rent,101.0,Monthly rent
,Others,188.0,Netflix subscription
,Rent,1111.0,Monthly rent
25-04-19,Utilities,111.0,Uber to office
27-02-21,Travel,2063.0,Doctor visit
2021-11-18,Travel,118.0,Monthly rent
2021-01-09,Other Income,59168.0,Uber to office
09-12-20,Utilities,310.0,Grocery shopping
January 18 2022,Utilities,305.0,Paid electricity bill
2021-07-16,Utilities,1255.0,Doctor visit
12-11-19,Food,199.0,Doctor visit
13-10-20,Food,76.0,Paid electricity bill
12-06-19,Rent,1065.0,Monthly rent 
March 19 2020,Utilities,314.0,Course fee
2020-06-21,Food,760.0,Uber to office cash
May 06 2019,Food,166.0,Paid electricity bill late
2019-02-18,Entertainment,4350.0,Course fee 
07-11-20,Food,202.0,Salary 
12-05-22,Rent,336.0,Uber to office late
2022-05-26,Food,,Course fee late
12/23/2019,Utilities,103.0,Uber to office
08-02-21,Bonus,51154.0,Doctor visit
23-09-21,Other Income,56983.0,Dinner at resto
09/02/2022,Savings,387.0,Course fee
2020-10-23,Food,517.0,Grocery shopping via app
12/16/2020,Utilities,173.0,Doctor visit via app
2019-11-01,Salary,56686.0,Paid electricity bill
25-09-19,Others,531.0,Monthly rent
December 19 2019,Food,303.0,Paid electricity bill cash
2020-07-20,Utilities,310.0,sDUschT0
2020-03-21,Education,,Netflix subscription
07-02-20,Rent,,Grocery shopping
27-10-20,Foodd,468.0,Course fee
08/29/2019,Rent,432.0,Dinner at resto late
2022-08-04,Travel,205.0,Course fee 
April 20 2020,Other Income,48014.0,Paid electricity bill cash
December 07 2019,Rent,415.0,Salary
12-06-21,Rent,321.0,Paid electricity bill 
06/16/2020,Saviings,2207.0,Monthly rent cash
06/18/2022,Utilities,889.0,Doctor visit cash
10/14/2019,Food,247.0,Dinner at resto
05-04-19,Rent,152.0,Doctor visit
06/10/2022,Food,42.0,Paid electricity bill
05/17/2021,Food,1885.0,Grocery shopping
05-08-19,Other Income,71434.0,Monthly rent cash
2019-05-09,Savings,460.0,Salary late
,Rent,49.0,Salary
,Rent,178.0,SdMOUZtdY1EsDv
2022-08-03,Bonus,50399.0,Gift cash
October 23 2021,Others,112.0,Paid electricity bill
2022-11-23,Food,4731.0,Dinner at resto
2019-09-27,Salary,81455.0,Monthly rent
2020-03-19,Food,617.0,Gift
2021-11-28,Bonus,55372.0,Course fee
October 20 2022,Entertainment,494.0,Paid electricity bill via app
05-06-21,Travel,399.0,Gift via app
2020-06-11,Entertainment,550.0,Uber to office
October 06 2020,Education,438.0,Netflix subscription 
2020-09-29,Entertainment,1292.0,Uber to office
22-06-21,Food,588.0,Uber to office
2020-06-16,Others,509.0,Dinner at resto late
December 11 2019,FFood,238.0,HLuHPmBO0XcSzjN
03/21/2020,Utilities,120.0,Uber to office
2019-09-22,Rent,1173.0,Paid electricity bill cash
10/29/2019,Travel,873.0,Paid electricity bill
08-03-20,Entertainment,117.0,Gift 
11/16/2022,Rent,387.0,Salary via app
August 23 2022,Rent,237.0,Uber to office via app
03/27/2020,Food,393.0,Grocery shopping
2021-08-17,Boonus,54414.0,Salary
04/30/2022,Food,403.0,Gift
,Travel,100.0,Gift
06/08/2019,Travel,401.0,Uber to office
12/12/2020,Rent,206.0,Course fee via app
2019-05-04,Travel,656.0,Gift
10/25/2021,Bonus,41003.0,Grocery shopping via app
2019-04-22,Entertainment,411.0,Salary
March 29 2020,Others,1187.0,Monthly rent
04/09/2022,Rent,3213.0,Gift cash
02/17/2021,Rent,155.0,Salary
08-05-19,Travel,53.0,n2MwVkgrpTYRwv
03/30/2022,Travel,327.0,Uber to office
2022-08-08,Travel,3430.0,Salary
2020-03-01,Entertainment,274.0,Netflix subscription
2020-07-30,Utilities,218.0,Course fee
2022-04-05,Entertainment,166.0,esWKzPDJ6
07-01-21,Bonus,80430.0,Dinner at resto
October 16 2019,Rent,764.0,Uber to office cash
30-11-19,Rent,543.0,Paid electricity bill
06/07/2020,Savings,1675.0,Dinner at resto
April 29 2022,Food,665.0,Monthly rent late
2021-01-06,Rent,893.0,Dinner at resto
04/15/2021,Rent,1457.0,Dinner at resto
07/09/2021,Entertainment,86.0,6FpRAkgywbOU1lx
12/11/2020,Rent,458.0,Paid electricity bill
2021-09-10,Food,537.0,Netflix subscription
12-10-20,Utilities,1184.0,Netflix subscription
2020-04-01,Foood,102.0,Course fee
2020-03-30,Utilities,155.0,Grocery shopping cash
2019-11-04,Bonus,58310.0,Paid electricity bill
2020-09-02,Enntertainment,578.0,Doctor visit
July 21 2019,Education,378.0,Paid electricity bill 
February 27 2019,Others,258.0,Uber to office
2021-10-16,Bonus,56334.0,Salary
April 20 2020,Other Income,48014.0,Paid electricity bill cash
06-03-20,Rent,217.0,Course fee cash
09/06/2021,Other Income,81520.0,Monthly rent
2019-03-10,Travel,626.0,UeVn2LUN7vJA
04/30/2021,Education,152.0,Monthly rent
05/28/2022,Health,226.0,Monthly rent
2021-09-11,Health,436.0,Paid electricity bill
2021-08-15,Health,217.0,Grocery shopping via app
09-09-21,Food,368.0,Dinner at resto
2019-10-25,Travel,282.0,Grocery shopping
10/09/2021,Entertainment,1725.0,Doctor visit
2021-09-11,Rnt,900.0,Monthly rent cash
2021-01-05,Savings,3532.0,Dinner at resto
28-04-20,Savings,52.0,Dinner at resto
04/27/2019,Entertainment,39.0,Course fee
2022-06-14,ent,490.0,Netflix subscription
2021-05-09,Entertainment,1502.0,Course fee
08/02/2022,Food,279.0,Dinner at resto
,Food,162.0,Salary
2021-04-16,Salary,54869.0,Gift
09/16/2022,Entertainment,595.0,Dinner at resto
December 06 2021,Rent,39.0,Monthly rent
09/27/2022,Travel,551.0,JdrONR1ieKzp0w
August 15 2022,Travel,19.0,jWCa7A0dHlmHHo66ahtx
11/19/2019,Utilities,716.0,Uber to office
07/05/2022,Rent,78.0,Doctor visit
2022-03-14,Savings,455.0,Salary
2022-12-24,Rent,151.0,Gift
27-04-20,Fod,2354.0,O3eH0coIhLjF
2020-02-08,Rent,154.0,Paid electricity bill
2020-05-13,Entertainment,284.0,Salary
02-02-19,Others,190.0,Uber to office
September 22 2020,Bonus,61000.0,Paid electricity bill
2021-02-10,Travel,824.0,Salary via app
01/31/2019,Travel,1497.0,Monthly rent
2022-01-22,Travel,771.0,oObrvz04wy7
2021-07-17,Utilities,2079.0,Gift
09/28/2020,Others,124.0,Course fee
24-05-20,Food,572.0,Course fee late
,Others,840.0,Uber to office
2019-10-13,Rent,780.0,Uber to office
2019-09-17,Food,408.0,Grocery shopping
01/20/2020,Travel,155.0,Doctor visit cash
31-10-21,Slaary,65044.0,Doctor visit
2021-12-11,avings,3624.0,Netflix subscription
2020-07-09,Food,2083.0,Doctor visit
April 09 2020,Food,997.0,Uber to office
17-09-22,Travel,802.0,Paid electricity bill
December 12 2020,Travel,394.0,umDAoU0g
18-08-20,Travel,2130.0,Grocery shopping late
2019-12-10,Bonus,49365.0,Gift cash
10/05/2022,Travel,266.0,Netflix subscription
2022-03-27,Rennt,2818.0,Dinner at resto
2022-05-12,Travel,697.0,Paid electricity bill cash
02/06/2021,Utilities,148.0,Netflix subscription
02/06/2020,Savings,458.0,Dinner at resto
2022-05-20,Food,290.0,Grocery shopping
13-01-20,Food,16571.0,Gift late
December 13 2021,Food,55.0,Monthly rent
21-03-21,Entertainment,113.0,Dinner at resto 
November 26 2019,Food,11485.0,Dinner at resto late
07-12-20,Utilities,203.0,Gift
01/27/2019,Rent,309.0,Doctor visit
2022-01-13,Food,2121.0,Paid electricity bill
2021-06-25,Education,396.0,mxM7bHfMx
2020-05-30,Food,80.0,Netflix subscription
22-03-20,Salary,86321.0,Dinner at resto
05/12/2019,Entertainment,430.0,Dinner at resto
20-12-20,Food,822.0,Netflix subscription
09/19/2020,Other Income,70219.0,Uber to office
11/16/2020,Other Icnome,50910.0,Grocery shopping
02-04-22,Education,125.0,Netflix subscription cash
January 26 2022,Bonus,56100.0,Gift
04-02-22,Others,1577.0,snpgCR3eNCCnNGfHoKc
12/07/2019,Rent,811.0,Grocery shopping
2019-10-03,Utilities,160.0,Paid electricity bill
,Utilities,1761.0,Monthly rent
2020-09-19,Rent,619.0,Netflix subscription cash
2019-01-14,Bonus,48964.0,Gift
2019-04-28,Food,876.0,Netflix subscription 
26-01-21,Other Income,40824.0,Grocery shopping
03-02-19,Rent,411.0,Uber to office 
May 25 2019,Education,1365.0,Course fee late
September 09 2020,FFood,48.0,Salary
September 29 2019,Other Income,78330.0,Course fee 
October 03 2021,Rent,530.0,Doctor visit
05/02/2022,Food,128.0,Doctor visit 
07-10-19,Travel,45.0,Paid electricity bill
2019-12-01,Other Income,70334.0,Paid electricity bill
07-03-20,Rent,487.0,Gift
16-06-22,Food,978.0,Dinner at resto
14-04-21,Salary,80778.0,Uber to office
07/27/2022,Travel,216.0,i6S7sewLX
15-09-21,Other Income,40736.0,Salary 
2020-08-11,Food,1571.0,hvjBDRoDLRKhzeiCatw
2021-08-10,Others,131.0,Paid electricity bill
03/23/2022,Food,254.0,Salary
20-03-22,Travel,642.0,Gift
06-12-19,Other Income,29401.0,Grocery shopping
15-07-21,Food,89.0,Grocery shopping
02/09/2021,Rent,166.0,Gift 
2020-11-28,Salary,44829.0,Course fee via app
13-02-20,Others,135.0,Dinner at resto
02-09-19,Salary,28198.0,Dinner at resto
05-05-22,Food,1191.0,Netflix subscription
2022-11-13,Salary,56154.0,Grocery shopping
2022-10-12,Other Income,80256.0,Paid electricity bill
October 25 2021,Food,1469.0,Salary
May 26 2020,Salary,58353.0,Grocery shopping 
2020-03-15,Rent,405.0,Netflix subscription via app
07/26/2019,thers,451.0,Doctor visit
02/03/2020,Other Income,84335.0,Course fee 
07/05/2021,Rent,235.0,Grocery shopping
2020-06-03,Rent,522.0,Grocery shopping
04/17/2022,Bonus,73447.0,Course fee
03/31/2022,Bonus,70493.0,Salary
April 11 2022,Travel,1206.0,Doctor visit
20-01-21,Other Income,56869.0,Course fee via app
January 29 2019,Education,97.0,Monthly rent
November 15 2022,Food,272.0,Netflix subscription cash
19-03-21,Food,163.0,Doctor visit
December 07 2019,Savings,206.0,Grocery shopping
06/02/2020,Entertainment,692.0,vkWeZBZpo8swHiuL0MKO
2021-09-08,Education,39.0,Uber to office
August 07 2021,Bonus,66118.0,QGSZoRuXJ3
December 12 2021,Other Income,72496.0,Grocery shopping via app
06/02/2022,Food,152.0,Course fee
2019-12-08,Rent,1686.0,Salary late
15-05-22,Savings,3255.0,Gift
04/03/2019,Food,3030.0,Salary
2021-02-24,Heealth,,Course fee
01/18/2022,Food,491.0,Gift
07/07/2020,Food,282.0,Monthly rent
26-08-21,Entertainment,619.0,Grocery shopping
30-08-20,Travel,78.0,Paid electricity bill cash
22-04-21,Food,2041.0,Doctor visit
2022-04-21,Food,302.0,Netflix subscription
10-06-21,Rent,142.0,Salary
2020-11-20,Food,155.0,Grocery shopping via app
2022-02-01,Enteertainment,1770.0,Grocery shopping
2021-05-21,Utilities,20.0,Gift via app
12/03/2020,Food,94.0,Paid electricity bill via app
,Entertainment,59.0,Grocery shopping via app
2022-12-19,Utilities,206.0,Paid electricity bill
05/04/2022,Rent,488.0,Doctor visit via app
September 10 2020,Food,485.0,Gift
2020-01-15,Rent,147.0,Gift
11-02-19,Food,,Grocery shopping 
22-04-21,Entertainment,2049.0,Course fee
2022-12-22,Food,858.0,Grocery shopping
2022-11-08,Travel,64.0,Netflix subscription 
09-03-21,Travel,204.0,Uber to office cash
2019-08-24,Food,2405.0,iHBG6efX8afJNQf
28-12-22,Rent,261.0,Dinner at resto 
07/15/2019,Food,770.0,Netflix subscription 
19-08-20,Rent,3689.0,Netflix subscription
March 07 2019,Entertainment,3091.0,Course fee
07/17/2020,Health,60.0,Grocery shopping
29-06-22,Food,340.0,Monthly rent 
26-08-22,Entertainment,540.0,Doctor visit
2019-11-15,Other Income,54209.0,Dinner at resto
20-09-19,Food,163.0,vu36JLrh
17-12-21,Food,499.0,Dinner at resto
2021-09-13,Travel,435.0,Gift via app
04/08/2021,Food,116.0,Grocery shopping late
2022-10-29,Food,133.0,Doctor visit
November 26 2019,Other Income,51362.0,Monthly rent via app
June 12 2021,Savings,314.0,Netflix subscription
November 30 2021,Food,891.0,Gift
14-11-19,Food,548.0,Gift
2022-06-15,Other Income,71486.0,x7SWy2WPYxcprhu
2022-07-04,Education,343.0,Dinner at resto
October 09 2022,Food,75.0,Salary cash
31-10-21,Other Income,65689.0,Gift
02/06/2020,Entertainment,770.0,Grocery shopping
2022-11-01,Entertainment,155.0,Netflix subscription
12/08/2019,Food,344.0,Uber to office
09/29/2020,Entertainment,740.0,Dinner at resto
2022-12-18,Rent,68.0,Netflix subscription
2022-01-07,Food,1615.0,Salary
June 03 2020,Food,692.0,Dinner at resto
11/13/2021,Food,354.0,Uber to office
09-07-20,Savings,171.0,Dinner at resto
02-02-19,Bonus,39942.0,Doctor visit
2022-09-10,Utilities,262.0,Gift
09-08-22,Food,164.0,Grocery shopping
10/01/2021,Rent,367.0,Doctor visit cash
2019-09-07,Rent,428.0,Uber to office 
07/11/2020,Fodo,999999.0,Uber to office cash
2020-08-13,Rent,243.0,Dinner at resto
10/24/2019,Other Income,49353.0,Uber to office late
2021-04-28,Travel,2188.0,Monthly rent
07/12/2022,Food,2573.0,Netflix subscription
2019-01-31,Other Income,69762.0,Uber to office cash
01/05/2021,Travel,97.0,Netflix subscription
02/03/2021,Food,561.0,Gift
2020-10-09,Utilities,701.0,Doctor visit
09-04-20,Others,458.0,Salary
,Food,191.0,Course fee
2020-06-28,Savings,1731.0,Grocery shopping
2021-04-28,Food,15.0,Monthly rent via app
August 27 2019,Rent,229.0,Uber to office
,Food,890.0,Uber to office via app
28-09-22,Bonus,43505.0,Course fee
09-05-22,Entertainment,511.0,Monthly rent
2022-08-03,Bonus,50399.0,Gift cash
,Salary,73924.0,Course fee
December 14 2022,Food,21.0,Netflix subscription
November 23 2021,Entertainment,6087.0,Monthly rent
13-03-22,Other Income,54120.0,Netflix subscription
2022-09-05,Food,605.0,Dinner at resto late
06/23/2020,Rent,117.0,Salary cash
11/13/2020,Food,-746.0,Monthly rent
07/14/2019,Food,233.0,iXgyuylgSkf
2022-09-14,Salary,65606.0,Doctor visit
01/27/2019,Rent,5000.0,Uber to office
04-05-20,Travel,244.0,Doctor visit
07-05-19,Bonus,68185.0,Course fee late
April 01 2022,Other Income,48377.0,Paid electricity bill via app
04/06/2021,Entertainment,907.0,Paid electricity bill
2020-11-26,Bonus,41381.0,Netflix subscription 
June 20 2020,Utilities,375.0,Uber to office
06/18/2020,Salary,49076.0,Netflix subscription
05/11/2021,Food,1126.0,Paid electricity bill
04-05-20,Saings,210.0,Salary 
20/11/20,Utilities,1971.0,Uber to office
10/01/2019,Bonus,74323.0,Doctor visit
05/06/2019,Food,118.0,Salary via app
25-04-20,Rent,122.0,Paid electricity bill
2019-08-07,Food,2370.0,Salary
June 16 2021,Food,1644.0,Doctor visit cash
2019-05-26,Food,561.0,Paid electricity bill cash
07/08/2021,Entertainment,178.0,Salary
2021-02-27,Utilities,1126.0,Netflix subscription
2021-01-23,Salary,59397.0,Netflix subscription via app
18-11-22,Salray,48170.0,Gift via app
2020-02-08,Travel,845.0,Course fee
07/17/2019,Food,504.0,xopbxsPp
07/04/2022,Travel,540.0,Dinner at resto
09/19/2020,Rent,1733.0,Grocery shopping late
06/10/2020,Entertainment,158.0,Salary
January 16 2020,Utilities,278.0,Doctor visit
02-05-21,Health,80.0,Netflix subscription
2021-04-12,Entertainment,1324.0,Netflix subscription
2021-11-02,Utilities,493.0,Gift
2020-08-29,Rent,194.0,Paid electricity bill
17-11-22,Entertainment,133.0,Grocery shopping 
01/27/2022,Other Income,52674.0,Course fee cash
August 09 2019,Travel,833.0,Gift late
01/19/2022,FFood,476.0,Paid electricity bill
2020-08-05,Utilities,773.0,Dinner at resto
12/24/2020,Entertainment,103.0,Monthly rent
2021-12-03,Rent,279.0,Netflix subscription
June 15 2019,Food,470.0,Uber to office
01/11/2022,Food,432.0,Aw5aDyInfbtc9hQta
2022-12-17,Food,84.0,Doctor visit
07/10/2021,Rent,892.0,Dinner at resto 
,Rent,229.0,Doctor visit
